review_id,business_id,user_id,stars,date,text,useful,funny,cool
M5QTXCgxi6yGHnrODtmqsw,OcrcitVhcUKR11Rr4GCrCw,EryvaUTsMnk26eiauFWapQ,5.0,2017-12-29 23:15:55,"Was on a mission trying to find the perfect coat for the Holidays. Found my idea of the perfect coat at Burlington but they did not have my size. Went to Target, bought a coat but ended up taking it bath. Was not my dream coat. Next stop Ross. The only coat in my size was a beautiful Bomber style jacket made of pleather. Bought it right before Christmas. Now it's a few days after Christmas and my husband Guy points out to me that the coat is really wrinkled. I go on line and look up every possible hack to get wrinkles out of pleather. They all fail miserably. I just went back to Ross with that coat, no receipt, no tags and asked to speak to the manager. The manager is a young male with dark hair and black framed glasses. I tell him of my plight. He literally says go find what you need, no problem. WOW! You won't believe it, but there was my Camouflage coat, in my size, hanging there waiting for me. Oh the irony! They exchanged my coat and after all that I ended up with my Dream coat after all. Thank you Ross Dress for Less. You will forever be my first choice for now on!",1,0,1
rknc50qaWzqlAHv3yHfSfA,OcrcitVhcUKR11Rr4GCrCw,53ExUFCVkGlmSEx6vr1V3A,2.0,2012-03-01 21:04:32,"I'm all about the bargains, but, can someone PLEASE clean the door handles???  I walked in at 10am this morning-the door handles on their double entrance doors and the door frame area around the handles were FILTHY!!!   I couldn't wait to clean my hands after being in this store-and it should NOT be that way.   No excuse, all the staff were standing around talking.    People, take some pride, huh, what about it???",0,0,0
HB_xCzE-T6nraMyrE3qQig,stiI0Uob68223WrbjyIySw,Um5bfs5DH6eizgjH3xZsvg,4.0,2014-08-25 00:28:39,"I love shopping at Ross Stores. I stop at every one I come across. Yes, much of the merchandise is the same, but once in a while, you find a gem. It really is a treasure hunt.   They carry a selection of ""as seen on Tv"" stuff, a slew of Jr's clothing, a decent selection of ladies and missy, but they generally fail at plus, men's and petite.  These markets are woefully represented. Sure they have a men's section, but looking through the stuff, it's crappy t shirts and fubu jeans. Hardly anything the men in my life would wear.  This particular store's selection of lingerie/under garments is sad. They don't have a good variety of lingerie other than bras and panties.  Their home goods is very nicely situated as are their bed and bath items ... and their shoes!! My goodnes, their shoes are to die for!  One rhing I've noticed recently is that they are carrying many more high end designers: Michael Kors, Calvin Klein, and others at decent prices. So it does pay to shop at Ross.",2,1,1
kWY4Ymj11Y3N9qbIVSPdtg,OcrcitVhcUKR11Rr4GCrCw,oNk4xC_a5Yjd1aINcy1DSA,4.0,2018-03-16 22:26:13,"Maybe my favorite location to visit at least once a week, especially when on this side of town. Their selection is random but unlike most other locations this one usually have items in my size especially shoes and sometimes hats but most of all its all about the ""Selections"" that draw me here. So I suggest you make a stop if you have the time.   One thing I learned about shopping at Ross, if you see something you like buy it. Don't wait, because it may not be there next time.",0,0,0
BNtyscZwQCrEnMEgjbx0mA,OcrcitVhcUKR11Rr4GCrCw,KZYfKyOIwcsDNHGJF0OHCw,4.0,2017-07-09 00:37:10,I love this store. I can find everything I need at this location!  Added 7/8/'17: My son lost over 50 pounds and we were able to outfield him with new clothes for his new figure for very little money. Yeah hey Ross‼,0,0,1
kHKt_XoC6bXtqPm4jjsRbQ,OcrcitVhcUKR11Rr4GCrCw,5hj10ibSwPLUEkqKqaSSSQ,2.0,2013-05-10 22:53:35,"I have to agree with all the posts about the security at Ross (all Ross stores now).  It's one thing to have loss prevention staff to help your business save money, but over-aggressive, watch every move you make security staff are intrusive and rude.  I don't think I look like your typical shoplifter (maybe I do?? LOL), and the day I shopped for almost two hours I spent over $225.  I caught the security guy watching me several times.  It is creepy and makes someone want to go somewhere they can shop in peace.  I've worked retail.  I know you have to be aware of the shoppers, but come on, you're not a detective in hot pursuit of a hardened criminal.  At another Ross store, I (not willingly) overheard the security guard, a clerk, and what I think might have been a manager (!) flirting and talking about some really personal things LOUDLY.  Not cool.   And to Meg Z. (another Yelper who posted here), it most certainly is the clerk's job to remove the paper filling from a bag you purchase because she is supposed to be checking that no one put anything in there with intent to steal it.  You're right to be pissed about it because if the alarm had sounded at the door, you would have been blamed for sticking something in the purse you bought.",0,0,0
e22cX-_NYVYPqdMK1ALY_w,OcrcitVhcUKR11Rr4GCrCw,puToOfvg1Vzfbyp3ATKRjQ,2.0,2009-04-09 00:09:02,"My two teenage girls love this store. I finally figured out why! You can buy a POS shirt and then just throw it away! They can wear a new shirt everyday! Considering they fall apart after one wearing or at least one washing. The few things I have bought for myself have gone to crap after two wearings and never quite get thier shape back after washing. It is a fun place to people watch though. I actually saw two older ladies fighting over a nightgown. Now you can't beat that!!  The staff is too rude for words. One commented on a tattoo I have and then had the nerve to ask me how much I paid. Shocked, I actually answered her. Then she proceeded to tell me that I paid too much for crappy work! WTF?? Will never go back!",0,2,0
IpvwBVn18Jcalt30WD7mYw,X0k5QSscuvmkJ4KSg_FRvw,K4l-QrTWeAjb5xOXd81iGw,2.0,2014-06-14 12:10:22,"This has to be the worst Ross I have ever been to.  It is a mess, everything is torn up...laying in isles, mismatched stuff on shelves.  Nothing makes sense in here it's organized like a landfill.  You can probably still find a deal in here, but it's gonna take all day wandering around.  Why do the ""loss Prevention"" guys wear a jacket marked loss prevention?? That seems pretty stupid.",1,0,0
qZXmAwLUjYKmjLaQ6OZc8w,X0k5QSscuvmkJ4KSg_FRvw,Um5bfs5DH6eizgjH3xZsvg,3.0,2014-12-18 21:52:02,"Contrary to other reviews, this is NOT the worst Ross out there. Sure it has it's issues, and yes, like any other major discount retailers, the clothing is a bit jumbled and discombobulated. But for the most part it's an OK shopping experience.   The Loss Prevention person hangs out near the door, is more like a Walmart greeter, if you ask me. Yes, their presence is seen, but what do they actually do? Not a lot, really. Nothing they CAN do, honestly.  Since the holiday hours have been extended, they're currently open til 12:30 am or 1:30 am on any given night. This means, no long waiting lines to check out.   Heck! I walked away with 4 new dresses last night, all of them looked great.  I'll continue to shop here when I can!",1,1,2
2cTFWHtfVe4PAYTinjyqkg,hPf3hARxhNNqajMo7aoKrg,TBKoi6jgdapf0m49rrAhBQ,1.0,2018-04-21 23:22:14,Terrible worker lady running around putting clothes back on racks was extremely rude. Practically knocking into me as I was trying to look at items on a rack .  She never said excuse me or apologized.  Then she was banging on all the dressing room doors asking abruptly if everyone had a number for their items.  Seems they are in need of some customer service training.,0,0,0
GPlTFWSWjvi2hhwkq4NC2w,OcrcitVhcUKR11Rr4GCrCw,3FQu1N5o6ebrWvJ3VBdnnA,2.0,2015-01-22 13:43:18,I came in to try to exchange some slippers that I got for Christmas that were the wrong size. The selection of slippers was almost non existent! I really needed new slippers so I really did not look at anything else.   When I went to return them since they had been bought with a charge card I had to either take a store credit or put it on my card. I would have rather had cash but oh well.  The employees that I dealt with were nice and the store was clean. This store has always felt like a thrift store to me.,2,0,2
j0uKGwhDujhzWxOW0SlXBA,OcrcitVhcUKR11Rr4GCrCw,Eu2ZF4E8kibrGs8YSUTJXg,4.0,2018-09-15 20:18:40,"This Ross is located in a good location. Service is friendly, but lines are long at times. Not a huge selection of WOMANS clothing. I shop here only if I have an hour to browse. Usually I only leave with one item. Today I walked in and stood in return line. I had my daughter hold my spot. I was browsing the items they keep up front and was asked twice if I had a return. I said yes and they told me I needed to stand in the return line. I told them my daughter was holding my spot and I was browsing. They should consider moving this stuff back from the lines so people could look.",0,0,0
_POzqonD8YiYwhBiGaoVWA,hPf3hARxhNNqajMo7aoKrg,--dVKamoZnV2vYwKtWMVVA,3.0,2014-09-29 23:30:40,"This place is alright, but given the closeout nature of the business, merchandise is never the same. Sometimes you'll find something great, and other times it will be complete junk. You have to shop carefully as not everything is a bargain. Decent prices all around though.   I would rate Ross higher, but the store always seems way understocked, and the cashier (cashiers if you are lucky) move as slow as molasses and never seem overly friendly (Ross doesn't pay too well from what I understand). It doesn't matter when you come, you will always be waiting in line at least 10 minutes. I always laugh that they have 6 or so registers but the most I have ever seen open is two.",0,0,0
cBZNEAVfryclfq_cYXVWFA,OcrcitVhcUKR11Rr4GCrCw,QDejMpZPkEpVo9mwHrcTHw,3.0,2012-12-05 22:08:55,Nothing special and not a large selection.  The creepy security guy at the door is a little scary but maybe he provides deterrence value.,0,1,0
Q5nabCnHITcdk4ojKST4Kg,OcrcitVhcUKR11Rr4GCrCw,vL4NVHcolckP-ETkAypPxw,2.0,2008-12-23 22:39:34,"I always shop at Ross Stores. The price is right and you can always find what you're looking for. However, one day I went in to purchase a new purse. At the cash wrap, I asked the cashier to remove the stuffing in the purse. She said, ""Oh no, you can do that. That's not my job."" What an asshole. Just that one comment is enough to make me never go back.",0,1,0
NiIdRFBaIW3PdOqUOrFGmw,OcrcitVhcUKR11Rr4GCrCw,NHchVEq-wZW6h4d41f34dw,4.0,2018-02-27 21:38:01,"My husband and I go here quite often. Too often that even the security guards know us now. The selection is pretty good. If you just moved out and need kitchen tools, this is a great place to go for a fraction of the price you get in other stores.  The lines can get pretty long, so give yourself some time if you're going here.  Other than that, this place is pretty much self explanatory. Quality items for less",1,0,1
UOV20W8b4Lmclj_PODUGRg,OcrcitVhcUKR11Rr4GCrCw,clSFwZpXYyN2v2KTGgearA,2.0,2018-09-08 01:06:24,"This Ross is in a convenient location close to many other stores and restaurants in Reno. Today I went in and noticed that maybe they recently re-stocked since there was a good variety in items. I bought three items and the associate that rang me up was having a side conversation with another associate. The focus she had on speaking with the other person unfortunately allowed her to open up the transaction with a greeting as well as asking if I had found everything I needed. I honestly am not one for small talk, so I didn't mind too much, however it's just one of those things you already expect as a courtesy. It wasn't until I got home and realized she failed to put one of the items I paid for in the bag. I called right away and another associate answered and took care of me over the phone. She also checked to see if I could go to another location closer to my home to get the item but they said no because it's a security measure. As nice as she was over the phone and let me know my item would be ready for me to pick up within 30 days there really was no accountability for the store or her co-workers' mistake.",0,0,0
BScyC23NhONk1qe2N137yg,OcrcitVhcUKR11Rr4GCrCw,V2__oIIoNuhoPQZcbeoO9Q,4.0,2016-08-09 01:33:43,"Ross is amazing. This is the best Ross in Reno. It's clean. The sales associates are nice. This is the only place I can find clothing I like. They have other things besides women's clothing.  They hand clothes for all ages, Shoes, toys, kitchen gadgets, and more.... They have a return policy here to if that is something your in need of. I know some store do not have return policies.   They have dressing room to try clothing on!!! Alway a bonus. They are located right off the freeway which is convenient!  Their park lot space however are small. But I don't think they have much control over that.",2,0,2
d792_qa8zzig5-59GwBXEg,OcrcitVhcUKR11Rr4GCrCw,1K5Z0pv-Q2_ZRrlNmVBJPw,1.0,2017-01-11 03:57:00,"There is very little merchandise to select from.  The wait for the sole cashier was very long.  I was jostled and pushed around on the line by a huge, inattentive mother with several unruly and spoiled kids...then when I asked the older female cashier why such a long wait, I was told no $ for payroll hence no workers.  wth,  give me break from this place.  Maybe there will be more stock and more than one cashier next time.  Wait it out to avoid,a headache..",0,0,0
5aOF4xgt_uvk_4iNAuFqrA,X0k5QSscuvmkJ4KSg_FRvw,JRnJvyx_FpvWMWWKic8arg,4.0,2016-04-21 12:11:03,I tend to find myself shopping at Ross weekly & always find (something ). Prices are great!  Store can be a little messy at times due to customers but their customer service & staff makes up for it! Surprisingly this location has long hours & is always busy. So if your in the area I do definitely recommend them. Why 4 stars & not 5? Well because they only have 1 restroom available towards the back of the store by the fitting room. 1 bathroom really? ! There's definitely room for improvement in the hardware of the shelf display- bathroom condition  (need baby station). Again it's Ross! Great deals - good & speedy - accurate checkout.,0,0,0
iC4HpBh34eSvcRQEdDhRQA,OcrcitVhcUKR11Rr4GCrCw,eSlOI3GhroEtcbaD_nFXJQ,3.0,2014-03-09 20:51:23,"It's a typical Ross store, though a little smaller and not as much selection as other stores that I've been in.  The prices are about the same as other stores too.",2,1,1
ufUkOuqRdH0zV-IIrh6O0w,X0k5QSscuvmkJ4KSg_FRvw,BKoMwaHeuC9EayXVezWMug,1.0,2017-05-21 12:33:38,"Somehow, one of the items I was returning loss it's tag, and I must return it. A cashier that was very rude checked my receipt, and said it was not sold at the store. This was odd, as I bought this item with other clothing, which were validated. I was not expecting this much horrible service. Heck, I might not even go to this place again!",0,0,0
f4p2rFQIVznC3wHW52f4ow,hPf3hARxhNNqajMo7aoKrg,vYKi1_XGzii4qXODun7_ew,4.0,2017-03-25 11:12:32,Beautiful selection of purses and shoes! Shoes in all sections were great and prices were indeed low. I think I found something I loved in every section in the store. Employees didn't seem to care too much on anything but getting out the store.. but that didn't help or harm my visit too much.,0,0,0
rGUqMoNWPLOOHEOgbIerqA,stiI0Uob68223WrbjyIySw,dvR8BvIZHRcxwPLN150Q-A,1.0,2017-11-26 00:04:34,Horrible customer service... there's always 1 cashier and the manager talking on the phone! They need to get it together! There's nice things here but 10 customers in line and 1 person taking returns and purchases is very annoying.... Dondenna is the worst there besides being super slow!,0,0,0
p1E-ANNBP6j7VSrHXHEuRw,OcrcitVhcUKR11Rr4GCrCw,A_Zqd-Ktry5Lo7tU3eobcA,4.0,2012-10-24 19:30:52,"I enjoy shopping at Ross because the prices are very good, but sometimes the selection is not the best. This time all thhe racks were full and they had a nice selection. Also you must come in often t see what they have, as it changes each week.  This Ross was very clean and the staff was friendly. I was greeted  by the cashier, who was helping someone, when i walked in. Also she said thanks for coming in when I left, even though I did not buy anything. Again she was with someone at her register.  The only thing that bothered my a bit, but I understand why, was when I was looking at wallets. The ""Loss Prevention"" guy was watching me very close. I know it could be easy to steel a wallet, but he could have been more discreet about whatching me.",0,0,0
aPOzJDZwwf_S47fPU2amDw,hPf3hARxhNNqajMo7aoKrg,6YdWFMxTJL-_JqpXoxDJBw,1.0,2018-09-19 16:49:32,Terrible dressing room scenario.  Too long a line and a wait.  Never coming back to this store!,0,0,0
8Gynp0qr2IiINjNz23gNXw,stiI0Uob68223WrbjyIySw,R_4_54lqgTEkap-mFXPr9w,1.0,2018-01-06 23:00:45,"I cashier in the entire store, nobody doing returns at 5:59 on a Friday evening. Unbelievable!! Talk about great service",1,0,0
W97MQiswB_3Yecnl02Wqew,X0k5QSscuvmkJ4KSg_FRvw,sjseWUSddAXs5gjSb0Omjw,1.0,2013-01-08 06:39:39,"This is an awful awful store. Normally, I would write out a long thoughtful review and attempt to highlight both the good and the bad. There is absolutely no point in doing that for this store. The store is dirty, customer service is horrible, and the items, what little they have, are nothing that you can not find at a better store.  Stay away from this store. There are far better shops you can spend your money at",1,0,0
fNqLm2wVOBc3L2z8UO7THQ,hPf3hARxhNNqajMo7aoKrg,RMrWegRjr3gn_g7fOLxHRA,4.0,2012-07-12 19:33:04,"Check this out -   Ross secretly has some cool stuff. Yes, I know it's depressing, and it looks like a gutted warehouse someone through racks of clothes in, and the shoes are also unorganized and some of their clothes looks like a granny, not an almost 24 yr old, would wear it.   All of that aside, I scored some SWEET dresses here for $13 each this past weekend. Don't brush them off. Check here first before dropping bigger bucks at those other stores.",2,1,0
7KC2-jjYrH96pHp62w3LAA,OcrcitVhcUKR11Rr4GCrCw,UPrY6IEGG1qRZhqRLDkb9Q,4.0,2014-06-27 03:00:58,"I feel like Ross is a hit or miss store. Some Ross' I've been to have the chaos of a thrift store and others have the appeal of a department store. I think my reason, for shopping at Ross, is the same as everyone else's: the prices! You can get affordable, cute clothing, shoes and accessories for the home, at half the price of many places. I came here, most recently, in search of a dress. The store was clean and very well organized. Most sizes were all in their right locations. I found a ton of dresses, I loved, in just a matter of minutes and of course, I wanted to try them on! They have a ton of changing rooms, for both the men and women, which makes shopping all that much easier. They have a pretty large variety of stuff, in all their departments, but it is the luck of the find, as it is at many stores. Their children's section was wonderful! I found a bunch of Carter's stuff, at a third of the price it would be at a couple of the other stores I shop at, for kid's clothing. They had a clearance section with things marked down to just a couple dollars. Their home section is cute. I love their wall art. If you're looking to spice up a bland wall, for cheap, this is a great place to go! They had two cashiers working and even though there was a bit of a line, they busted everyone out in no time! The cashier, who rang me up, was polite and quick. The loss prevention guard, standing at the front door, seemed like he worked more as a greeter but he was kind and sociable as we were on our way in and out of the store. It turns out the dress, I purchased, had a tear in it and upon asking if I could return it, they were polite and helpful, as they answered my questions! I think this Ross store is very well-ran! I'll be back, that's for sure!",5,1,2
gTupq7e3Zu2PWcKrfbYkWw,X0k5QSscuvmkJ4KSg_FRvw,XHRUh1t8fAFx8Ik_3Kx1WQ,4.0,2017-06-05 02:10:15,"My cousin was in town for an event and needed a formal dress at the last minute.  I didn't expect to find anything in Ross, but they had what she needed, in the right color, for $30. I found a neat little painting for under $10.   In general Ross isn't the most organized store, but you can find great designer items at a really good price.  Come prepared for a scavenger hunt, but if you have the patience, it might be worthwhile.",0,0,1
WDx39niU60CXaUSOP58bNA,X0k5QSscuvmkJ4KSg_FRvw,Wo955mCuo1r0VzKroRu1gg,1.0,2017-08-26 16:16:11,"Ridiculously loud music, extremely packed (do NOT go on a Sat), and filthy changing rooms. When I say filthy, I am not exaggerating. In addition to regular dust and dirt, I found specks of blood!!!",0,0,0
59NqWP8n2jeL8BZ1UEQK2g,OcrcitVhcUKR11Rr4GCrCw,vBZywpF-vTrS3oayjpjkAA,3.0,2013-04-09 18:28:17,"Unlike the branch on McCarran (see my other review) this RDFL actually has stuff to sell. It's your typical branch, with clothing, housewares, and other stuff, all at budget prices. I enjoy coming to RDFL for kitchen gadgets.   One thing that always amuses me: The conspicuous presence of ""Loss Prevention"" in the front of the store. They must have a serious theft problem...",2,3,2
dbtVAF-82UBtX76IAtrYgA,stiI0Uob68223WrbjyIySw,TjXHdW8E-9Jk74mSwZOvjw,2.0,2013-06-18 13:28:05,Been in here lots of times and the customer service is seriously lacking most of the time... In fact they can be downright rude...,1,0,0
S8l45jMqQb9tbxnGJct9bg,OcrcitVhcUKR11Rr4GCrCw,hwzrnwUiqJUHSN_Gmpp4pA,1.0,2014-01-26 23:07:23,I've seen much nicer Ross' than this dump. Nothing is where it should be bad the cashiers are freaking rude!,1,0,0
jv-p1lhh1pCTb0VGocWmkQ,hPf3hARxhNNqajMo7aoKrg,OAAaiNIvXpy97B172PeoCg,4.0,2015-07-23 16:24:45,"Dress for less? Heck yes!  I really like Ross, and this location is no exception. The prices are fantastic! About a week ago I visited this store and found four (four!) dresses that I loved, each for $5 or $6. Seriously? That's just amazing. While Marshall's is very hit or miss, I always find something I like at Ross. And it's cheaper, too.  I came to this shopping center with a goal: to recreate an outfit I saw on Pinterest for (hopefully) cheaper than it would have been with the huge brands. I started at Kohl's (mistake) and was disappointed because nothing seemed even vaguely similar to what I was searching for and it was all so very expensive! I then walked down to Ross, and boy, was I pleased. I found two out of the three pieces I was looking for, for a grand total of twenty dollars. The time before that, I found a swimsuit for $2, and it was the cutest thing!  There is a great variety of brands here. I've seen Hollister, American Eagle, and many others all for a reduced price.  Listen, I love going to the mall and shopping there every now and then, but if you want to get more for your money, Ross is your best friend.",0,1,1
qVoMQUw54f8RhqyWl4UQow,OcrcitVhcUKR11Rr4GCrCw,9AhXlstYAKHhNp5mM0zOIA,4.0,2018-08-22 07:14:18,"I hate shopping, but somehow I always end up watching my wife shop for stuff that is gonna break or doesn't fit.. thanks Ross!!!",0,1,1
3u6vtTIlynJqQidLhwJMKA,X0k5QSscuvmkJ4KSg_FRvw,yl5xQh6sLOC7WXs5nB-Kjw,1.0,2018-08-09 19:01:46,"Store was filthy dirty. Dust on all the purses and sunglasses. Nothing organized i.e. shoes scattered and not sorted by size, clothing not on correct size rack, dozens of panties on the ground under their rack, a large portion of the clothing hanging half off the hanger. Does anyone work here to put things away, sort or organize?  The dressing room was dirty and floors were gross. Plus the dressing attendant was just plain rude and unpleasant. I greeted her with a smile and a hello and she gave me a scowl, didn't utter any kind of response and wouldn't make eye contact. The gentleman at the cashier was very friendly and professional. I will not visit this location again.",1,0,0
0ka2IQR8084VGqdq_CVsqw,OcrcitVhcUKR11Rr4GCrCw,Pj7oG3izwwQrTQi07PBkyw,4.0,2013-10-17 21:43:23,This is the BEST Ross in Reno/Sparks.  Very clean and the associates are very helpful and nice.,0,0,0
Jwoj1MKpaIZ0MdON5bZ4TQ,X0k5QSscuvmkJ4KSg_FRvw,KVkhGgFTvnDx6A3S5xg39Q,1.0,2018-06-19 03:55:24,Went there hoping to find a specific pair of shoes. The time was 11:40 and we read on google that it closed at 12. We walked in were told it was closing momentarily and I replied we'd be out before close. Went straight to the shoes and at 15 till close we're told on the intercom that we needed to put our stuff back or on layaway so we could pick it up the next day since registers were now closed. Really frustrating especially since half the lights were off. Is this typical?,0,0,0
ArRTHSrUklPS3gBN_m0aXQ,hPf3hARxhNNqajMo7aoKrg,cDQG_OGCpu4ATDz6rQSryw,1.0,2018-06-03 00:39:11,"I was in the area and wanted to see what they had for bath bombs, salts. I was highly disappointed to see a shelf and a half in disarray of random mismatched products. It looked more like a clearance rack, and most of the items they had were damaged.   The store was very crowded in the center isles and the perimeter was scare. I went to the pet section because I needed some things for the new puppy, luckily they kept up with this section and had a slightly better options than the bath.   I would not waste my time coming into this store, theres other options down the street from here.",4,3,2
Y4_pwdrgHAamrIgQdVDPSw,hPf3hARxhNNqajMo7aoKrg,VgT2uCPEeG3CVmjGIl2z8w,1.0,2014-08-30 20:01:02,"This Ross is awful. It looks like it hasn't been restocked in months. Also the shoe department was very disappointing only containing little products that any kid would wear. I would give this store no stars if I was allowed. If I were to advise anyone, I would suggest going to a different Ross or stay away from this chain of clothing stores. Such a disappointment!!",0,0,0
DHiiZhXihJ7koehIh4H7HA,stiI0Uob68223WrbjyIySw,YDm7wP0tOKi8qmKSoo7DLQ,4.0,2019-07-27 02:57:32,"This Ross store is really good.  The staff is very friendly...always a ""hello"" when you come through the door.  I have always found them helpful too.  I have gotten some really good clothing, and at such a good price.  Also, I just noticed today that they have gotten some good quality furniture and artwork in.    Thank you Ross!",0,0,0
Sp4Mljz8HJ-Mq9heh5z_Wg,X0k5QSscuvmkJ4KSg_FRvw,xt5nBg5ci4RHUg00HjjERQ,4.0,2018-07-27 20:56:08,My husband and I were able to find quite a lot of good deals here! My only complaint would be it seemed to be a little dirty. The employees acted like they wanted to chat with one another rather than provide good customer service. The lady that checked us out said one thing to us and that was saying she could help who was next and handed us our receipt and said the same thing to someone else rather than have a good day or such.,1,0,1
j2bwNKHUBhlmE1eGi4ze4g,stiI0Uob68223WrbjyIySw,UDZFtZiC2aDVVrwBvPONOA,5.0,2014-10-03 09:52:25,"I'm fortunate enough to live near this location and it feels like ""Home.""  Often I need to shop late in the evening and being open til 10 is a life saver,  As I can not stand to be in a dressing room, I never try on clothes. I have never had an issue with returning a bad choice it outfit or just s poor choice.  I love the staff,.although sometimes there isn't enough I'm willing to.wait to get what I want at a reasonable price.",2,0,0
RXVQSHKmRq9YE_AD_VT4Lg,OcrcitVhcUKR11Rr4GCrCw,h4OXKUCAFnmMk40w5nj0FQ,4.0,2017-11-14 21:55:05,"Every time I walk into Ross I check out the purse rack to see if they have the Calvin Klein purse I got in Hawaii for Artemis.. still holding strong.. have yet to see a duplicate :))) one of a kind xoxoxo just like my major steal today, Marc Jacobs outerwear!! Yayy! I love shopping!!!",0,0,0
Y6ma_MiFn5Q_P-QpNdw_Ag,X0k5QSscuvmkJ4KSg_FRvw,pEEHP0KturQQKBEP9BFYyA,1.0,2018-05-18 17:25:49,"Store has more security than cashiers. 30 plus ppl in line and only 2 cashiers working. What an earth you need security here?   I have to edit my review after finally paid at the cashier. She was so bored and her attitude was ridiculous. Absolute disgrace!! As I was in line I had the chance to watch how the employees were doing there job.  If I would be the owner, none of them would have been so lucky to stay here one more minute working or pretend to be working.  Ross! I would check twice who I hire.  Won't be back at this location for sure.  0 Star!",2,2,0
GlzkOdyKEy2eh1L6iIlgtA,X0k5QSscuvmkJ4KSg_FRvw,lUO6ba9f952pc-wlIpnpVA,4.0,2016-03-05 19:18:54,"The ONLY reason I don't shop here more often is that I always find too much to buy. Sure, the store is in complete chaos, but you can't beat the prices for new clothing. Their selection is huge! Almost overwhelmingly so. I definitely appreciate finding Petite sizes here. Plus the departments & sections are well-labeled, as are the individual hangers, so browsing is easy. Surprisingly, with all the mayhem of customers here, I don't usually notice too many articles misplaced.  The fitting room is gigantic! Tiny stalls, but LOTS of them. However, there's usually only one attendant, counting items, so typically there's a bit of a wait. Also, the checkout area can be tedious. But, the line moves quickly.   Don't forget Ross carries items for your home at great prices, too. Other locations may be larger & less cluttered, but this one packs a lot into the space, and it's not far from my house.",0,1,0
Cx7wgFmRJygDCrkO20j5RA,OcrcitVhcUKR11Rr4GCrCw,ONvF49xC2e4U7VMP2Y71-A,1.0,2015-07-01 07:09:05,"Good grief Ross just totally sucks. Their selection is awful. What has happened to this chain in the past 5-yrs?!? It just gets worse every year. The clothing is just terrible. It's seriously all the reject clothes from a Goodwill or close to it. I'm done shopping at Ross. This Ross is no different - always bad selection, a complete dirty mess and I get sick of the high level (ha ha) security always making customers feel like they've stolen something before you even get thru the front door. Major thumbs down. Would not be shocked to see Ross hit BK in the next 2-3 years. Oh and their return line is a joke - always a big major deal to return something. God forbid the tag not match the actual description in their computer! Cuz if it don't they make you feel like you switched something out to return instead. Ain't a customers fault if a attached tag doesent match your computers description. Don't assume the worst with customers and give the benefit of the doubt.",6,3,3
K7IRJNAVb1q6D7oUkbrB6A,hPf3hARxhNNqajMo7aoKrg,rdtX3db9q8iL2Eg7Y8gqhQ,4.0,2009-11-28 01:44:11,"I love it, I got it at Ross. Really. I hit Ross up today to look for some less than really expensive dresses and walked away spending over a Benjamin on two new dresses, two shirts, a straightening iron, satin sheets and a satin comforter and a martini shaker.  The place was very clean and organized. The woman working in the fitting room was a delight, very helpful and very sweetly complimented my selections. The fella at the checkout counter was a doll, too.",1,1,0
xMTUynUZidDcErOyF6zAUg,stiI0Uob68223WrbjyIySw,E9nuVRKVfhxWT_0kHdi-oA,2.0,2015-06-11 21:07:29,"Ross is a last resort when it comes to shopping for pretty much anything. This particular location is maybe my least favorite, due to the fact that there's always only one register open and it's usually a senior citizen with no urgency or personality. Today was no exception-one register open, old lady running it and a line forming, apparently in the wrong place because when another employee came up to relieve the line-looking disgruntled because she stopped what she was doing to do so-yells out, ""THE LINE STARTS HERE, NOT THERE!"" Needless to say, I shan't be returning.",3,1,0
pwd_ghbDakn8TxErcy2Q9w,OcrcitVhcUKR11Rr4GCrCw,zv7tpu7xeaNyAeFG03d2CA,3.0,2019-12-08 04:38:15,"Always disorganized lol- I can't help but feel the chaos, as I saw Ross employees constantly following customers to try and catch shop lifters- what's the point of having  Loss Prevention staff at the door- if everyone is going to be followed around like a criminals?",2,0,1
gBpsV7c17ZzaRqBfXe2f6A,X0k5QSscuvmkJ4KSg_FRvw,CANFi9q7blrGJNYMCMeGEQ,1.0,2018-05-13 21:57:34,"If we didn't have to rate it with stars I wouldn't. This Ross location does not deserve a rating. It has been the nastiest Ross store  for years. It seems like this is the location that all the other Ross stores send their unwanted clothes to.  It is nasty inside, (nasty as in a hurricane hit it) unorganized, overpacked with too much, things flow in to the floor, no one literally no one speaks English. The music is loud the customers are louder. You can tell that the employees are not happy working there. But like I said this is been going on for years apparently Ross doesn't care to fix the issue.  they just need an true overhaul",4,1,0
CD7SyN_1KzZQcc88u92-qw,OcrcitVhcUKR11Rr4GCrCw,28uetRoHMsVTNrqxCnsmCA,3.0,2016-11-28 05:41:18,"Big store, lots of clothing.  Not alot of dresses (especially holiday) to choose from.  They did have lots of clearance sales.  Had some cute dog clothes which were on the pricey side.",0,0,0
TknGSs4ViPqJm2U41LedwA,OcrcitVhcUKR11Rr4GCrCw,zv7tpu7xeaNyAeFG03d2CA,2.0,2019-11-19 05:12:48,"This store constantly looks disarrayed, and don't even think about using their public bathrooms. There is a noticeable urine smell when entering in the hallway leading to the bathrooms. Which should be a huge indicator not to use their bathrooms by any means- There is about a foot of black tar dirt stains that are on the floors from all four corners of the bathroom walls. There are some good finds, if you can overlook the dirtiness of this facility. If only they cleaned with proper cleaning products, the offensive urine smell would disappear.",1,0,0
GGzElgkLIRbOejkMdFjijw,X0k5QSscuvmkJ4KSg_FRvw,7NHf3QgyGlZ_9pwdWLFdhA,5.0,2021-03-20 22:05:13,"It may not look pretty, but it definitely gets the job done. Many a time would there be when i run in there right before the gym because i need something (ie ear buds, headphones, and most recently, shoes to exercise in because the ones i had on worn down completely on the heel) and you actually find really good deals on otherwise expensive items. Two things I've gotten here were a pair of Philips headphones that are super comfy, still in good condition, and still work. My most recent buy was a pair of knockoff (or so i assume) Skechers that i spotted and fit great. Sometimes i'll feel like browsing a little, and they actually have a decent selection of shoes, bags, and dresses. Great place to go too during the holidays for rare, gourmet, and discounted finds. Next time I need athletic gear, I'll be sure to check with them first to avoid spending a fortune. Chances are, i might walk off with a little more than what i was looking for.",2,0,3
FNERmnWmHEQmKTyYq6gzsA,X0k5QSscuvmkJ4KSg_FRvw,ywZEG0XoioEhb0z9VfLtJw,1.0,2019-12-23 03:51:37,"New layout is awful I won't be back, skip this location for the citrus Park where you can shop and check out",0,0,0
gcJuPimj3oq0UIC6epEUYA,OcrcitVhcUKR11Rr4GCrCw,TLpnu9BZNLTuB1ngxjnIpA,2.0,2014-04-03 18:48:51,Depressing comes to mind.   The lighting is dull and so is the supply and choice one finds here. Empty shelves and those with product are sparse at best. It reminds me of a very bad thrift store that is about to go out of business.   Freakin weird I tells ya.,1,0,0
twkAZJj5mK5KWRttTh-luQ,stiI0Uob68223WrbjyIySw,dvR8BvIZHRcxwPLN150Q-A,1.0,2018-01-13 01:13:12,Update:  This Ross is getting worse and worse !!!! I mean the staff is ridiculously rude and only 1 person working again! 10 people in line..... I had charlita today oh god talk about bad service!     Horrible customer service... there's always 1 cashier and the manager talking on the phone! They need to get it together! There's nice things here but 10 customers in line and 1 person taking returns and purchases is very annoying.... Dondenna is the worst there besides being super slow!,1,1,0
vjww-KkJ2Fdiz-uBo2s9tQ,X0k5QSscuvmkJ4KSg_FRvw,-kLVfaJytOJY2-QdQoCcNQ,3.0,2020-01-13 14:56:13,"Needed a box and colored pens and found them here.   Is the store in somewhat of a disarray? Yes. Is there a security guard standing at the front to stop people from stealing? Yes. Does the cashier look like she hates her life? Yes. But I found exactly what I was looking for, so that gets an A-OK from me.  We started at the Dollar Tree looking for a cute box and colored pens and struck out. I really didn't want to pack a car hating child to go to Target when I still had to go to PDQ and they were in opposite directions, so I decided to try my luck at Ross.  I know, most people shop at Ross for clothes, but their home goods section is rapidly expanding and they have great options. I found an awesome box and colored pens - neither were cheap looking, but they were cheap! Total win.   I got to see the security guard in action when the cashier thought a family was trying to steal something. It was a miscommunication, but I've never seen a loss prevention officer before. It made me a little sad that they don't trust their patrons, but I'm sure they also have good reason. The cashier was actually super nice to my son, so there's that.   We were in and out relatively quickly. Both the workers and patrons were friendly (they let me cut in line when they saw my son starting to flail). I will definitely come back to this Ross when I'm looking for something random.",6,3,3
qqa-X_g4JQqG7e4YX2aI8g,stiI0Uob68223WrbjyIySw,PUop4Am41uuj4fC4oC9AMw,1.0,2020-10-14 14:01:18,"Caveat Emptor (BUYER BEWARE). If you shop at Ross be cognizant of how you pay for your purchase if you pay for part of your purchase with a gift card/merchandise credit. Their return policy is set up to keep your $ The cashier scans your merchandise then gives you the total cost due. You have a merchandise credit so you give that to the cashier. She deducts that amount from the total and gives you the balance due. You pay the balance in real cash money. E.g., Your total due was $88.74. You want to apply the merchandise credit that you have. The credit is for $$18.42 so you hand this to the cashier and wait for the balance due. The balance due is $70.33. You pay this amount in cash. Now, you have a return in the amount of $7.99 plus sales tax ($8.55). They tell you you that they have to give you a merchandise credit (not because you're beyond the date of return), but because you used the merchandise credit as your first form of payment. Why should they be able to deny you cash back for an $8 item when you've given them over $70 in cash. NEVER, NEVER pay with a merchandise credit first if you think you might have a return  They will force you to take a merchandise credit and will not refund any cash.... simply because you used the merchandise credit as your first form of payment. You should be able to get your cash back to the amount you paid....then a merchandise credit. Hypothetically, say I have another return the next day totaling $25 are they again going to force me to take another merchandise credit because it was my first form of payment even though the initial merchandise credit was for less ($18.41)? Now, add $25 and $8.55 for a total of $33.55. Now, you are forced to take the $25 return and the $8.55 as a merchandise credit totaling $33.55 when the initial credit was only $18.41. They are denying you any cash back and forcing you to keep your $ in their store. You should be able to get your cash back to the amount in which you paid then the balance issued in a store credit. Lesson....if you have a merchandise credit use it as your last form of payment, not your first. Once you have your total amount due....do the math. Subtract the merchandise credit amount from the total and pay that amount in the payment of your choosing ( cash, credit, debit) then pay the balance lastly with the merchandise credit. This may hold up the line while you do your calculating and the cashier won't like it, but it's your hard earned cash we're talking about. Their policy does not have your best interest at heart. You have to be smart and play their game. Especially now, with Covid and dressing rooms are closed you're likely to have returns. I've done my best to try to explain how they are keeping your money. Remember, first form of payment should be anything except the merchandise credit.....use the credit as your last form of payment. Another sneaky thing they do to keep your money has to do with a return/purchase. If you have a return and are going to make another purchase typically, they will ask you if you just want them to apply that return to your new purchase. To keep things simple you will probably agree to that. If you do agree to that and you have a return they are going to give you that return as a merchandise credit because you used that as your form of payment..... even if you paid cash for the merchandise being returned. Actually, if the the security guard at the front door sees you come in with the return they tell you to go ahead and go in and shop first and then do your return at the same time so you don't have to stand in line twice. Really, it's just another way for them to make that exchange and then keep your money if you have a return and give it back to you in a merchandise credit. I view their return policy as a license to steal from me. If I've paid $70 in cash and $18 in store credit and return an $8 item I should be able to get my cash back up to the $70, which I paid then anything over that should go to the merchandise credit. For me, it's not about the $8, it's about principle. The customer service is horrible. I have especially had issues at the Countryside/Clearwater location.",0,0,0
clthlo2PLzwz79n43IzURg,X0k5QSscuvmkJ4KSg_FRvw,hKXHZdm2HbHWOBECeccEqw,4.0,2015-08-10 17:08:27,"This place is great if your looking for cheap things. They don't just have a bunch of cloths here. You can also find shoes, toys, and a bunch of home and kitchen stuff. Lots of things here are brand name and I'm always surprised by the deals that can be found here. Sometimes ill find the original tag still on some of the items, and they are usually twice as much as the Ross tag, now thats a deal.  The lies are a bit small and stuffed, but i guess they have a large inventory to get out. I gave this place a 4 and not a 3 because it feels cleaner than other Ross's and it doesn't have that weird thrift shop feel like some other places do.  All in all, don't be afraid to take a gander over here. Think of it as a store where its always black Friday...for the most part.",0,0,1
0-EhX_djdUwwlCNIv41zdw,stiI0Uob68223WrbjyIySw,Y0UE86Zl92h4xOhZeWiWEA,2.0,2018-07-24 18:47:02,Been shopping at this location for years. I agree customer service is not great. There are many times when there is a long line at register and an employee will see the line and walk away. Merchandise is also low. Bare shelves. Biggest problem is the disgusting bathroom that can be smelled aisles away. Please clean up your act!,0,0,0
2GzuNjFUOjWJnPclHZSY9w,OcrcitVhcUKR11Rr4GCrCw,XOWUwzw2XfZDuCu91llIJA,1.0,2021-07-19 05:10:15,"I wish I could give this place zero stars. I went there once... had a horrible experience waiting nearly 20 minutes to be checked out, and somehow I went back. The staff there is overly entitled and rude, possibly some of the worse costumer service I have ever experienced at a Ross. Do these people understand that they work in service ? I went there looking for a track suit, I asked the stock girl if there was another section with activewear, she states ""juniors"" I ask ""where?"" She says "" the front."" I asked one last time "" to the left or to the right? "" and this amoeba for a brain stays quiet. Are you serious? Siri gives better responses that that. I left the store right after, I'm not supporting any business that will keep these leaches Employed. Clean the house",0,2,0
VgYzywuTXkZk3gHxcG9HkQ,OcrcitVhcUKR11Rr4GCrCw,NgnhuUc1nVB6cVl2q9MQFg,3.0,2021-04-16 15:01:33,"I appreciate the fact that the store cleans carts and the counter at checkout. Most of all that they have a big tub of sanitizer that the customers can use at the main door. After using the credit card machine I like to clean my fingers and hands. It would be even better if they let customers use them at the checkout counter. I like the variety in the store and the amount of toys they carry plus the art supplies. I buy a little of everything in this store on a regular basis. I look here before I shop at other stores. Things are better in recent years with a Security Guard who walks around the store. In years past, kids would play with everything in the store opening boxes too. It seemed to be a babysitting service for parents but that is under control now so nicer experience. This store gets quite busy so I try to shop early. Lately, the shelves have not been full of merchandise and I have literally walked out of the store with nothing. They are not keeping the store stocked full like in the past. I hope this changes once the virus has subsided. Not everyone goes in to buy clothes.",2,0,0
xLVu5qk4feBXQ8MX856BJg,stiI0Uob68223WrbjyIySw,1MElJdHhDmV0eF22IRYkCA,5.0,2021-11-17 14:06:33,"My first impression of this place was that it's just another store that sells all the garbage clothes that big name stores couldn't sell. However when I walked in I was shocked at the amount of variety they have! They have everything from clothes to furniture, and it's all good quality, and a quarter of the price of the name brand stores! Half of my tee shirts come from this store. Highly recommended!",0,0,0
yo_MYJLKohuG1_Xxvgc2Uw,OcrcitVhcUKR11Rr4GCrCw,CUnoGq3Ltr6IpuAFWyWkqg,1.0,2017-06-03 10:43:53,I brought 3 bras same sizes not knowing the brand have small size than usual i got home took out the tag on one to try it on and it does not fit after 2hours i came back with the receipt trying to change it for bigger size but they did not accept the one that i take the tag out HELLO its only been 2hours ohhh but all the lingerie has to have the tag on its even say at the back of the receipt one of their cashier said but when you read the back it said have all the ticket attached...what is the ticket..not very happy no wonder i dont go to this Ross,0,0,0
WwaFdNTxSv-iZ9NVDrO-qw,stiI0Uob68223WrbjyIySw,ui6IG2j8UiONd3mnZzprbg,1.0,2021-04-08 23:27:00,I love Ross but this by far is the worst Ross.  Been in line for 40 mins 1 cashier.  Terrible service will not return to this location.,0,0,0
gls1U4ToacanGEHBsAEyRw,hPf3hARxhNNqajMo7aoKrg,9B1CHKr7kigE8TljVrT65g,1.0,2019-06-29 17:00:05,"I went to the Ross Dress for Less store in Warminster Pa (store #0597) on 6/28/19 and had an appalling experience. We arrived at the store not long after its 9:00 AM opening. We gathered clothing to try on, only to discover the dressing room had a sign saying CLOSED. I asked a cashier about it, only to be told the dressing room didn't open until 11:00!!! When I asked her and another clerk why, I was told ""there's nobody here"" referring to the number of customers in the store!!  Like the other customers and I were ""nobody"".  The staff behaved in an indifferent, cold manner.  We were told there were two ""dressing rooms"" in the middle of the store - two tiny, claustrophobic metal ones like you find in a sporting goods store! A line formed for them which went extremely slowly. Two customers hung their items on a rack and walked out of the store in disgust! The dressing room did not open until nearly 11:30. We took our purchases to the register and asked the clerk whose decision it was to have no dressing rooms available when the store opened. Her reply was shocking: It was  Corporate's decision.  When we pointed out that customers had put their prospective purchases back on the rack and left the store, she replied that it didn't matter anyway because there were plenty of people who would continue to shop there because everyone loves a bargain!!! Such disgraceful customer ""service""!!  I've never, ever, heard of a clothing store that opens but makes dressing rooms unavailable for hours!!",0,0,0
tl0UUh8cbhAVXFgeFjh3Og,OcrcitVhcUKR11Rr4GCrCw,1MqFTcOG0SP7Bc4B2cqSYg,1.0,2014-01-08 02:11:19,"This Ross has gone awful!! They actually have armed guards standing at the front with shirts that say ""loss prevention"" on the back. How tacky is that!!! Creeps me out every time so I never end up shopping. I walk out. Don't think I'll ever be back. Take lesions from TJ Max down the hall. They know how to run a store. Ross is TRASH!!",1,4,0
K0wZrRniv59ONOIH2X4NsA,55NEsyt6mgvQ3L0WimvpJw,FtXluwMAe80opQ6Nj-djuQ,5.0,2016-12-04 12:20:26,"This is definitely the best Ross in town. Clean shelves, organized racks- I love shopping here!",0,0,0
EH9muO0G-u1usiVOBHV4TQ,YMpdvQkoAtWPjAvUQ8AB2w,cUB2WhICFuSe7DwXAIoo0g,3.0,2013-11-14 21:57:37,"I need to get super cool with some of those associates to find out when their truck day is lol. Hit or miss though. Good selection of designer bags. Shoes are almost always a miss for me. Perhaps It's because I wear a size 9. It seems like the bigger the foot, the less of a good selection you get here. Associates are friendly and helpful. Always greeted by the loss prevention officer. I like their kitchenware section. I always go for the clearance section first! Bathrooms are clean and stocked. Fitting rooms could use a bit of a sprucing up though.",0,0,0
m2A7QG6xh0YNmMUaGwAmGA,YMpdvQkoAtWPjAvUQ8AB2w,pamPk2N-OrlMjrY_cFJN5Q,3.0,2016-01-17 20:38:03,"I do love these discount-type stores as a whole. I frequent all of them and they definitely vary by location. This Ross is alright. It's really hit or miss. Sometimes I can find some great stuff for great prices, mostly clothes. For some reason I have a great attachment to Tommy Hilfiger bags, and they've always got them. Their household sections are pretty dismal; it seems like that's where all the empty packages of stolen goods go to die. Health and beauty is a complete miss pretty much all of the time. The store is also pretty messy most of the time, but I've never had a problem with the staff!",5,5,4
l-2UgLL8xCeq55fVu_FxzQ,55NEsyt6mgvQ3L0WimvpJw,N1sp9wXLotuufQuRANhPGw,4.0,2014-02-07 16:47:30,"Either I was lucky that day, or this Ross truly has the best selection on dresses, it was my first visit to this location right off Florida Ave, but it won't be my last one for sure. The only other Ross with great selection in the Tampa Bay area is the one off route 60 in Clearwater.",0,0,0
h8V-dedCrGFh7UzzciSdmA,cbAolLuAoWG9r7HSup27Rw,Mx8EqpLXDjdQJ1xARVfIWA,1.0,2017-06-28 23:14:26,"I agree with the previous review - this is the worst Ross location I've been to and I go to Ross more than I'd like to admit.  I stood in a long line for almost 20 minutes to wait for the 2 cashiers they had while I watched 4 other Ross employees stand near the registers chatting.  Then, one of the cashiers walked away and pretended to fix clothes while laughing and talking to another employee.  So unprofessional and unorganized, I recommend the Mae Anne location - it's just up the street !!",2,0,0
d2CA9tZfqWnlTu_wzAP4aQ,--_lZuj_WCGnDG6n0emlRg,Pg-k61fDF9OaKQe6bCl6mw,3.0,2014-04-03 23:17:47,"Good deals to be had on liquidated designer clothing, large selection to pick through. Prices could be lower and stock could turn over more often.",0,0,0
ylpmnqET6zrRgE4-8WLB-A,YMpdvQkoAtWPjAvUQ8AB2w,j5_1qyZabA4MrUKT9BcOKQ,3.0,2011-08-05 17:16:28,"Nothing that will make this Ross stand out of the crowd. Maybe I came here on a bad day but their mens department was almost empty. I mostly came here to buy swimming shorts and left right away because their selection of shorts started from size 38, I mean there are a lot of fat people in that area but c'mon!  I'll be back in the fall to give this store another chance,",0,0,0
FD9KnXPQ5PcGdPMiGEzJnQ,5td9jU7klOD8hi_QiTYwQw,ZzrbMBzobUD52DK0ffSKRg,4.0,2014-06-14 16:25:58,This is the place that I always buy dog beds. They are always a variety of beds to choose from. Also they have a good selection of owl stuff that my daughter is always wanting. For quick cheap home furnishings this is the place to go.,1,1,1
C49E_u3DwVy15K2at5_DkQ,YMpdvQkoAtWPjAvUQ8AB2w,nvujfq6hGnvKIHSxl7zGWw,3.0,2015-03-06 22:21:51,"Not sure how the Ross history or whether they have anything to do w/ TJ Maxx, since both look very similar in layout and stock - though one is clearly better than the other.  Was in the area last year and came to this location because my fiance wanted to shop there being that there are no Ross locations in our NY area. I didn't know what to expect, but once I entered it seemed all too familiar.   I'm generally not a fan of TJ Maxx - which is what this store instantly reminded me of. The biggest difference here is, is that this place is much, much cleaner than TJ Maxx. Not only cleaner, but the employees are actually nice here. Imagine that: nice employees!   Store has a clothing area, makeup, jewelry, accessories, some housewares, shoes, luggage, miscellaneous items, and something that I guess is a toy area - save your money on that area. Almost looks like a thrift area in regards to the toys.   The prices were pretty decent, although it was my fiance who spent her money inside and her take was that she liked this place a lot and would return for sure. I'll take Ross in the NY anytime - as long as they maintain the standard they keep in other states.   If you're in the area, check it out if you like their selection.",0,0,0
QOn39Y-IVYa-lkcLwSyqNw,5td9jU7klOD8hi_QiTYwQw,43KCFQtfK8ZtH1LWx1LX_A,4.0,2018-08-26 00:18:09,"This location was cleaner and quieter than Nampa, same brand name stuff my teenager wants for cheaper than elsewhere. Friendly and efficient cashiers.   I got stuff here than I had to return in Nampa cuz that's where I live and it was quick and painless. So returns to a different Ross than where you bought it should be fine.",1,0,1
Sw_FO1lLNHfR_TU1Im9YWQ,PEIJCT5I73SmjYx2HAzcBA,bz5Subn2_aXMnzOYqii25w,4.0,2017-12-06 01:39:58,"This store is great. It's neat and organized. Doesn't have all the years of cluttered laying around everywhere. The cashiers could seem like they like their jobs a little more and speak English when communicating with one another. Other than that, this is my go to place.",0,0,0
ohTi9Qqo4dVCCKU3UZJa5g,--_lZuj_WCGnDG6n0emlRg,I4cfBoRWEhB90HBdjh8z5Q,3.0,2017-05-19 20:43:33,"The selection is so sparse, I'd swear this place has an echo. The deals are still good, though.",1,1,1
m-Hmf1VVUeHy4jG4y6Cekg,cbAolLuAoWG9r7HSup27Rw,oP4quGII0Y5NXl6jhyWIjA,1.0,2017-11-22 01:54:12,Horrible customer service. Long line. One cashier. 3 other employees standing around and no one will open another cash register,1,0,0
g_AADhSEDwmF6MUr-lPlHg,PEIJCT5I73SmjYx2HAzcBA,bhT50kYUw3ONRI5vdDkvUw,3.0,2018-09-30 17:23:35,"I'll give this location three stars mainly because it was stocked pretty well BUT that after buying hundreds of dollars of merchandise, I had to go get my car and pull it up to the entrance because the carts can't leave the premises!! We had two carts of bought items and a stroller carrying my child....no one was around to assist either. There was no security, which was odd for a Ross. They all usually have a security guard. As we were cashing out there were only two registers open on Saturday! No bueno! A third register eventually opened up but the line extended way out. The store seemed pretty clean, and like I said pretty stocked! The parking lot was pretty full but there were spots open by the bank. My suggestion is to allow the carts to leave the store or offer help to people who buy a lot of goods/can't carry their goods and help them to their car!",0,0,0
otF6pOCSfoBUXj1f8BtOFw,--_lZuj_WCGnDG6n0emlRg,1lglUspLabvtgITNgHLXZA,1.0,2016-04-27 00:59:11,Listen was there this past Sunday the store had Good Flow of customers. I was in line to pay one cashier only. However it was a 25 minute wait. Seriously...The cashier paged mgr. on duty her  name was something like Latisha.  She did not come. One man had a return he ventured out to the store to    find life. To say he just kept at for 15 minutes as he came in after me. Jewelry Counter people got tired of waiting and left. When I got to the register I asked where the mgr was. She paged again this time she came. I asked she said she never heard the first page. This Ross is not like Cross Keys.  Window Shopping store only.,0,0,0
LOGCqL7pm1qxEPCpNNCVmQ,YMpdvQkoAtWPjAvUQ8AB2w,PazkgMtyWPnu647-un3MZw,1.0,2011-11-14 11:54:32,"Consistently out of stock.Service is horrendous!! Used to be a very nice store, say 3-4 years ago. Has consistently gone downhill! Don't even bother going.I  don't anymore!",0,0,0
cw8qlvZ8fcL2JNOCYYV4Bg,PEIJCT5I73SmjYx2HAzcBA,Fci_myFFAv5t6oO5DwLnHw,4.0,2016-02-15 05:00:36,My first visit was today.  The store was really clean which I found rare for a Ross.  I wasn't thrilled with the selection of items.  Seemed very under stocked.  It's a smaller store.  Everyone was friendly though.,0,0,0
3E3S3pN_El8Nj3OsYtObhw,PEIJCT5I73SmjYx2HAzcBA,IJJETLhfEVvuUF_UfA7Hug,3.0,2013-07-28 22:54:13,I have been fortunate enough to find some great deals on designer items at Ross.  I was excited when this store opened in late 2012.  I was there on opening day and found a great deal on a Calvin Klein handbag.  Since then I have not found anything!  The store is clean and well organized but does not have near as much merchandise as the other Ross stores in the Tampa Bay area.,2,0,0
c4iRV3Dl-4W-7gc2WFtuvw,PEIJCT5I73SmjYx2HAzcBA,XzdcphZmEEClXRI0okHxyA,4.0,2018-07-29 01:51:47,"This Ross is by far very nice, and organized although I found it displeasing when I tried to take the size sticker off my shoe and it left a mark on them.",0,0,0
mOzy7IwIcHiFkQGxdO59SQ,PEIJCT5I73SmjYx2HAzcBA,gjZ66n2iiDEP4RyyBU9Zlw,3.0,2017-08-12 19:17:44,"It's hit or miss here. It's a decent size store, but regional management should really consider giving this place more inventory.",0,0,0
Kuf00EAui1M7agzZcvAXGw,--_lZuj_WCGnDG6n0emlRg,zUk_Ww2q1At1QSyRbUjIGQ,4.0,2018-02-18 16:27:46,"I'm a TJ MAXX GIRL and hardly ever go to Ross.  On this odd Saturday alone, I took myself to the movies, lunch and then hit a few stores in this strip mall at Eagle Plaza, which is awesome, BTW!   I perused Ross for a good 45 minutes, enjoying the more spacious (than Deptford, NJ) lay out and organized store.  I only bought some (really nice / good brand) undies and socks but would definitely go back if I was in need of a fancy dress, picture frame or baby gift.  The staff members were very nice and I even took note of the ad to take a survey to win a gift card.",2,0,1
S72Lb-ir0B5MTGaOtOSFyA,PEIJCT5I73SmjYx2HAzcBA,K8sf6THQw84o4V-kg_WtjA,2.0,2014-03-12 00:10:12,"No service, long line with only 1 slow clerk and a manager standing around doing nothing while the line gets longer. Left without purchasing",0,0,0
hpdDPA4RKijIVdDd9NdIEg,YMpdvQkoAtWPjAvUQ8AB2w,Axjf2-ebF224WMKmUB4E-A,3.0,2017-07-16 07:45:53,"I love Ross and this particular store is the one closest to my house and no matter when i go the line is always so long cuz they usually only have 1 register open. The manager with the colorful hair is very nice and is the only one i ever see that wil jump on a register to help the line move a lil faster. Some of the staff doesn't speak english very well or understand it  , i asked a associate how to find out how much something was cuz it didn't have a price tag and she said ""Yes Yes"" and shook her head. That was very annoying.",0,0,0
qxtTYoWPMyL-4XF4_Lrwgw,--_lZuj_WCGnDG6n0emlRg,B-s-8VUnuBjGTP3d01jsyw,2.0,2017-11-29 22:16:00,"Oh boy. Normally I'm a fan of Ross's, but this particular store seemed tired and low stocked. It was during but not quite around Black Friday, so perhaps that's why.  A few of the items I picked up looked already damaged. Thumbs down.  For example, furniture was chipped.  Dog beds that were on the floor with footprints on them.  Interestingly, this is one of the few Ross's I've been to lately that didn't have a security guard right at the front door.  Just an observation.",2,0,0
yRkrDg5MLuFeOyXUoUlJ0Q,--_lZuj_WCGnDG6n0emlRg,Zp1o52IRl92dunmsfiT96g,2.0,2013-01-15 01:09:13,This Ross is your atypical discounted retailer of designer goods.  The store is new and shiny and pretty ... but the merchandise doesn't move quickly.  I'm still seeing the same stuff I saw weeks ago while shopping for Christmas.    Handbags and shoes leave a lot to be desired.  Not much of a selection and very little of what they do have.    Meh.,0,0,0
LukMd9saJ1LZbp21lh4TfQ,--_lZuj_WCGnDG6n0emlRg,ra2AohiX-iC3H-A-nwdGyQ,3.0,2017-07-07 00:32:27,"Sparse selection, but you can find some deals depending on what you're looking for and your timing. Tight security at the dressing rooms.",0,0,0
eJc4q_-nqJTFGwjQJYD84A,PEIJCT5I73SmjYx2HAzcBA,TqurCtCrzXSxyNoYUWKznA,1.0,2018-05-07 21:29:09,"Even with a receipt bras are not returnable. Ask the sales associate if they are and they will say yes. When you return, they refuse. May Amazon take you out for sure. If something doesn't fit, you are stuck with the item. It is the principal. A whole 8.00. The point is, Inconsistency from one employee to another. Bad business for a retail store.",0,0,0
AF6yBy6fbRHzcO6b5lCrZA,--_lZuj_WCGnDG6n0emlRg,HD9TdEIstDk5wqbz0vNEIw,2.0,2018-11-16 17:49:40,Great selection!  Manager walks away with check out line having two cashiers doing returns with purchases.  Customer Service seems to be a thing of the past!,0,0,0
aj1TvHBJidGvJs87ApLcPQ,uzQz0MP2RlGPO8gQdt9wnQ,M79rv2KKQA4cYEoTIBXvoQ,3.0,2012-08-12 16:06:40,"If you can't handle stepping foot in a TJ Maxx or Marshalls, don't go to Ross. Despite it being even cheaper, the place is a little messy and merchandise can be a little unpredictable. Over the years I've had a lot of success finding shoes, housewares, suitcases, clothing, purses, etc. I recently purchased a pair of Rockport brand shoes for about $15, a dress for $12 and a Samsonite suitcase for $80. They always have those dish ware packs of bowls, plates, etc. for around $15. Depending on how often you entertain, it might be worth stocking up on the real thing and ditching the paper plates.   The biggest tip, don't go in looking for anything in particular. You'll be disappointed. Go in looking for nothing and you will onc over some hidden gems.",2,1,0
S0zKU3EvQqN1KfKc6iHTrw,PEIJCT5I73SmjYx2HAzcBA,oqQdWrQVozHPa4tinmlc7A,3.0,2019-04-07 22:44:47,"This location is smaller than most but good options. I visited this place on a Saturday, the parking situation was a bit hectic. I went around 3 times before being able to find a spot. I didn't feel it to be crowded until check out. The location is maintained very clean and organized. During checkout, the line created a snake like form and was very longgggg with 3 cashiers working.",0,0,0
lVD4fqhHoWS2bZNnu-RDxw,uzQz0MP2RlGPO8gQdt9wnQ,Nli0X4G69Sm7UtRv77SVKA,4.0,2018-12-13 03:11:02,"The hardest working employee Somi B. left Ross. Shame on Ross. Somi is kind, helpful and pleasant.",1,0,0
ZE5DfixjeOmPN5KkCrdAYQ,cbAolLuAoWG9r7HSup27Rw,CNoeitzLW-qFDd2BkMZAsA,1.0,2018-02-20 01:22:20,Just buying earrings and the lady made me wait in long line just to get earrings and kept them with her and did not ring me out at the jewelry register,3,0,0
Yz4xSLWpMj9QkpLB81j6wQ,--_lZuj_WCGnDG6n0emlRg,KZXdbIgrNQ9j6-DMI1_1rA,1.0,2017-11-23 01:10:20,"This has to be the most poorly stocked ross anywhere. I've been into this store for 4 Items now since we moved into our new house nearby.   Those items are slippers for my wife and I, nope, not 1 pair in the place. Why would they have any of those during the fall/winter months anyway?   A pie dish, they have tons and tons of pie display things but not one to actually bake one in. We like to cook too so just looking around at the bakeware and tools reminded me of a Salvation Army store, very very limited and very very sparse  Needed a pullover, nothing, nothing from Nike, UA, reebok nothing. !!!???? NOTHING?!  Finally, and his was the last chance, heavier socks. You guessed it, plenty of sports socks but it's cold out and no winter socks.   Now, truth be told, I'm not a lady between the ages of 40-70 and there does seem to be a lot of that in this store so if you're like me don't come here. If you're like my mom there's probably plenty of stuff for you to wear to work here.",2,1,0
f2TGeCx92rjEURImr5h_RQ,55NEsyt6mgvQ3L0WimvpJw,Um5bfs5DH6eizgjH3xZsvg,4.0,2014-03-29 02:58:47,"The last time that I was at this ROSS, it was a hot mess. They've since cleaned up their act.  The Ross was neat and clean, well stocked and in general a very pleasant experience for shopping.   I was able to find a few items that I'd not seen in any of the other Ross' I frequent. And if you follow me, I frequent them ALL.",1,1,0
lKvHXUd7ti-phughZBatYQ,--_lZuj_WCGnDG6n0emlRg,cra74NPzTnQ9UWJ69LjC6w,3.0,2017-03-26 21:55:12,"Small selection, average Ross. Pretty good deals, but it's got a 'unwanted or uncleared merchandise' kind of feel to it. Comparable to off-aisle by kohls, except not as organized.",0,0,0
Cg6rPfU94BwnLanskdCnZg,YMpdvQkoAtWPjAvUQ8AB2w,VlkXaqS8bpKup88lDA2PSA,1.0,2018-05-02 18:49:26,Poor employee service. I had over $300 worth of items in my cart. When I went up to the line there was at least 10 people and only one register open when I asked another employee if she could open another line she said that she was needed in the fitting room where there were 3 other employees already there. I left the cart in line and walked out of the store ao I wouldn't be late for work.,0,1,1
fkocWYkeAgvzfa78CPHCiQ,PEIJCT5I73SmjYx2HAzcBA,PCP0e0GWNeXb2ow8tIAT2g,1.0,2019-05-25 15:17:35,"Believe them when they don't list ""Men's Clothing"" in their subtitle. I've seen more men's dress clothes at yard sales. If you're looking for anything except men's business attire come on in, otherwise keep driving down to the Beall's Outlet or the nearest yard sales........",0,1,0
fkeCygkfIbCrWIFJYCI3Zg,55NEsyt6mgvQ3L0WimvpJw,KN0cUFa3phqSEP467lydkw,5.0,2017-10-13 17:26:23,I visited this store over the summer & purchased just what I needed. It was amazing! The retail associate assisted me in finding the items I was needing & they even let my friend use a seat that was in the fitting room since he's elderly & was tired from a 2 1/2 hour drive to Tampa. I was really impressed. Keep up the Great Work!,0,0,0
YOVLLOEmtJhgEvEbxdbqvg,YMpdvQkoAtWPjAvUQ8AB2w,MthLMdM2WnpGJGoRJ7QEdw,1.0,2018-09-05 12:49:46,"Had to return a pair of pants.  Nice but did not fit right.   Went to return them but not happy.  Immediately greeted by a sour looking loss prevention officer who ordered us into the return line.  There were 2 other women at the registers.  One was counting the money and the other was ringing up the customers.  Remember we were in the return line.  I asked if the Return people (I was not alone) had to wait until buying customers were finished.  The blonde was rude and curt.  ""I am not a cashier"".  It took quite a while to complete the return.  I will say the lowly cashier was adequate and I understood why she didn't smile.  Not going back",1,0,0
FkLaX8l-2MoEaXvKZFN9EQ,YMpdvQkoAtWPjAvUQ8AB2w,ShAOVNAF6QDFABSrcvhcLg,3.0,2019-01-26 02:24:25,"This is my go-to Ross. I never leave empty handed because I can always find at least one thing. They changed the layout of the store a few months back and I'm not a fan of the new flow.  Everytime I come there's a line. When a cashier is upfront by herself and asks for help it's like they don't care and will come up to help once she's already handled line herself   You can't take the carts out so they just pile up at the front door. Security used to move them and line them up, the one now just greets and stands at the podium",1,0,0
ldU9ir5djEGN5uGB0EdqPg,PEIJCT5I73SmjYx2HAzcBA,ze8iEeHXyfJkQSA2i5Qw9A,4.0,2019-06-26 05:13:08,I shop at this particular Ross quite a bit because their selection seems.to be the best in the area because of it being so organized. I do have to say that there is hardly ever more than 2 cashiers open even when there is a huge line. There has been multiple times ive walked out without buying the items I went there to get because of the crazy lines. I avoid it on the weekend and typically go during the weekdays when most people are working.,1,0,1
q6FJoXI0ov9K75tY6muVHA,YMpdvQkoAtWPjAvUQ8AB2w,-1MF2tosrw2WcCxeVNk81Q,2.0,2015-12-15 15:45:42,"The store is bare-bone and smells like a high school gym, but what do you expect for unbeatable prices?! I usually visit the store after work or on the weekends, this is when most people go shopping.  If you've ever woke up with five minutes to pick out clothes and shoes out of the closet for work, the closet aftermath is what Ross looks like.   Shoes tossed in a pile are common, and don't be surprise if you see a cute pair of size 6 only to find the same style running out of size 8 and 8.5. If you do find a pair, expect it to be heavily discounted. They have pretty good brands and styles ranging from BCBG to Converse and from sandals to boots.  Clothes with hangers clinging onto their dear lives are normal, and sometimes you'll find that perfect outfit only to notice a huge gaping hole from the back from merchandise mishandling (if you still want to buy it, ask the cashier for a discount, you might get a nice 10% off for damaged merchandise). The brands range from no namers to DKNY.  The fitting room is pretty bland, and try to avoid the first few stalls because you might find unpleasant things such as chewed up gums or used bandages.   The cashiers are pretty efficient and reasonable. They're pretty helpful when you want to ask for discounts and usually doesn't give you any fuss.   When you meet their manager, make sure you stay 100 feet away. She looks like Godzilla strolling down the store and always has misery written on her face. I made the mistake of asking her about restock for a dress and I could barely understand her, it sounded like tongue gibberish. Then she got annoyed that I couldn't understand her and walked away. Nice.",3,0,0
XdH0FXlCQ3LnMPlEXHDV2Q,55NEsyt6mgvQ3L0WimvpJw,jDVTMvaSWWhkaxbL-KslgQ,4.0,2018-07-21 20:52:10,"When it comes to men shoes, this really isn't the best place. But if you're looking for nice outfits for men and looking for a great summer where, I would definitely recommend this place. I found some awesome work gear for my job. Go check it out. It's pretty good.",0,0,0
blg-AyFdvGt6zhKDoEWYLA,PEIJCT5I73SmjYx2HAzcBA,sx78R7rQB8x4I0AUB81H5g,1.0,2021-02-28 16:21:54,"I tried to return a rug that I really loved because my IRobot was getting tangled on it. I didn't have the receipt and the front lady, floor supervisor who deals with returns said that it was not returnable because it had been used and had hair on the bottom (I have a cat, off course anything on the floor will have hair). I have returned things here before with and without receipt. I throw this item's receipt away because I was sure I was going to keep this rug. The rug was in perfect conditions. She was just trying not to be helpful. Costumer service is pretty bad and I am not going back to this store ever, and that would be my advice to anyone I know and whoever reads this review.",0,0,0
tGQqpvS7PfZJvsw0Ic_m2g,uzQz0MP2RlGPO8gQdt9wnQ,XX7z9VwFGScGpJL0mxjn5g,1.0,2017-12-30 05:17:59,This store is a mess! Nothing is in order and the employees and not helpful whatsoever. The store has a great location but needs new management so it can clean things up.,3,0,0
r2FylB5dtY2C_MSpmNzVbw,PEIJCT5I73SmjYx2HAzcBA,JR769FnCuNtMVYfAz3rAew,2.0,2020-09-27 12:40:34,"I really don't want to waste my time and energy on unfavorable reviews like this one but I need to finally bring it to someone's attention! And truthfully it's a one star store, I just can't bring myself to click on the one star above!   I'll preface, that this store is convienient to my house and the Publix I shop in so if I need a quick gift or a shirt for my kid, I head here first. And EVERYTIME I DO, I regret it!   This place needs to evaluate their management structure from a district level, they're obviously not checking on the store, training the  manager and coaching the staff. So terribly mismanaged. A. the store is always dirty. B. They are the most unfriendly staff, only greeting you (half the time) when you walk on since their sound a capacity count. C. They had 5 people cleaning the store last night and 1 cashier with 5 people in line at 9.30pm. D. the staff never has a sense of urgency or respect the customers time. E. staff would walk by me and not engage or greet me like many other stores do in this area. F. the cashier's ball up your clothes instead of nicely folding it in your bag. I ALWAYS have to refold it so it doesn't look like I sat on it on the way home before giving my kids the shirts I just bought them.  Last night, more notably, after I gave the store loss prevention person a look, a cashier finally came to help the other cashier, after I waited behind 3 woman with full shopping carts. She asked how I was and I said annoyed and then she dropped it. So for future reference, when a customer tells you they're annoyed, they obviously have something they want to say, engage them!!! Then she proceeded to ball up my 2 dress shirts, adding fuel to the first as I clearly already pointed out I wasn't happy.   This store needs to brush up on cleanliness, customer service training, properly handling customers purchases.",5,4,1
2D2OTveIn4zEkXjvfUOGnA,5td9jU7klOD8hi_QiTYwQw,3oa6Qxs_2SFAyUDhF5B7Tw,1.0,2019-09-06 16:57:58,"I was shopping in this store with my two year old who was at the end of her rope for the day. It was admittedly a difficult day and I was doing my absolute best to make it out of the store without a total and complete melt down. My daughter tried on a dress that she really loved and when I went to take it off she started to completely lose it. I decided to pick my battles and she wore the dress to register to pay for it. The very first question I asked the cashier was if it was possible for her to remove the tag and scan it while she wore it. The cashier said that was possible and I made my payment. I was shopping with my sister and I left early to take the kids to the car. Once I left the cashier asked my sister if we were together. The cashier went on to tell my sister that the employees had been watching us the entire time we were in the store and that it is not okay to wear the clothes in the store. Completely caught off guard, my sister responded, Well you know two year olds. I obviously would have preferred that my kid kept her own clothes on but sometimes life doesn't work out the way we would like things to go. I was very hurt and upset by her comments. I called the store back to talk with a supervisor who agreed that the comment was inappropriate but then went on to say that wearing the clothes is a safety concern due to the security pins. However, the store provides fitting rooms to TRY CLOTHES ON. I also don't understand what that has to do with, ""All the employees were watching you"". I literally ended the phone call with the supervisor in tears. I shop at this store regularly but I do not feel comfortable returning at this point. I would suggest moms of small children don't shop at this store because their employees believe they are being paid to be judgmental.",0,0,0
23acBQEojX3oHUnPjNKg4Q,--_lZuj_WCGnDG6n0emlRg,_uuuUYbtY29jIp8pl7jrfw,1.0,2019-09-02 21:48:03,"My husband and I took my son to Ross in voorhees about 20 minutes ago. While we were checking out my son was trying to help the cashier and scanned an item or two. (The scanner was facing us) he got excited and told her he scanned it for her. And in return she got snippy and told him to stop. I pulled him back and got snippy back and said I'm sorry, he was trying to help you. She said hes not helping hes being really annoying and now I dont know what items I already scanned. In the meantime, my husband is removing my son from the situation... I told her I apologized once, but she should not be working in customer service if she cannot handle kids. She replied she has 2, but I need to learn how to discipline my child. I said EXCUSE ME  ?!?! I told her she needs to watch who she is talking to because I can only control myself for so long and told her I will wait for the next cashier and took my stuff ( half bagged) to the next line. She repeated to tell me if I learned to discipline my child, it would be fine and asked for the bags she rung up back. I emptied my shit into the cart and threw the plastic bag at her. Told her she needs to quit her job because she cannot handle customers.  The next woman apologized several times for her behavior regarding the manner and gave us 10% off... that is not the point. Since when is it okay to tell a parent how to raise your child ?!?",1,0,0
2hdiKBMfGfBUCelMAqT1fg,uzQz0MP2RlGPO8gQdt9wnQ,A_MoeJWlaFPZgfLGwgSucQ,1.0,2018-09-23 01:27:52,"If you want a dirty experience and subjected to racist cashiers, then shop here.   If you want treated well and anything resembling appreciation of your business, don't.  Shameful place.",2,0,0
DX0jp0uxpODTQcgdfmtiTQ,55NEsyt6mgvQ3L0WimvpJw,zShZM_7gg8cQ8RqNteEPgQ,5.0,2017-10-07 12:53:57,My favorite Ross in the tamp Bay Area! The employees here are very friendly and always greet me when I walk in. Their shoe collection and home decor are always my favorite. This store is very clean and organized. They don't have a ton of merchandise in here but I love it like that because you don't have to look through racks of clothes that have been over stuffed. My go to place for a quick deal!,3,0,0
_nCdIqTecTg561rxnGC5OA,cbAolLuAoWG9r7HSup27Rw,zWa8g4RdaWVRjqDyxrAAvA,1.0,2018-11-21 00:42:16,"Go in looking for some Christmas items and get followed and harassed by the employees. Ask what the issue is and they say it's due to the size of my purse? I'm here to purchase something and come to Ross weekly purchase and to look at new items and because of my purse size I am followed. As I'm looking at a jacket a women comes so close to me she is touching my shoulder and purse and acts like she wants to see something on the small rack i'm looking at, look over and see she's actually a Ross employee. This is so ridiculous and Ross has now lost a long time customer because they cannot train their employees properly. You can watch me all you want but to be touching me from standing so close and following my EVERY step is a new low.",1,0,0
XyFEeggm2yIQx49N2uGP0Q,YMpdvQkoAtWPjAvUQ8AB2w,g1sD5hZ9EJv9dSjbupgF0w,3.0,2013-07-07 23:31:53,"a hit or miss store, you never know what you will find. pretty organized. the staff is just alright. the thing I hate most is standing in line and there was only one cashier and about 7 people in line. very annoying, but overall a smooth experience.",1,0,0
h9Ak69qY9jiVbXg9HM7Aig,PEIJCT5I73SmjYx2HAzcBA,BxDgfH3pn-Hq59RJe4V2Ig,1.0,2021-02-28 13:17:58,Went to Ross today where the sign on the door clearly says they open at 8:00am and so does the website. When I called to ask when do they open a want to be smart ass answered the phone and said if I look at the sign on the side of the store door the store opens at 9:00am,0,0,0
Iy6eEk66-yhBfNw-E-EbLQ,PEIJCT5I73SmjYx2HAzcBA,T6_VM-d3_GvvyOpLuUStuA,4.0,2020-09-27 01:09:47,"I'm new to the area, so I asked around about which Ross has the best selection of clothes. Specifically, plus sized clothes. I was told, the Valrico store. I am personally a Ross fanatic, so of course I visited as many in the area as possible, because I'm ALSO picky about clothes, and I've come to find that this location is indeed one of the better stores! They tend to have everything I'm looking for, and a decent selection at that compared to other stores in the area. This location is definitely our go to Ross!",0,0,1
lKbtnBOjHNThy1ZOPJvp_Q,PEIJCT5I73SmjYx2HAzcBA,tYwBMOMEB4u4NFwR9fm4kQ,5.0,2014-03-12 01:08:57,I absolutely LOVE how clean and organized this store is! I was truly impressed. Ross is my go to spot for kitchen goodies! You would be surprised the things I've found here that are triple the price online or in other stores.,1,0,0
ZdI-pkHP4blgIeddgaB1wg,cbAolLuAoWG9r7HSup27Rw,XznJUxOjFrp9k6gistDLpg,1.0,2021-11-04 00:38:54,My daughter had to use the restroom and it was an emergency and they have codes on the doors so I asked the nearest attendant for the code and she shoved finger up at me and walked away her name is Donna real white trash dirty shirt and messy hair real classy,0,0,0
gobZBfDuTSMFuBgefNCRlw,cbAolLuAoWG9r7HSup27Rw,zGXQvyfrVNZXJt_SqYPJdA,1.0,2020-02-24 00:15:08,Unfriendly staff. The employees are talking about drama with their coworkers in front of customers. They were very unhelpful and unkind . Maybe you guys should try new management. Employees don't seem happy to be there .  Sophia was very rude as well and unhelpful when i asked questions. Upgrade your staff and maybe i would come back,0,0,0
mm0nV5uuq5iZHH75WRFlww,--_lZuj_WCGnDG6n0emlRg,0iqyqp9PW7KMUmiFNVVEJA,1.0,2021-03-11 04:53:15,Be careful working here!! Person training me asked me to take cash out and leave it in her locker and poor me listening and trusting I end up with the blame! Sick world! Glad I can share this some way now! Please new people be careful!! If I can only explain the fear and traumatizing situation I went through!!,0,0,0
NPdpwP7Rd9HIj483tFdwYg,5td9jU7klOD8hi_QiTYwQw,CUGrP7-_W27VIkY4gC5-LA,4.0,2020-11-19 03:36:40,"I've been to this location multi times now- & during the era of Covid -19... I must say I'm very impressed. Racks are spaced out, social Distancing is actively encouraged to employees & masks are provided to anyone without one. Hand sanitizer is also available at multi convenient locations- as well as masks are avail for sale for adults & children at the front of the store. This is one of the few places I've felt ok shopping at- as a high risk person. So whether u need slippers a pan or a pillow- let alone a pullover- come shop at this store doing it right!",0,0,0
I1hy1v4C7A2jz-TFgEtTNw,PEIJCT5I73SmjYx2HAzcBA,sBn5m-GManXNZjsiM7lHnA,3.0,2020-01-04 17:29:27,"I have to give this experience 3 stars, and I'll tell you why. It was a Thursday afternoon and all they had was 1 cashier. The line kept getting longer and longer. She called for assistance at the checkout counter at least 2 times while I was in line. I felt really bad for her because she was doing a great job trying to move the line along. She did the best that she could under the circumstances. The management at this store need to come out and assist if no one else is available. There was an employee stocking the area where you form the line with useless crap while all of us were waiting. Maybe he's not trained in checking people out. Train him! It was ridiculous!  Other than that, the store is one of the newer ones in the area. It still remains neat and organized unlike the one near the mall. I'd go back to browse but I'm not sure if I want to wait in that line again. Some people walked out. No bueno.",11,5,9
uk2dlQ6DnCyNWCY74iIPPA,uzQz0MP2RlGPO8gQdt9wnQ,Nli0X4G69Sm7UtRv77SVKA,4.0,2018-10-11 21:37:48,"This ROSS is in a great location. The prices are inexpensive. I did notice Shoppers leaving their children running around the store screaming and unattended. Employees are not your babysitters! Also I have seen rude customers actually throw merchandise on the floor or curse out the employees for no reason other than some customers are RUDE, DISRESPECTFUL, RACIST TOWARDS EMPLOYEES WHO ARE WORKING HARD HOWEVER, THEY HAVE AN ACCENT??? WHAT IS WRONG WITH THESE CUSTOMERS MANY WHOM ARE FOREIGNERS THEMSELVES!! UNBELIVABLE! I would never allow any customer to treat me with disdain or hatred as I'm doing my job, following the policies of ROSS DRESS FOR LESS. Go to Macy's, Nordstrom's and ACT OUT LIKE YOU DO AT ROSS, THEY ASK YOU TO LEAVE OR THROW YOU OUT! Please if you don't have class and some sort of grace, please do me a favor as a frequent CUSTOMER.....SHOP SOMEWHERE ELSE WITH YOUR RACISTS ATTITUDE! Evelyn D. Waters",0,0,1
Qb8OJ6RelM-MEhte76dXGg,--_lZuj_WCGnDG6n0emlRg,Yjz1Tfy6yP7IsZCD2pgRBw,3.0,2016-06-20 04:11:39,"Normally I like this store (well, their other locations). The selection at this location is quite sparse. A lot of their shelves and racks are empty or just have a few things on them. Last time I was there, the associates in the store were a bit rude to one of the customers when I was up at the register. I recommend this store, but not this location.",0,0,0
GJdfP0tfIURbX2YDR8vjIA,cbAolLuAoWG9r7HSup27Rw,g8jD0wUresJjij1SV19A3g,3.0,2019-03-31 18:23:56,"No words, just no words. There are people who love this type of stores, this is not me! I am not sure why I am being dragged to one of those every weekend. I guess I need to re-evaluate my life choices.   But if you want the last year's fashion in a moderate price. Go here!",3,1,1
B8Unz6WMpE9ad16PvmE64w,5td9jU7klOD8hi_QiTYwQw,friAdLjja6wfX3ZzeJ3FYA,1.0,2020-12-03 22:45:49,"Ross Dress for Less should be renamed... Ross unkind to disabled people... their carts cannot be wheeled to ones car.  No bueno ...  I need to lean on the cart to get to my car if my cart is full of semi-heavy items.  They said if I drive my car up to the curb in front of the door, someone will bring my things out.  So this disabled person is supposed to deal with extra traffic and pedestrians, eventually getting to the front of their shop, only to get back out of my car to open the back up for the person to put my stuff in for me.  I don't think Ross management thought this through with an understanding of so many situations a disabled person might have to face.  Maybe I'll change it to 1 star... yeah, on second thought, they just lost another star..",2,0,1
xpjpk15lDiJ6YxShFdrCdQ,uzQz0MP2RlGPO8gQdt9wnQ,Jhdk8OjarHCjISYhRvJvTg,1.0,2015-09-04 14:38:38,About 5 people In line and about 8-9 employees just standing around doing nothing. 1 person on register. Left my cart right there and walked out,2,0,0
2p_6BnLHWFtDzgtkXiRgZg,YMpdvQkoAtWPjAvUQ8AB2w,qoL1wINZ8siP3YAlUfw2rg,3.0,2016-11-27 15:26:54,This is a bare-bone Ross store and it is a hit or miss.  I go frequently looking for things but usually leave empty handed because the selection is minimal.,0,0,0
Vhwzrwnj1IRBKY6xMlFMBA,uzQz0MP2RlGPO8gQdt9wnQ,IQhc6NdF4D-4vhStKhTKVQ,1.0,2015-12-30 00:12:18,What is the point of a HOLD ticket if associates are going to allow other customers to take items off?!? Came during my lunch break and had to put dresses on hold for when I got off work. When I returned several items were missing. Extremely disappointed.,2,0,0
ZVSGswtLoZLAH9gzRAGf7A,uzQz0MP2RlGPO8gQdt9wnQ,GhQQFSKex97Sy4jk4QHsOA,2.0,2014-07-06 19:06:45,I went in for men's khakis.  No selection at all.  The bathroom was obviously not cleaned in a while.,1,0,0
7Xk5xlyyib1RUozy87tPPA,YMpdvQkoAtWPjAvUQ8AB2w,RHBEH_PAHLXaX8qeAe8_gQ,3.0,2021-11-06 00:45:05,"Who knew the kind of buys you can get a Ross.   Clark shoes for under $40.   Cute jeans.   Lots of gift ideas either clothes, kitchen items even some furniture.",1,0,0
wC2Ukk_WqAPI8xAzh_9gJA,55NEsyt6mgvQ3L0WimvpJw,GBOOSbEqcvRqp5X5ZCEfEw,3.0,2017-11-26 01:51:01,"After eating breakfast in the area, I popped into this location and wasn't overly impressed.  I tend to check out the men's clothing when I head into a closeout store because you never know what you may find. Their selection was extremely limited and nothing seemed to catch my eye.   I will say the store was very neat and organized compared to most Ross locations. Maybe that's because they didn't have a ton of product, but at least it was clean. Maybe I caught them at a bad time, but I didn't see anything that would bring me back to this specific location.  Obviously, different locations have to cater to their geographical crowd and this location didn't carry the brands of clothing that I am used to wearing.",2,0,0
2icEPoMX7JlqM58H-V4MGQ,cbAolLuAoWG9r7HSup27Rw,2ZgPSLl6YBe_vijan6NTWA,1.0,2017-03-28 23:03:10,"This Ross store moved, with great fanfare, from one side of McCarran to the other. So itrequired a visit to see what the new place looks like. Disappointment disappointment because it might be one of the worst Ross stores I've ever seen. Everything is in a state of disarray. The lack of merchandise and the lack of organization and the lackadaisical attitude of store personnel sent me to the exits pretty quickly.",5,1,2
LnaEfSs1m4e_37HpDttxWA,scZ4wwY8oaVH9qjzosb1gA,joF9vYIvkCtPaIDHsXXfVA,1.0,2010-10-07 04:13:32,The WORST custmer service ever in department store...!!!!!! I don't even understand why the managers hired these people...!!!!!!! I only have bad memories from here...,2,0,0
WiAzM2y2sTx6OsiHC0RbKw,YoLohjXzONVlkIEMk5IcSA,yp58Q1zpxAHyu-YB53kDvg,1.0,2016-07-01 20:04:04,"This place is beyond disrespectful! I PLEDGE TO NEVER RETURN TO THIS STORE EVER EVER EVER AGAIN! The fitting room is absolutely garbage just like the rude employees! Out of all the times I went there that I could possibly remember, I've never seen anything like this before. Today, Was a very uncalled for rudely treated visit at Ross. The fitting room lady that's so called ""in charge"" was ABSOLUTELY OUTRAGES AND VERYYY RUDE AND UNCALLED FOR!  My mom asked the rude wannabe bad a**  if I could fit in. She says, ""excuse me in a bad rude way!"" She starts getting an attitude my friend obviously defended herself. She kept saying bye bye ok. And, MORE DISRESPECTFUL THINGS THAT MADE ME WANT TO THROUGH THE CLOTHES  IN HER #&*## FACE! (Not to offend anyone but the truth on how they act) They act ghetto towards a lot of people out of my own experience and the reviews on how people act. There are multiple reviews of them being rude to people over the fitting rooms.",0,0,0
X6SWQqW86vQjm20p3ffQzQ,scZ4wwY8oaVH9qjzosb1gA,IMVZIi7x3d3NIQH1T5MN-Q,5.0,2016-06-11 23:13:39,"I've been to Ross in South Jersey and in New Castle, DE but this was my first time at this one in Center City Philly. It's big inside considering the fact that it's in a mall under construction but they have a lot. I'm pretty sure that got sales going on all the time.",3,2,3
BXXTVFOkdcJe3sFXU5-UQw,scZ4wwY8oaVH9qjzosb1gA,y8qV-PhEM0VaWkgv0BD_wg,2.0,2009-05-25 02:07:54,"I like that I can walk into this store and leave with a lot of stuff paying little money... BUT you spend a long time in there because it's disorganized, the dressing room seems like its from a slasher movie, and a lot of the staff members are pretty rude (on my most recent visit the dressing room attendant made everyone put their the clothes away as her and her 2 co-workers were just standing around gossiping... no wonder its disorganized... but i digress)...    and don't forget to check out th e homeware section across the hallway... great for new apartments",1,0,0
m3wCTOkTUpbsQOgkbB0PWQ,YoLohjXzONVlkIEMk5IcSA,Dzip_FVESmUPdBj7MVzuVw,1.0,2014-10-12 00:42:16,"I'm completely in shock by what I saw when I walked into this Ross. It was a befuddled mess in here! Before I even walked inside I could see the checkout line stretched all the way down the aisle. I've been to Ross before when I lived in Texas and it was a great place to shop. This is nothing like that store! Clothes were everywhere and not even in the right order or size, shoes mismatched and looked like they were already worn...it was bad. Even the patrons inside looked like they could've been featured on the People of Walmart site. I won't be coming back to this location. I'm hoping the Ross in Franklin is much better. Not all Ross stores are created equal.",1,0,0
e9n1KSUmgREo5klTA62ZFw,scZ4wwY8oaVH9qjzosb1gA,0mYNAVDIzW4fzgAQ5opGWg,4.0,2010-11-24 15:43:58,"This ross makes me giggle to walk through. They have a varied selections, and a varied clientele and staff. It's a great hodgepodge of different fun to be had. Depending on the day you might find a great deal on some boots, dresses, or anything really. Or you might see a young couple having a grueling fight, or teenagers stealing things. It's really a plethora of different delights.   Basically I just shop there, but the people watching can be very epic as well. Going right after work or during lunch can be seriously intense because the lines get out of control, but you'll probably find something to make it worth your stay.",4,4,1
EYmLaGeMYlsJ0VgAW-K_Lg,scZ4wwY8oaVH9qjzosb1gA,3c6rYodgWAE9Zep3i2Un6g,1.0,2017-01-29 01:22:42,January in Philly and nary a pair of gloves or hat in sight!! What the front door??!  BUT the staff were SO nice about the whole thing that I actually didnt mind turning around & walking back out into the frigid cold,1,0,0
uCpc7XNOmFCbvGe3pdsE4Q,YoLohjXzONVlkIEMk5IcSA,WSptrgW8NLFBNvw1FOpifw,1.0,2012-03-04 00:07:00,"I've been to this Ross about twice now. First time, I needed some socks so it was in and out but I still noticed that the employees aren't cheery or friendly. They just check you out. Second time, I went to look for a few tops. I noticed that the selection was skimpy and it wasn't very organized nor clean. The store ran out of Ross bags and they resorted to clear trash lining bags. I've been to a number of Ross and this has to be one of the worst ones.",2,0,0
QJC1WTR9lWJcY1dPZY9C4A,scZ4wwY8oaVH9qjzosb1gA,uPr3t2M-OykA8M_oro7j1A,2.0,2013-08-06 00:42:21,"The only reason to venture to this gross place is the awesome deals. I LOVE Ross stores and whenever I can't get to one in the suburbs I have to gather all of my strength and patience to go to this one.  There are tons of great deals from dresses, to shoes, to house stuff, and I always find something for the closet or the house...but the atmosphere...is not pleasant.  People that work there are extremely unprofessional, last time I was there they were literally standing by the register discussing in detail their weekends ignoring the long line. One girl was just brushing her hair like it was her house? Everyone looks miserable and unhappy to be there. The dressing rooms are disgusting, with the weirdest bathroom smell and most of them don't close. There are always tons of loud and obnoxious people there...with kids. And the line is always long and slow moving.  So yes, I love Ross but I hate this store...so good luck! =(",6,5,0
IhPZcgAB3aWnnaQ9YvNXlw,scZ4wwY8oaVH9qjzosb1gA,9Kdk1OFn5dE9WaS_KEOpIg,4.0,2013-08-07 20:06:01,"I love Ross! The bargains can be incredible and they always are getting new stuff in so you've gotta be quick and impulse buy. The staff are pretty nice too. I must go in there a lot because the security guards recognize me. The one complaint is that the register lines are slow but you've just gotta be prepared for that and not be in a hurry. It's like Aldi, where t's worth not having as many staff and waiting a bit longer to keep the prices lower.",0,0,0
u3P9curNRAKocWpMycU7Ug,dB8MGAiPlqcUrI9ysI62GA,1kVjDa0lupEe5uhnj28sdw,2.0,2018-03-25 01:14:15,Meh. Is all I really have to say. It was a total disappointment. The only reason I gave 2 stars was because my mum found one shirt she liked.,0,0,0
087tty4fo8NDnc2usjDEcA,YoLohjXzONVlkIEMk5IcSA,cHQX-NYnY9pD34nrTdljKg,3.0,2012-06-01 21:23:05,"Not sure why there are poor reviews for this place? But you get exactly what you should expect. It is after all a discount clothing store. If you have some patience you can find some great deals of some real good clothing. With that said, it is going to be a bit of a mess in there, so be prepared but who goes clothes shopping for anything other than getting new sparkly clothes so you can go run the town.  Its not a bad place, I am not too snooty to shop here either, maybe the others feel they are too good to shop in a place like this? Who knows, but when I am after a decent pair of jeans for a decent price this is a good place to start.",3,0,0
Ww8EvEkatEIZLuu7URzO7w,YoLohjXzONVlkIEMk5IcSA,w-hg9fO4EYJTffKbWBrGRA,1.0,2012-02-07 15:26:42,"I'll preface this review by saying I love to 'treasure hunt' at places like Ross, TJ Maxx and (maybe someday in Nashville - PLEASE!!!) my favorite; Nordstrom Rack. I grew up trying to find cheap 'trends' for back to school at these places, as my parents gave us $200 and we had to make due.   That being said, this is the worst Ross ever, which is mighty mighty unfortunate as its 2 seconds from my house and in any other case I'd be there regularly. Its always been dingy and had long lines, but lately its included the following:  Zero selection: it looks like its going out of business but its not. I can always count on a cute dress here, but lately its been mumu's rejected from my old Girl Scout leader and a pant suit my granny would eschew from her 'church line'. Additionally the entire wall that used to be full of useful small items like running socks, hair bands and panty hose is literally barren.  Customer Service: Um, there is none. I recently returned a dress on the 30th day (I know, my bad) and still received a flimsy paper voucher for my 'credit' - they cant even offer a gift card. Like I'm not going to lose a 1 x 2 inch piece of paper? I also waited in line for 25 minutes while some guy sat behind the desk right in front of me filling out paper work (he was a manager). Priorities much?  Blech, the aisles are always awkward, the sizes never in order and the 'loss prevention staff' are obvious and super creepy.   Look, I'm obviously not in Nordy's and don't expect as much, but this place has gotten so low brow and ridiculous I will save my bargain finding fun during trips to Portland/Atlanta for H & M and the Rack.",6,4,1
z9inT68uzd2LB6892dYQHA,ufaXLv3_JPtHjlqDrK6V8Q,Xw7ZjaGfr0WNVt6s_5KZfA,3.0,2011-06-02 00:05:50,"Ross!  I went into the store today to check on your progress since my last review!  I was shocked to discover that you have actually learned something!  I walked in, and I immediately noticed that the clothing was more organized on the racks, there were no messes or clothes on the floor and things were grouped together by size!  The second thing I noticed was 4 (count 'em) FOUR registers were open, as opposed to the previous count of one total open register!  There was still a line, but it moved quickly and there wasn't a long wait to check out.  It was fantastic!  I rewarded your efforts today, by not only purchasing a dress (I was able to find it easily, because the racks were organized by size and the fast moving line gave me no excuse to not get it), but by coming on here and boosting you up a star.  Why not a boost of 2 stars?  I want to make sure that this isn't a fluke, Ross.  Don't get lazy as the summer goes on.  Keep up the good work and that fourth star will be yours, and I will visit your place more often.",5,2,2
ZLqvkIt7iTQEmbACfuiO9Q,scZ4wwY8oaVH9qjzosb1gA,gcqtu-sFDVetEpVvfzCbiA,2.0,2014-06-15 14:36:51,"They have  really amazing stuff , and I love shopping there. But every time I am there, the customer service is worse and worse.  My last experience, I picked up these shorts that didn't have a price tag and instead of asking for a price check she just randomly named a price. When she was scanning my items she was literally just banging things like hangers on the table. She looked super pissed. When i asked her to get some help from someone for price check she said there's no one here. Really ??? Because earlier when I was trying on my clothes, I had to wait till the three ladies at the fitting room finished their discussion about clothes, lunch and haircuts. I started talking to my husband to kill time and one of the ladies gives me this attitude saying ""do u wanna try these on or not ? I am trying to talk to you"" really ? How would I know ?  Terrible experience like always. If they didn't have reasonably priced stuff, I would never return.  You can go here to shop, but don't expect any pleasant experience. They really need to work on their customer service skills.",3,0,0
3fLTLODvtmDRDwPPqDfFSA,ufaXLv3_JPtHjlqDrK6V8Q,Xw7ZjaGfr0WNVt6s_5KZfA,2.0,2011-04-27 21:39:13,"Oh, Ross, you are an enigma wrapped in a riddle wrapped in a mess.  Let's start with the good.  You carry all kind of clothes, but specifically, the dresses you carry are great.  I can find anything here, from casual to dressy and for a really great price.  There are dresses here from the same brand as dresses I have seen at Dillard's (for a lot more money).  I love to come here and look for a nice sundress, when I need one for a summer party and the ones I have have become boring.  Now, the bad.  Oh, Ross.  Why do you have only one register open out of seven?  Don't you see the super long line this creates?  Don't you realize that most times I don't visit you, because the length of time I stand in line isn't worth the money I will be saving by patronizing you?  I mean, there are TWO greeters at the door.  Couldn't one of those ladies be working another register?  Certainly they have more skill than just saying, ""Welcome to Ross!"" when I walk in.   Also, your aisles are super narrow and your shopping carts are super wide.  I understand that you are pressed for space, but a few inches would make a world of difference.  Also, wouldn't it make sense for customers to NOT push their wide carts down the aisles, thus blocking anyone else who would like to shop in said aisle, but can't, because it would be a squeeze?  I thought this was common sense, but here we are.   Last but not least, all of the sizes are mixed up.  You have 2's mingling with 12's and 6's cavorting with 10's.  There's no rhyme or reason to this.  That's one thing if I'm at a thrift store, but Ross, you aren't a thrift store.  Don't sell yourself short.  Get organized!  Let's be honest, Ross, I am being very generous with my two stars.  You know it.  I know it.  So many simple changes could be made in order to make this store great.  PLEASE start with opening more registers.  There are people who would LOVE a job right now.  Hire more people.    In conclusion, Ross, you have an assignment: 1) Hire more people and open more registers. 2) Expand the aisles.  More space means more shoppers! 3) Organize your selections by size!  2,4,6,8,10,12...etc.  In that order, Ross!  Don't get creative!",5,7,4
qnb0akfVfs8M33pIfsNPDQ,ufaXLv3_JPtHjlqDrK6V8Q,2lm5d_cjIAyMs_HGB-c6Cg,4.0,2011-12-04 15:33:06,"This Ross store has a special place in my heart.  It is sort of the drunk and disorderly little sister of the deep-discount box stores, but oh, the treasures that await!  Maybe in part because of the disorganization, I have had great luck finding off-season stuff...  flower pots in the winter, gloves in the summer, random things that you wouldn't find at other stores.  I had great luck recently with curtain rods, but I did have to bring back one of the first ones because I managed to buy one which, despite being in the box, was missing half of the rod.  It is really great but really exhausting to go to this store - I can understand why some would stick with Marshalls or Stein Mart.  At the same time, if you are not hungry, cranky, or wearing uncomfortable shoes, I would recommend giving this store a try because you can really find some great bargains!  And if all else fails, you can walk next door to Target and regain your composure in a clean, orderly retail atmosphere.",2,2,0
IbmJ58RtLE_A0iE6BuWTEQ,scZ4wwY8oaVH9qjzosb1gA,VnD9lZjizpOcioIJlTqQpQ,3.0,2009-04-30 20:43:46,"Ross - Dress for Less!    Das ist der Inbegriff für Schnäppchenjäger auf amerikanischen Boden. So gut wie in jeder größeren Stadt gibt es die grossen Ross Märkte.    Ross ist mehr oder weniger ein Outletstore für Damen-, Kinder- und Herrenbekleidung.    Die Kette kauft Restbestände von Markenartikeln in großen Mengen ein. Diese werden auf meterlangen Stangen nach Größen und Art der Ware geordnet. So hat man schon mal ein Stange von 10 Metern nur mit Poloshirts in Größe Large.    Hier braucht man Zeit und einen gewissen Suchsinn. Wenn man dann aber etwas gefunden hat, bekommt die Markenartikel für wenig Geld.",0,0,0
TQcEq9pIe4kIrAcfBby2Cw,ufaXLv3_JPtHjlqDrK6V8Q,9mmsVL4T7iGQ7UJBDUh9zw,4.0,2017-07-20 01:40:19,Found good deals and fast check out! My wife is 6 months pregnant and was looking for cute maternity shorts and founds some great ones she truly loved. We didnt think we would actually find maternity clothes but they have a nice selection.,0,0,0
7deezyaSJLz94_-9e6YLlQ,scZ4wwY8oaVH9qjzosb1gA,mZrbrAAtQ0Xmt_MMUEs6Kg,3.0,2017-05-29 23:35:56,"Ross... first off, I forgot this store is broken up into 2 parts. If you're a guy and you're shopping for yourself don't even bother with the 8th and Market St. entrance. Just make a left and enter at the middle of the block and then left again for the men's... Ross.  This review is for the fragrance section. I've heard some great things... that great scents could be found here, but it's very much hit or miss and much of that could be based on location. I could imagine that this is the type of place where a stock person could hide the best offerings to buy for themselves. Anyway, there's definitely some truth to what I heard. I went to the mall (King of Prussia) after leaving here and I found some of the very same scents at Lord and Taylor and Macy's at twice the price (D&G, Burberry, Ralph Lauren, to name a few). While they're at the lower end of the spectrum for department stores they have stronger selections than what you'd find here in Philly.  So there are 2 reasons why you should be checking out Ross now and then.   1. You never know what you might find.  2. You never know where it might come from.  A major part of catching these deals is being there at the right time and knowing what to look for (because there will be no sampling... correct me if I'm wrong). The selection definitely looks picked over or disheveled, but the scents themselves are boxed in plastic and I think some even had an extra theft proof box around them.  I'll be back.  FUN-FACT: The women's scents are on the women's side... Oh snaps!",1,1,0
URamfLYjOEAG2U7eBe30dQ,scZ4wwY8oaVH9qjzosb1gA,X1nvKXUJ5Lp3W9Oe-_JrMQ,4.0,2011-12-02 21:12:37,"I can't believe I've yet to write a review for Ross. This has been one of my favorite stores since I first found it in San Francisco in 2002. I was thrilled to spot one here on Market Street when I moved to Philly, too!!   This store is a great place to find brand-name clothing that's in good condition - that just didn't sell at other retail stores for one reason or another. I've found great deals, on very cute clothes, shoes, and accessories each time I've shopped at a Ross.  NOTE: It does take some scrounging and some time to comb through each of the overly-stocked racks - so don't just come in to browse for a few minutes. This is serious shopping. This place is all about the ""diamond-in-the-rough""s.",1,0,0
zD-vWQMUsTJs0NWTJoha-A,NUEZ5O_c8jKFgPQzrJqxqQ,LMRWYavK0oxYeuV8okFzCQ,1.0,2018-03-19 14:43:39,"Sunday afternoon- ALL 3 checkout girls were clearly unhappy, the line was consistently very long and the fitting room lady looked overworked and very frustrated. This store has changed, Hermitage has changed and needs a lot of attention. I don't plan to visit Ross in Hermitage anytime soon.",0,0,0
sO3EDGJMBUrLmj4vslZWPA,ufaXLv3_JPtHjlqDrK6V8Q,whYH-r80TOnLWGS5XDHfUw,1.0,2012-06-05 18:37:16,"While I would like to have a look at what they have (I'm assuming it's like TJ Maxx or marshall's), I just can not stand the crowded, disorganized atmosphere. Everything is out of place. Size 6 is NOT the same as size 9 in shoes.  Kids run rampant. The line for the sole cashier was across the store all the way to the wall.  I felt like I needed a Xanax to even be in there. I couldn't get out fast enough.  I'm giving it one star because I think there might be some good deals there. Somewhere.",2,1,0
JofDeUwIh3vS1HssVuTKFQ,scZ4wwY8oaVH9qjzosb1gA,m8SxtOXLKiWVP_OrzFYhRg,5.0,2010-10-14 11:42:53,"Dress for less, ein absolutes ""Must go"" wenn man in den USA ist.  Man bekommt Waren von letzten saison oder reststände von Markenbekleidung.  Preise bis zu 80 % reduziert vom original Preis.  Damen und Herrenbekleidung sowie für Kinder. Von Unterwäsche bis zum Anzug alles dabei, sowie Sport und Outdoorbekleudung.  Ich war teilweise in einem gewissen rytmus drin da wöchentlich neue waren kommen, die natürlich aufgrund der Preise auch schnell vergriffen sind!    Man bekommt auch haushaltswaren, Bettwäsche und Koffer günstig!    Bringen sie viel Zeit mit, da das shoppingherz aufgeht und beim stöbern viel Zeit vergeht! :-)",1,1,0
tYhNm7X6En8KFzuRKTOg6A,scZ4wwY8oaVH9qjzosb1gA,h4aOjzxO04wz8Koqtl-d7w,2.0,2017-10-04 22:14:08,"the store is divided into two separate buildings ,not a problem. great place to find something ,but not enough cashiers. could use more big men and plus woman clothing variety. staff rude to not too rude ,but you get what you pay for.",0,0,0
rYpykOml2pN8qsscHZGA0w,ufaXLv3_JPtHjlqDrK6V8Q,EQpFHqGT9Tk6YSwORTtwpg,4.0,2014-02-27 23:09:07,"I only went here once but there was so much clothes in my size and I found so many cool things!! Hello, can you come to my location. My Ross sucks here!! Thanks! I'm gonna have to fly back to this Ross. LOL",1,0,1
QDvNi2W1LblpfQJP0DuXZQ,ufaXLv3_JPtHjlqDrK6V8Q,5bEWih6n1PEfGfBixw5gUA,4.0,2011-07-09 03:52:45,"I LOVE Ross!!! I bought an awesome Columbia sport shirt at this store for only $12!! The only annoying thing was the fitting room, loud women screaming at one another, they were so loud you could hear them in the store. I think the employees could have said something. Oh well, guess you don't shop at Ross for the nice surrounding but instead the bargains.",0,0,0
3MONuk2t16IkzHC3gqNBxA,YoLohjXzONVlkIEMk5IcSA,h7p-GuaHFGsiKCF4g6Bjqg,1.0,2016-08-16 23:42:20,"Messy, disorganized, kind of my personal nightmare. I'm not usually much of a Ross shopper anyway (to be upfront about it), because the thought of 100 different dresses on one rack and having to sort through all of them is NOT my thing. Some people are bargain shoppers. Some people get anxiety in disorganized stores packed of stuff. I'm the latter. Do I wish I were an amazing bargain hunter? Sure. But it's just not me. If you're a bargain hunter, this might be a goldmine for you. For me, it was just stress and no purchases.",0,0,0
jXAeuKU7bXeh_I2Ss8JPoQ,YoLohjXzONVlkIEMk5IcSA,kOBGZhVRMouxsjYDhyyUtw,3.0,2011-03-27 02:49:27,"This location is very busy, so the messiness of the store proves it. I don't think I have ever been in a ROSS where anything is in order (particularly women's shoes). If you need a specific size, it's best to start in the smallest and work your way there because no one seems to keep up with the clutter. I do think the selection is wonderful and prices are good, but it's such a disjointed store that it's getting 3 stars. It's the thrift store of department stores.",0,0,0
DMcslS2nJwSR2mwYWXNyhQ,scZ4wwY8oaVH9qjzosb1gA,Ti_CQer0yogcmyA04mZRGw,3.0,2010-09-02 00:09:48,"The Center City Ross usually has a good selection of bath and body products - nice shampoos, lotions and washes at really good prices.  The clothes tend to be hit or miss -- more often a miss, but with the occasional really good hit.  The staff can be hit or miss, too, running the gamut from screaming at/to each other and ignoring customers to being really jovial and helpful.  Bottom line for me is that good things can be had here but you'd better have the patience to really dig through racks and shelves, and maybe to wait in a long line when checking out.",2,0,0
VoSJdz7S3PbDERT2vhTESQ,SkC-BPQZKF_TqHjeMufJdg,_bc-VZTbjTkS7X1UOLWb3w,4.0,2016-03-11 18:30:22,"In and out of different Ross locations all of the time. Love to feel like I'm getting a great deal when I'm shopping. I can find something for just about every member of my family including the dog! Housewares, clothes, shoes, jewelry, accessories, lingerie, chairs, dishes, towels, toys, whatever you need, you can most likely find it at Ross. Sometimes customer service is less than desirable...",0,0,0
VgNBm8xkXsDTCaQsBsrdBA,dB8MGAiPlqcUrI9ysI62GA,Qx5RP0y3VzyKplHYD9WHlg,2.0,2016-09-10 01:04:40,Was very disappointed that this particular Ross had no maternity section. Very low selection on kid clothes too.,2,1,0
Lx9luk6QOZYn6HubQkaDJA,scZ4wwY8oaVH9qjzosb1gA,dP7jUG3nSN5XYik-sOWGig,3.0,2015-05-30 03:57:06,"When you just enter the store, it smells like an extremely dirty bathroom.. Once you're in though.. I can't imagine how I've never been to a Ross store all this while..  I went there for a bag, and they have an extensive collection of bags. MK and CK totes and crossbody bags are up for a steal! I scored a CK bag for $30. A way better deal all than I would've gotten elsewhere even after applying coupons.. I just walked by the clothes section though, and it's a hot mess. I couldn't imagine digging in the rubble of piled up clothes. Overall, if they spruced up their racks and used some air freshener, it would be an instant hit! Will definitely be back for more bags.. and more.. and more!!",1,1,0
Sk09U81uzM1oQL-_wm-klQ,scZ4wwY8oaVH9qjzosb1gA,r5h0kbC4w5lupsSCoxZtwA,4.0,2010-07-26 22:11:45,Kickass Converse for 10 dollars. Can't knock that!,1,0,0
DY2blFUMjSu66yoT5eBeCw,ufaXLv3_JPtHjlqDrK6V8Q,cigDxklpo3s-MBqdsv0j0A,1.0,2015-08-02 04:53:50,"Today had bad experiences.The staff today had absolutely no problem or customer service skills.A Pair of black pants didn't have A price.Went to customer service to get A price. To spare the details about the incompetency; The result ended in me having to go and find a pair of pants with that name brand,and bring it back to the costumer service. What the hell! I am not on the payroll there.two managers,one helping out at the cash registers because of long line,the other just unapproachable. Tell you what,I was very upset because those pants were perfect fit,style, material,and I would have walked out with A smile instead of disbelief.one star just because the store was open.",0,0,0
7QwHsfHrAUpeHZBZaeLOTg,YoLohjXzONVlkIEMk5IcSA,O1ZZ_Fw3ygHtxOMG3vVm6w,1.0,2014-10-03 18:10:17,"Does this location even deserve 1 star? The lines are INCREDIBLY long all the time. They will have 30+ people in line(seriously) with 2 cash registers open. Walk around and what do you see?? 4 or 5 ""employees"" straightening head bands or belts. Basically doing NOTHING  to help with the line. I will NEVER go back to this store. Every time I have tried to shop there the lines have been horrible, the place is so dirty, and incredibly unorganized. Who ever is in charge of this Ross location evidentially does not care at all about keeping business, customer service, or over all cleanliness. Yuck!",3,0,0
G7gAgb4t-ze-laJY9gl9vg,SkC-BPQZKF_TqHjeMufJdg,LE6XBJHaN1Z3DCzw_zgqbQ,1.0,2015-05-17 14:06:54,"The store is a mess! They had dirty clothes, I'm taking pink baby outfits covered in black grime hanging on racks to be sold.  When we did finally find a couple good items for a friends baby shower, we head to the register and get behind next person in line. When they leave my daughter starts to put the stuff on the counter. The cashier walks away and then goes over to her co worker hangs out for a bit and then comes by the reg again and turns off the light and walks away never to return. At which point the returns lady calls the person behind us up and starts ringing them up. Not one word said to me during this entire 10 min thing. I dropped the stuff and took my daughter crying out of the store trying to explain to her why we were not getting her toy.  I was half tempted to walk out with the stuff that I was trying to buy! I will never be visiting this store again! Wow!",2,0,1
rXWkFauJdcu77v4_I8WB_Q,ufaXLv3_JPtHjlqDrK6V8Q,rnIRew2B_tmfWJGAuWmCdQ,4.0,2011-10-10 03:49:03,I am a huge fan of ross!I love finding cute shoes for cheap!The only problem I have here is it's a huge mess.Nothings every organized,0,0,0
shIfBhYS82xCJhY2bqHbhw,YoLohjXzONVlkIEMk5IcSA,jXpf7tBCkPpQGNPrBpqeKw,3.0,2018-06-13 02:55:36,"Typical Ross you'll find in other states. They do hold a lot more options of women's clothes like shirts, dresses, and skirts. They hold a lot of iconic brand items like Disney and Marvel. There other selection of home goods,  toys, etc was a different story. Prices are cheap as usual. It's close to their Walmart and other shopping centers.",0,0,0
eM9K_j_73n5ifnpu03nX2g,YoLohjXzONVlkIEMk5IcSA,f5Vq7c49_a-HSpUZlMXKmA,1.0,2016-05-12 16:56:56,"Every time I come to this store, the lines are outrageously long and there's always someone either rude or not even paying attention working the dressing room. I guess I just settled thinking this was how they operate, and come on my days off (when standing in line forever matters slightly less). What's worse is, they typically have only one, 2 if you're lucky, cashiers working at any given time. I really love it when they have 5 or 6 employees working on hangers or whatever while the line is 20-30 minutes long. Last night I was treated so poorly, I will NEVER return to this location. (I come at least once a week). As everyone knows, Ross isn't exactly known for its organization...so when I grabbed a pair of shorts, thinking they were labeled ""S"", and on a rack with all the other smalls, and didn't even think twice about trying them on, I was a little irritated when I got home and found that they were actually a size 5. Woops. No big deal, I just had to find another outfit to put together, and I'd just return them. I have never had a problem in my entire life returning ANY purchase-even without receipts you can get a store credit at almost any store.  However, last night I came to this Ross with my receipt, shorts WITH ALL THE TAGS STILL ON THEM, and original bag they were tossed in just TWO DAYS PRIOR. When I walked through the front door, there were at least 20 people-if not more-standing in line. I made a face of surprise, and the cashier Amanda at the front said ""Should know better thinking you could just run in here"" and laughed. I thought it was really weird of her to say, but I went ahead and got in line since I had driven out of my way to return these. 20 minutes pass by of people who don't understand personal space while I'm standing in line, and t's finally my turn. I approach AMANDA'S register, after she had wasted my and everyone else's time in line chatting it up with the ladies in front of me, and say hello. She pulls the shorts and receipt out of my bag and makes this face as if she just opened a dirty diaper. She asked me if I had a cat. I said 'no do I look like a cat person?' And giggled. She then says ""I am not returning these. You clearly put these on a dog or something."" I then calmly tell her that I thought these would fit and got home, realized they don't. She said 'so was there anything wrong with these?' and I said 'No they just didn't work'...she then says ""So there's nothing wrong with them, but you want to return them?""..at this point I'm thinking ""WTF, Do I need to give a written statement or something when returning an item??""...I said ""I'm just trying to return them, they didn't work. I tried them on and they don't work. That's all."" She then tells me I am clearly trying to pull one over on her and wore them. (PLEASE keep in mind at this point that not only is the ROSS tag still on these, but the brand tag that sits over the hip is still on these, and that I would've had to go on stage wearing these, and that's a ridiculous assertion). I just stood there totally confused...and she said ""look these have little wrinkles right here, you clearly wore these""...At this point, my blood is boiling and I've already started mentally typing out this online review, and I tell her 'this line is really long, and you're trying to confront me because I didn't steam, iron and press, then lint roll these stupid shorts? You're kidding right?""...She said 'I can take this shirt back in here if I can check to see it hasn't been worn but these shorts were worn'...SO, I ask for my crap back, throw it in the bag...drive 30 minutes to the next Ross, walk in, am greeted warmly with no line, and was given a refund immediately with no questions asked. HOW HARD WAS THAT AND WHY DID I NEED TO BE QUESTIONED LIKE I WAS ON TRIAL! THEY WERE $10 SHORTS!... AMANDA....you have no business ever confronting, questioning, or accusing a customer of anything....if you even suspected someone was up to no good, you get a manager..or loss prevention..you NEVER start a debate..it's not your job to police people. You're there to provide a friendly face and complete transactions. That's it. I am so insulted and will never return here EVER again.",5,0,0
CjQ51KdoiHLlDNX2FbbLjg,ufaXLv3_JPtHjlqDrK6V8Q,EMJV9rib660I4RpMsbzWbg,3.0,2011-07-11 00:40:19,"I only go in here when I have some time to waste... and I mean a LOT of time. It's a big disorganized chaos, but I suppose it's worth it to find a good deal. I usually stick to the perimeter of the store and avoid the clothing section. Digging through disorganized racks is bad enough. Feeling like you're going through airport security upon entering the fitting room just makes it worse.  I've purchased luggage, bed sheets, kids shoes, kitchen items, and more here... all heavily discounted below what you would typically pay at a department store. And, higher quality stuff than you would find at Target/Walmart. It takes a bit of effort, and definitely a lot of time, but it can be worthwhile.",5,2,0
wOSi8BeCBztsZ0WmPSxG5w,scZ4wwY8oaVH9qjzosb1gA,V2eCt4UTWHp4VPVAaif6Ig,2.0,2018-08-19 12:17:52,"Was not impressed with this store, my first time in a Ross store. At this location they follow and watch you to see if you are stealing, even though the store has more cameras than the Secret service!! And clothes were not as cheap as I was expecting, alot of the sneakers are knockoffs, ugggghh!!!",1,0,0
wmVSbDRTvGYJuAPulVqJhA,scZ4wwY8oaVH9qjzosb1gA,wi_w-Ew9LgrEEFkUMPmsFg,3.0,2017-06-23 09:10:19,"The last time I  shopped at this Ross , it was OK,  I visited the Ross on City line Ave, Stay Away!! The shelves are never stocked, the place is always messy and the workers could seem to care less! Not a good place to shop .",0,0,0
92lwKcwyDDHlrX77hSN-4g,YoLohjXzONVlkIEMk5IcSA,kOBGZhVRMouxsjYDhyyUtw,3.0,2013-01-15 04:32:59,"My most recent visit was better than the last. The store was very clean. However, everything was so spread out and inventory was minimal. My question was when are they closing the store?",1,0,0
BaktXibHas48NoSonZWxGQ,SkC-BPQZKF_TqHjeMufJdg,DqkdF6q4OGhVT6d8F0Jb6Q,4.0,2016-03-01 15:28:59,"Success! It's nearly impossible for me to find fashionable plus size clothing at a discount store and this trip was particularly important as I needed to dress for a job interview. I was lucky enough to find a designer shirt in my size that looks professional but can also be dressed down. I love the clothes they have here and the other merchandise(especially their candle selection), I just wish they had larger sizes when it comes to the shoes. I have large feet as I'm a tall lady and they have really cute stuff just never in my size! Aside from that this place is great!",0,0,0
UHXWK-o2cIs9I_6-xX3qqw,SkC-BPQZKF_TqHjeMufJdg,m-B84SM1su5L5HsSwjKP9w,5.0,2014-10-23 04:41:40,Even though this location is kind of far I don't mind the drive because this location has way more than the others on my side of town. I went today while waiting on a friend for lunch and found about 3 pairs of shoes I couldn't walk away from! The location was well stocked in every section and there's so many good deals on everything.,0,0,0
Y7jLkk5hUNx79B3g_jK8Qw,scZ4wwY8oaVH9qjzosb1gA,OLGQ7alK4VKl3YdQk6UF5g,3.0,2015-04-07 14:30:03,"This Ross is a little confusing since it spans across two retail units. If you enter off of 7th street, the women's section is to the right and the men's section is to the left.   That's the general rule of thumb, but the electronics and fitness sections were on the left side with the men's clothing.   Once I got my bearings the confusion was worth it because I was able to find a running belt for $7. That wasn't happening in a sporting goods store. The selection was slim pickings and they had what they had.   With the hit or miss nature of the products, you'll walk out loving or hating it. It's worth a shot if you are looking for something at a discount or just want to browse without any specific goal in mind.",1,0,0
H3dLdeshanAXThPqbhCaAw,scZ4wwY8oaVH9qjzosb1gA,RRsbPGYyKJ3zqMMkzcHZaQ,3.0,2013-12-12 21:50:25,"Ross is what it is. You go here for a deal. And, deals they have. But it's a hodge podge of a place. You really need to weave your way through the trinkets, random goodies, and what not. And, sometimes they have something you really like in one size, but not your size. They often get inventory in that is never restocked, but rather replaced by the next thing they get at a price that allows them to sell it at a discount.  But you don't go hear for a high quality experience. You go here for the hodge podge of a deal place that it is.  My wife and I got what we needed and the price was right.  The one thing I found weird about this location is that the men's side and women's side are like two different stores. We had to pull a ""let's meet in the middle"" when we're both done route.  But hey, you sort of get what you pay for at Ross.",2,1,1
Utnl5as_TzEqyY621CkKbA,NUEZ5O_c8jKFgPQzrJqxqQ,LO-U65ru8sOE8p7W0OK-Ow,3.0,2014-05-14 22:17:36,Ross has had just what I needed on a budget more than once. The inside isn't glamorous.  But the selection for my needs even for a formal dress in a rush and under $20.00 has made it a stop for me and my friends.,0,0,0
l05YmtMHJqCpkFm2JoXDsA,0_zkJZc4GbOzZlEMYCaOUQ,UI22qrdULOccVyWGhYDI8A,2.0,2014-01-10 04:40:47,"This is probably the worst Ross I have ever been to.  I have been to all the ones in town, as well as some in San Diego, Phoenix, Oahu, LA, etc. It is a decent sized store, but it is never well organized....even if you go first thing in the morning. ^__^ Not only is everything in disarray, but they don't seem to have as much merchandise as other locations. Their home goods selection is especially lacking. Customer service is okay, but not as friendly as other locations. And definitely not as friendly as the staff from TJ Maxx and Marshalls!  I would drop by this Ross if I happened to be shopping at the Pier 1 Imports next door, but I won't go out of my way. ^__^",1,0,0
xExFffLMwG2V6-709f3oFg,scZ4wwY8oaVH9qjzosb1gA,1OSARXZ-t1RDY2JgbLY_oQ,3.0,2008-02-21 03:09:58,"I don't think this Ross is that bad, especially for a discount store in Philadelphia. This Ross has a really good selection of housewares, specifically kitchen stuff. Skip over the clothing section, but check out the shoes, sometimes they have Steve Madden stuff.",1,0,0
RPL-A9ZEdjkVK7jHnuwfKQ,scZ4wwY8oaVH9qjzosb1gA,POiefi6ui-e5u4gnxctMHA,4.0,2018-09-30 20:15:21,"The stars are for my friend's shopping experience. She found numerous cute and adorable dresses. That was the highlight for her. She also found some cute casual sweaters,shirts and active wear. We went there twice while in Philly because she thought she got good deals. We met two women in Reading Terminal who suggested this place. They weren't lying!  The men's clothing and shoe section weren't as good as the women's section.",0,0,0
R0zY7fo8V2uerLeEw6i0tw,SkC-BPQZKF_TqHjeMufJdg,vimEpZnvi38O0Vz5uaNj4g,1.0,2012-06-13 04:00:17,"It's in a strip mall with Home Goods, Michaels, Lane Bryant and a bicycle shop.  I have never been to a Ross before, but figured it was like a TJ Maxx or Marshalls....um, I think NOT.  There was a security guard at the front door-sketchy...made me not want to enter.  The store was a mess....stuff tossed of shelves and yet the racks were pretty barren.  I saw only off brands, no name brands and the quality of the clothing looked very poor....ie. synthetic matieral.  They had shoes, none that tickeled my fancy, clothing (men's, women's, kids, plus, petite, maternity) home decorations, bath items, kitchen items, men and women's frangrances.  Some people must like it because there were people shopping.  Good for them, but count me out.",1,0,0
uaKEcfsJU-YIX03aTZIcpQ,scZ4wwY8oaVH9qjzosb1gA,G0Mu95b3NXx3EO7gw6B1Zw,3.0,2012-05-15 16:56:14,"3.5...Hit or miss and usually longer lines (HINT go to the men's side for a shorter line) It really is fun to walk through and browse to see what they have...  I love me some bargain shopping and they have a ton of items even including luggage (wish I would have known that before I got my ugly green set from K Mart). It isn't the cleanest store and the employees leave a little to be desired that is for sure. But look for what it is, this place is great and convenient (right of the 8th and Market Septa/Patco lines)  There is a restroom back by the ladies fitting room, but was out of order when I went. As for shoes, if you are a size 11 or higher - don't bother lol!",2,0,1
gq-bxMDZwbzawzKO1mZ5nA,YoLohjXzONVlkIEMk5IcSA,cVfKtZN4xalqh6dsUhddfA,3.0,2015-02-09 06:01:31,"I go to this place atleast once a month, and I have been a customer since 2008. I like the baby clothing and toys  section. I do find some good brands  for almost half of their original price once in a while. However, there are times that there in almost no inventory and I barely see baby cloths or toys.    One thing that I can always find here is my favorite  purse. I almost bought all of my purses here.  There are some other household goods, like curtains, carpets,  kithchen stuff, some beuty products,  shoes. But some times the inventory is to the minimum.    As for the store, it is  not a very organize store and the lines  for checkout get very long sometimes. The stuff are ok and some( but not all) are professional.  When it comes to  returns, always have your recept with you and make sure what you have bought is not being used atall. They are kinda strict for returns.  All in one, I think the store could and should be more well managed and organized...with all that I would recommend checking out Ross, and I think It worths checking it out. You may find pretty good stuff for very discounted prices.",0,0,0
2eR7TPxy8_DHcpC9Gq_Cfg,scZ4wwY8oaVH9qjzosb1gA,OkPDUqWmARCh4XdhK-m-Vg,4.0,2008-10-25 14:10:27,"Unlike another reviewer, I have shopped here within the last 10 years.  In fact, I shop at Ross fairly often. There are 4 local to me but I always prefer the one on Market Street in Philly.  I have to present myself in a professional manner at work. To go out to a department store and buy a suit, I am looking at spending $100-$250 each if there is a sale at Macy's.  Maybe some of you can afford 10-20+ suits at that price, and thats fine.  However, I can (and do) get great suits and suit separates for a fraction of the price.  I'm talking $10-$50. Sometimes I need to make a few alterations for better fit, but I own a sewing machine and can drive my car to my alteration specialist.  I've also bought casual clothes, shoes, etc there.  Everything has held up wonderfully for me, and I'd have to say Ive been shopping there for almost 10 years now. Nothing has fallen apart on me, nothing has disinigrated in my washer or dryer.   It's not always true that you can get things at the outlets for the same or cheaper price.  In fact, quality at outlet stores has completely   changed and you may find the better quality item at Ross. Many outlet stores now run their own lines and no longer take the markdowns and clearance from their name brand stores. That's right, outlet stores are starting to make cheaper clothing with cheaper materials that resemble their normal pricey stuff, and consumers buy it up like they are getting good deals.  I've had far more clothing from outlets fall apart than Ross.",6,0,1
v-RBvPUZ4rbPv5hBPwd9_A,uvhMMDPUCDvKVqblkyhccQ,poIygVhr5Y_IzgPINwnpsA,5.0,2015-03-09 20:45:14,"I introduced my man to ROSS and he loved it!!! We just got our first house and he bought a bunch of pictures and kitchen knives. The doc aisle is my favorite! They have toys for half the price and great deals just all around! I recommend you coming here for clothes, bathroom, kitchen, gifts and etc. before anywhere else! We will be back for sure!",0,0,0
Nauq3UYrFxJJyFQySiufZQ,0_zkJZc4GbOzZlEMYCaOUQ,dR5K7ybTFxf-PobaCwKQXg,2.0,2013-04-27 20:21:31,"This Ross is just kind of lame.  It's got the same selection of other's Ross's but that's all it's got going for it.  The parking lot feels kind of sketchy. There were overflowing trash cans everywhere outside. Inside it was super busy.  The dressing room seriously smelled like a baby's diaper. I know Ross dressing rooms are never great, but I haven't encountered one that smelled so bad before.  And then it just took a long time to check out.   Not really worth it.",3,0,0
H7wzny_nxY37jubvkxDp5A,b4FADWEztjbpF29P47RJTQ,WYNXicjK_V36OdXRDzeBvw,4.0,2012-01-20 01:45:05,"I love Ross! If you're the kind of person who doesn't like digging through stuff to find a deal, then go elsewhere. If you get satisfaction from getting an awesome deal on quality clothing and housewares, then Ross is for you! I found a great Guess coat here that was on clearance and I didn't see at any other Ross I've been to. I had no room in my luggage, but I bought it anyway and MADE room.  So many good deals to be had...stop paying full price for stuff you can get like half off!",1,0,0
fyGDGETCrjR-lH5f-c86Dw,scZ4wwY8oaVH9qjzosb1gA,w1VEx5DWK5j0CPuejatsvQ,1.0,2017-01-10 12:58:08,"The staff here are sadly lacking in customer service skills, and simple social skills. I was in town visiting when my father passed. I was in desperate need of a black suit without breaking my budget. I was elated to find a nice Calvin Klein suit for $30. I tried it on, and it was a perfect fit. At check out I encountered the rudest cashier ever. The scowl on her sour puss face was enough to scare away customers. I asked if I could have the hangers and explained I was wearing the suit to a funeral and I was trying to avoid unnecessary wrinkles. She rudely told me no while a manager arrived on the scene. I spoke with the manager and pleaded for the hangers and she said we can make an exception this one time. I was like wow, thanks! Miss Rude, and Crude cashier completes the transaction dragging the slacks all over their filthy floor to ensure my slacks would be filthy to buy. I paid with my bank card and due to my many purchases BOA put a security block on my card and the transaction was declined. The manager shouts as loud as she could DECLINED! I paid with cash and I could not believe the ignorance of the woman who was a manager. I will NEVER shop at this location again! Hey Ross clean your filthy floors, and fire the losers before you are closing all your stores due to ignorant employees.",1,0,0
tXafzN8dDjr_W1sBMydepg,NUEZ5O_c8jKFgPQzrJqxqQ,_qRphMRxUzp_Vjk7ZIjWBA,3.0,2013-04-24 23:29:38,To me Ross is kind of like a bootleg TJ Maxx. Same concept but not quite as cool. I have found some cute kids clothes there and a couple of things for my boyfriend but never really anything for me. They just don't seem to have as much inventory as a TJ Maxx. One pro is that it never seems really busy in there. It's easy to get in and out.,0,0,0
zjXCw50fGlxoBBadKM87EA,YoLohjXzONVlkIEMk5IcSA,YcSDGPRj-cmmadlaJLTyqw,2.0,2013-02-10 15:25:24,"2013/027  I've never been to a Ross as sparsely stocked as this. Where were the narrow aisles among the clothing racks I have come to expect? The aisles were large enough to drive a small car through.  I wasn't here for clothes, but as with the other locations, they made up the majority of the sales floor.   I was here looking for a new pillow, and didn't find any goose down/feather ones. Not that I expected to. They did have lots of polyfill. I ended up buying one at Burlington and intend to come back to Ross for the cheap pillow cases.  Otherwise, the random house goods were not enough for me to stick around.",2,0,0
Z7xfcOj-WEOcziMgc7Ar3A,NUEZ5O_c8jKFgPQzrJqxqQ,JEN8hExTM4ozs-Xpzwhpgw,4.0,2012-11-24 07:22:58,Great finds within a bit of a mess. I like the idea of treasure hunting so its fun for me. This particular Ross has a great selection of men's wear but the whole place has a slight cat pee smell - but you don't notice it shortly after entering. Definitely worth stopping in.,0,0,0
M8aoGswx_CSurCuatkOyPA,dB8MGAiPlqcUrI9ysI62GA,BmRgnDrHFAQGcClwJbldrg,4.0,2016-07-31 20:59:25,"I have shopped at many Ross' in PA and in other states because when it comes to your clothing, shoe, purse, jewelry, home goods, bedding, and gifting needs, you won't be failed (unless your pessimistic). There's never a time I don't want or find anything I like, yet that doesn't give me a reason to shop futilely, of course. Even when you're not in the mood to shop, you don't be like ""I don't want those Michael Kors' shoes"" that would just defy science ha! There's always something to like at Ross. This one in particular, carries pretty much the same merchandise, so it is consistent in that matter. It's more square footage but the inventory and layout doesn't deviate. Yes, there are few things you may find here that you won't find at the other locations, but it's nothing too different. It was clean and organized, and the staff was friendly.",4,2,2
uvFGA7kiPzRMqFRC1bt1EA,ufaXLv3_JPtHjlqDrK6V8Q,pwuBqBf6VnC0JPTHP18Tfw,2.0,2013-07-06 21:27:36,I don't know how I feel about this Ross..usually there's always stuff to find but this place is short-staffed and so unorganized! Things are everywhere and it's just so time consuming to scatter through them!,0,0,0
Xgr__UHM1E5KRK3CPHvG2g,YoLohjXzONVlkIEMk5IcSA,1XgQSawNji4Qq02TJqqEJA,1.0,2015-01-09 18:32:17,"This store needs some help or a new manager. In the section I was shopping there were men's clothes, kids clothes, everything but the size I was looking for. Really isn't it part of the job of the store to keep it organized. I've seen other Ross stored look much better.",2,0,0
FF-kziqW74mz5IRjUrOwBw,YoLohjXzONVlkIEMk5IcSA,4-M38FPX7WsfQmmbXYD8BQ,1.0,2012-03-20 16:35:36,"I'm pretty sure ALL Ross's are the same, unorganized, poor customer service, long waits, and not very good quality of clothing options. This one is no different except they did offer a better selection of cologne the most! That is the only reason I come here.",1,0,0
DD_3YTeWGWSOynsM0BWnxA,0_zkJZc4GbOzZlEMYCaOUQ,oIvFRUiVO4IBG4Lj1gcMzw,1.0,2014-01-26 22:47:58,"They are so rude at closing.   They had a long line during the holiday season and I was near the line, but still shopping and a lady doing go backs basically told me to leave.   I've worked at ross in San Diego and have been in sales for over ten years and that was the worst customer service I've ever seen.  Heres a tip if a custoner has a basket full of items and is still shopping let them shop, maybe your sales will increase.  She could have at least directed me politely to the register once the one cashier helped the ten other people in line.  Rude, the only reason I  gave them one star is for the prices.",0,0,0
_k_OW0NbSsMc4hWVyzXzow,ufaXLv3_JPtHjlqDrK6V8Q,YdRA9W046hdnTQV8jIvo6Q,2.0,2012-08-07 01:22:01,"UGHHHH. I really don't know what to say about this place. I have a love/hate situation...I love stores like these. Ross...TJ Maxx...Marshall's...all stress relievers for me. They're all like a treasure hunt and I love being able to take my time to try to find something AMAZING. This store has potential to be holding some gems...with that said...like, what the fuck? This store is always in shambles. There are things EVERYWHERE. I mean. If I really wanted to dig through piles of miscellaneous items to find prized items, I'd just search my room. My room is messy enough, I don't need to be searching a store also when it's supposed to be stress relieving. :( y'all need to hire some more staff...or something. Shit. The last time I was there, I was standing in line for almost 35 minutes. All because there were only two registers open. Bleh. I got an awesome painting that day though. Haha. It's the silver lining.",3,3,1
oBkn5nCFWf94TrzrGJjaeA,scZ4wwY8oaVH9qjzosb1gA,kIUDNNr0lCzYZ5WjNjsRAQ,4.0,2011-12-08 22:02:52,"My name is Renea and I'm a Rossaholic.  I've been addicted for approximately three years now.  There is something about the thrill of the chase, wildly sifting through clearance items until you find that perfect pair of jeans for $8.  I used to pass this paritcular Ross every day on my way from the subway station to work and it was all I could do to not make daily visits.  I'm sure all the employees had mapped out my paydays because Ross would always be my first stop on my way home.  In comparison to other Ross stores I've been to, this one has a decently large selection particularly for being in the middle of a city.  The clearance section isn't the best I've ever seen but it's still reasonable.  On the downside, this particular Ross always has a HUGE line at every register.  I don't think I've ever waited less than 10 minutes to check out.  Prices at Ross are awesome.  Shopping at Ross has prevented me from ever being able to pay full price for clothing.  ($30 for a pair of pants, WHAT?)  I also love buying random things like dog supplies, candles, and sheets from Ross.  Just talking about it makes me want another Ross fix!!",2,0,0
K3_ipPkNo1HmvsLCW5Z3Uw,dB8MGAiPlqcUrI9ysI62GA,SPuzzZ0VZ1yyD3s9ObLnaw,1.0,2017-04-05 01:37:01,"First off, I wish I took pictures because this place was kind of a mess. The first thing you notice is the security , there were about 3 security guards and one cashier. While walking around the security guards are looking at you and make you feel really uncomfortable. On top of several security guards walking around there was not a lot of merchandise to look at. This store was all over the place and in my opinion was not an enjoyable shopping experience.  I finally got what I came for and waited in line. The line was about 10 people deep and there was only one cashier. It was not until 20 minutes later that the cashier called a 2nd cashier to help. There was more people behind me and you could tell people were annoyed with the customer service. I live around this Ross and do not remember the last time I came, and now I remember why I do not go to this Ross. I most likely will not be coming back to this store again. I would rather drive to the Warrington Ross then go to this one.  Suggestions for this store would be: have more than one cashier at the front of the store when busy. And if they are short handed a simple apology for the long wait would have been okay with me. Also organization of the merchandise would also make this store a lot better. I do not mind the security, the thing I did mind was the Security people ""hawking"" us ( the customers) it felt awkward and made it seem like we were all thieves.",1,1,1
1UUwTii4yWZv9x63a69A8Q,scZ4wwY8oaVH9qjzosb1gA,7He2tF83YGi8cgbPXByEUg,4.0,2012-07-30 16:38:53,"This is another one of those ""gotta hunt for it"" stores, but I always leave with a great deal.  The selection of dresses they have is insanely large and this has become my go-to spot when I know I need a dress for pretty cheap.  Their shoe and bag selection is also pretty extensive and cheap.  The housewares department is definitely a lot smaller than other Ross's I've been to, but that doesn't deter me from coming here.    My only complaint, like others have mentioned, is the lines at the register.  It's always at least 6 or 7 people deep.  The cashiers try to move people as quickly as they can, but I still end up waiting way too long to check out.",4,0,0
JRcS_uuGcL4TQKO5n1OTNQ,scZ4wwY8oaVH9qjzosb1gA,PQTI4lA4VflbfqhPXdGKUQ,4.0,2011-04-10 13:34:58,"Ross used to be my go-to place for kitchen ware, but recently they've downsized that area (in my humble opinion).  I was there one Sat. and it seemed that a lot of people in that section were really surprised at the lack of great stuff we were all used to seeing and buying.  However!  Their men's dept. is awesome, and I picked up three pairs of nice brand-new gorgeous dockers cotton pants for my guy - all for $14.99 or less.   They have a huge selection of jeans too.",1,0,0
hrozmns5IjPFlFGggpL_Tw,scZ4wwY8oaVH9qjzosb1gA,ljNrSuMkdHmAlEyta9cH3Q,1.0,2016-06-08 18:12:04,"Horrible staff from the cashiers to the ""loss prevention"" people. I was in a hurry one day because I wanted to stop in Ross before I picked my baby up from day care. I noticed while shopping for place mats some random dude kept walking past me so many times. Only to realize he was from lost prevention and he was following me like I was stealing. The cashiers always have an attitude. Their facial expressions scream ""I hate this job and the customers"". Stopped in last week and a young African American girl walked in the store right before me. Loss prevention got on his ""walkie talkie"" and described to someone what she was wearing.. Wtf???? I stop in occasionally for candles and other housewares but please, if you want to shop here please make sure you wear your work uniform if you can and walk at a slow steady pace or else loss prevention will come after you lol. Otherwise they will assume your poor and you steal. Oh yeah, don't make eye contact with the cashiers, they may try to harm you lol.   Ps. The bathroom, lamps, and end table sections are veryyyyyy nice! Candles are great as well.",2,0,0
d605yTFZaSTEUX4EHET8Gw,0_zkJZc4GbOzZlEMYCaOUQ,F76i3Syqc_jTR2m2vXGwuQ,1.0,2016-06-10 05:54:05,God I hate this Ross location!!  So damn dirty and kids running around all over the place.  This is worse than a swap meet.  Then they don't even have that much clothes compared to other Ross' in town.  Make the drive to another one and avoid this location.,0,0,0
mVyrOSMsNs-W_ISSgQlQlA,scZ4wwY8oaVH9qjzosb1gA,Mf2NAhMTiYk0DC0fZjhNMw,5.0,2010-10-01 15:16:13,"i am a ross ADDICT!!!!!!!! I work right across the street so i go here for EVERYTHING. the savings are INCREDIBLE!!!! the shoes and bags are my favorite things. they are all current styles and brands and incredibly marked down. i also love the home goods, baby clothes, and bath accessories.",1,1,0
ITeymS8k4QZN9olz9XBf6Q,scZ4wwY8oaVH9qjzosb1gA,B-s-8VUnuBjGTP3d01jsyw,3.0,2017-12-15 17:35:56,"A hot mess. Alarms going off every 30 seconds as people crossed the hall from one side of the store to the other and none of the security guards seemed to care.   While the store seemed large, there didn't feel as if there were as much to choose from as in other stand alone stores.  The store was quite messy - I get it, it's Christmas shopping time and shoppers can be nasty, but have someone at least going through and picking up all the merch that's on the floor.  The funniest moment was in the women's section when one of the shoppers shrieked, ""IVANKA TRUMP?!  HELLLLLLLLLLLLLLL NO. Y'ALL NEED TO BURN THIS MUTHAF*CKING SECTION DOWN AND SEND IT BACK TO CHINA OR RUSSIA OR WHEREVER THE HELL SHE STOLE IT FROM!"" and half the store clapped.",1,2,2
75EfyZP9hEokzYZsXpf3YQ,scZ4wwY8oaVH9qjzosb1gA,8yMYezT_Rik9E6M7L2Vy4w,5.0,2015-07-13 16:58:35,"BEST dress/hat/shoe store in Philly!!! There's a female security guard who remembered me from last year when she used to work the fitting rooms! She said: ""OMG! I remember you! You're that hilarious girl!!!"" I liked that. P.S. This location is the FIRST stop on the Megabus coming in from NYC so it's always my first stop in Philly!",0,0,0
MqrAFUHw5e6etsgmoJPT9g,scZ4wwY8oaVH9qjzosb1gA,u5uHsKvv4foQ5oByT2gu6A,3.0,2013-10-01 03:27:16,"Let's face it, Ross is a messy store that you have to be in the mood to search for treasure and wait in line for.  But I'm very glad it's in Center City.  Many a time, I've had family over on short notice, and have had to run out to Ross on Market Street for towels, an air mattress, yoga mats, etc.  At some Ross stores, I can find shoes and clothes that I like, but at this one, I usually don't spend time shopping for those things bc the store is quite messy.  Plus, I have never found a cute pair of shoes in my size (women's 10) here - they're usually all rummaged through with only the very odd looking ones left.",0,0,0
sFFIjP_YUMSRl7u9UKchLw,scZ4wwY8oaVH9qjzosb1gA,sd8sIzZpuYuj6UpQLAtKSQ,3.0,2013-01-24 04:02:46,"Always find great stuff at Ross for good deals. This Ross is no different. It's pretty big compared to their average stores. There are always great brand name clothing to find for cheap prices. They sell all kinds of things from bathroom, to bedroom to kitchen items in addition to the clothes, shoes, backpacks and luggage.",0,0,0
80H0hkoznQjqg6KDMYx0JQ,ufaXLv3_JPtHjlqDrK6V8Q,xC62zROLFsQNoyv8Igxutg,3.0,2011-04-09 22:23:49,"This store, is usually a mess in the clothing section, for sure. I will only look through the racks if I have to waste some time. Other than that, it's kinda stressful. They do however, have a nice section of bath products and workout accessories that are easy to look through. This store is a plus if you want a discounted price. The last time I went, I had just got done shopping at the Target in the same shopping center. I wasn't about to spend $30 on a yoga mat, so to Ross I went. WHALA! I walked out with a $30 yoga mat for only $13...yes please!",1,0,1
ISDRKAUAE6svRd_t4zcKTQ,scZ4wwY8oaVH9qjzosb1gA,YbCkQ5z_hD2OdsIPllaJTA,3.0,2010-01-04 21:18:54,"I work about four blocks from Ross.  I've scored some decent deals over the years, but never any truly unique pieces.  For me, this place is strictly for work clothes.  I used to buy all manner of clothing -- but noticed that I was accumulating a large collection of a lot of cheap clothes that i only marginally liked.  You can't beat it, however, for standard issue, business casual clothing.  and work out clothes.  and towels/sheets.    so, just go and browse and see what you find.  you might be surprised.  you might leave feeling like you wasted your time.  it's all a part of the hunt, right?  i wish i could give a two-star sub-review, though, for the jewelry counter. know this, the jewelry counter is a clusterf@!&.  why?  the ross employee may only assist one customer at a time.  and you must wait and wait and wait until said customer is done looking at every ring in the case before getting any assistance.  I only keep going back to it because i scored a lovely betsey johnson sparrow necklace once.  so, despite what i know, i went to the counter last week and, lo and behold, there was a pair of tortoise shell rayban wayfarers staring at me -- for $50!  me want.  the ross employee was helping a customer and two ladies were ahead of me.  not ideal, but how long would i have to wait?  it was a disaster.  i gave up after 25 minutes.  i only held out that long because i kept thinking, ""i've waited this long . . .""    i am sure they have the one customer rule for security reasons, but they seriously need to tweak that policy.    and, oh yeah, the ladies changing room ALWAYS smells like BO.  ALWAYS.",5,3,2
pdioUZw6BL4kz-J0YPIsKQ,b4FADWEztjbpF29P47RJTQ,fYAUYuwAhsmpBUtL1N168w,5.0,2015-08-18 00:34:48,"Oh my gosh! I love this Ross! They're way nicer than the ones in Arizona and Texas! They were well organized, not packed, and well stocked! Only thing that surprised me was how expensive their women's tops were.... Still nice!",0,0,0
gFUIjgsT2SSYSIvAgzCTew,scZ4wwY8oaVH9qjzosb1gA,_xkaxXfeODnO_CBieaeQzA,5.0,2010-03-10 18:08:03,"I love this place for the cheapo designer clothes and household items!!! Brand names are cheap - just try and stay away from all the unknown brands because their quality may not be a high. They also have sooo much amazing kitchen ware! I found a LARGE cast iron skillet for $20! I can't bring myself to pay normal prices at other stores, now. I am spoiled on ROSS! I have to go there at least once a week or so, so see what new stuff they have. Honestly, I only find myself shopping at ROSS or thrift stores lately- why spend money at overpriced stores? Take the time to hunt and you shall receive!",3,0,0
6u3R50iH_mI4X1iX5sQwAw,b4FADWEztjbpF29P47RJTQ,b4necRC4ra6rlQFinve3YQ,4.0,2014-08-09 22:30:27,"BOISE, ID: Ross is the best, always easy to find treasures in here.  Today I found some jumper cables and a Swiss Army knife and push-up bars.  What will I find next time?  Only time will tell.  Great place to hunt for bargains.",2,0,1
zASxGRzEH3Ba1VNRHOsPDw,scZ4wwY8oaVH9qjzosb1gA,AnqwSymMFziGD0cmNmtTKQ,5.0,2010-10-02 04:31:00,"BEST Ross I've ever been to! It has one huge side dedicated to women, and the other side across the hall for Men, Kids, & home decor, etc,  Constantly stocked with great deals and findings of purses, tops, and especially shoes! I love going there for comforters and pillows. I've even bought amazing prom dresses for extremely cheap prices!   The line is always crazy long, but the associates ring so fast and the one associate is the best! I never caught her name, but she always found an interest in me and everytime I saw her again, she'd always remember what I had shared with her the previous time.   Only downside is that their dressing room smells like extreme B.O., it's unbearable.",2,1,0
hbJ6oPszYAAYXuKaWLVbgg,scZ4wwY8oaVH9qjzosb1gA,bqkZh1QUSuzeNjs3pceDUw,3.0,2007-11-20 18:47:47,"Hey babes,   Department stores (Macy's, Bloomies, etc...) get a bad rap from hardcore fashion folks. Too cookie cutter, too trendy, too blah blah. Well,  this is partly true and discount department stores (Ross, Marshall's) are their watered down counterparts. Like Red bull without the vodka... not quite as amped up.  Ross Stores are no exception to the rule, especially this one located at 7th and Market, the heart of the Gallery Mall (eek, more on that later). With Nine West castaways, imitation Harajuku bags and dresses not fit for Forever 21 windows, this store is a testament to the mantra ""leave it how you found it.""   Shoes and clothes alike are overflowing from the racks and strewn on the floor, sloppily. With that said, this place isn't all tacky cast-offs. Great for simple basics, comfy sweaters and an occasional winter down coat, you're guaranteed low prices... if you're into that sort of thing.  Often very busy with lunchtime traffic and downtown shoppers, get those BCBG pumps you were craving at 20 bucks, who will know... I won't tell.",1,0,1
LfTYnMTSBdlWsBLNjYd4-Q,YoLohjXzONVlkIEMk5IcSA,RYvqPHFHpkE-N5IFmut8KQ,1.0,2014-10-08 16:00:34,One of the most disorganized and dirty stores I've ever seen. Probably a good idea to try other Ross stores and avoid this one.,1,0,0
Z17JSSHXAavmcQV-k7DrKQ,scZ4wwY8oaVH9qjzosb1gA,nLw0QGZIs-nJYoXOEx6P9A,3.0,2008-11-28 17:00:36,"whatever you do, do not go in here looking for a particular piece. you'll leave feeling tired and defeated. but if you have some time to dig through the junk (cheap, ugly, holes, stains, etc) you can find a gem or five. i have found nice calvin klein heels, a wallet, steve madden flats, underwear and a really cute michael kors wrap sweater.   the atomosphere is straight up depressing... the people that work here are miserable and have no problems cursing at each other in front of customers and i even had one of them yell at me for being in her way. the racks of clothes and shoes are totally disorganized, and the dressing rooms REEK so bad, but it's all worth it in the end when you leave with an awesome find at a ridiculous price!",4,4,2
zODpDTT9ZbapMHlXe__JWg,0_zkJZc4GbOzZlEMYCaOUQ,if38QN_x4bwAv322Edsbpw,5.0,2018-04-03 05:44:52,I don't know why people say nasty things about this place. They offer discounted prices for nice items and they have good customer service.  In fact the store on Oracle Road is open until 1130 pm on a Monday. How can that not be good customer service ? where else are you gonna find a department store open until 11:30 PM on a Monday!,0,0,0
PQzg2u9VJolFLPzWD3Cddg,scZ4wwY8oaVH9qjzosb1gA,EOG-xypxAUS-J2ux4SIQ8g,5.0,2019-03-06 15:43:03,Great clothes selection. Convenient location for bus riders. I Highly recommend. At least they have some good name brand selections compared to the other one in north philly,0,0,0
arcrFLLMLBqpvzCIH0yavA,YoLohjXzONVlkIEMk5IcSA,9aMuLXQN2qfAhWCHoZKfjw,1.0,2014-08-12 17:17:40,"Let me preface this by saying I've only heard of Ross before, never seen one and I'm a huge fan of TJ Maxx, Marshalls, Burlington Coat Factory et al. I'm the kind of girl that will dig through racks of clothes any day to find a great piece at an even better price.  Not here.  This place looks like a tornado went through it a few years back and they still haven't recovered.   Literally the overhead signs say ""Active wear"" and you find career wear, nice try.   Also as a last ditch effort I started just finding a rack and it was just like they have a woman's clothes department, with swim, outerwear, sportswear, juniors, all mixed together. I've seen Goodwills better organized, and that's no lie.   Skip it, it's a pigsty.",3,0,0
bMQnpxhiK8KlDJK2CoLQ-Q,scZ4wwY8oaVH9qjzosb1gA,JWeXuv2B9lRhiXBcIzsi2Q,4.0,2010-11-17 01:34:48,"I love Ross period even though its a little junky its the perfect place to find a dress, nice lingerie, robe, houseware just anything for cheap...  BUT be prepared to LOOK!",4,0,0
_hX_E0tTigVYfmi7oKrIXQ,SkC-BPQZKF_TqHjeMufJdg,JLW2uULP_Q1KXHhToNljcQ,4.0,2014-06-26 22:05:38,"This is one of the better ross stores other than the on in Oro valley, I can always find a pretty good bargain here, from clothes to shoes & jewelry, they have some really good houseware goods also; even if you're in the mood to look for something for your pet Ross has it! They also have kitchenware too.",0,0,0
dlA7UsE_TCam2Bp4_EZAPA,scZ4wwY8oaVH9qjzosb1gA,dblMeSI1ohQXU-AjiFFNYg,4.0,2011-02-11 15:43:15,"I've been shopping at this Ross for years, and recently it seems like they've been focusing on expanding the housewares and less on women's clothes. This is ok with me, I just bought a house and need a ton of stuff. Mostly everything is hit or miss (the other day I saw an awesome ceramic parrot figurine for 1/3 of the price of ZGallerie's site), however they don't really have the same variety/caliber of items as TJ Maxx/Marshalls/Home Goods. (Oh how I desperately want a Home Goods in the city...)  Anyway, here is what Ross is GREAT for: Kitchen/dining items/serving pieces/cutlery, glasses,etc. Seriously, don't go anywhere else for say, a potato peeler, quality knives, pots & pans, baking sheets, and so on. I literally got everything to host my first Thanksgiving here, mostly Crate & Barrel-type pieces. Also: bed pillows.  Here is what Ross is GOOD for: Other decor & housewares, random accent furniture (side tables, ottomans, chairs), baskets, drapes, curtain rods, bedding, cool cleaning items. Would be great if they had a larger selection. Also: Shoes & bags, socks, tights, designer hair/body care items.  Here is what Ross is OK for if you're in a pinch: Women's clothes, esp. dresses. If you have time, though, go to Marshall's on Snyder Ave by Target.  The only thing that really bothers me about this place is how they never have bags big enough for home items or enough wrapping for breakable items. Buying pillows, heavy dishes, etc, sucks when you have to carry them home in a teeny tiny, flimsy plastic bag meant for clothes. Pleeeeease Ross, get paper shopping bags!",3,0,0
6Hn3x5ohCndaTyLN7afRVg,dB8MGAiPlqcUrI9ysI62GA,D78A6KDgxyerAle7HnDy6Q,4.0,2019-07-04 11:28:05,This Ross store is a great store for reasonable priced household items! I go there weekly and sometimes it is a mess but most times it's as neat as most other Ross Stores. I have also found the staff to be very helpful.,0,0,0
YiKtEwfnCD9zDN56Ls93AQ,YoLohjXzONVlkIEMk5IcSA,GeK2CA2UsEdvJTT_EKHIpA,1.0,2014-12-12 01:07:38,For real people? Is this even a store?  I've seen thrift stores with more clothing and organization than this Ross store. All the clothes and shoes are on the floors or everywhere other than where they're supposed to be. Basically people are employed to do nothing at all here.,1,0,0
zAPA2YHuUgfeUpyE6mhAYw,scZ4wwY8oaVH9qjzosb1gA,sCSE0-rqr_1PX7_HoejGpQ,1.0,2016-12-19 22:18:49,I love Ross!Stuffs are great but staffs in toy department are rude and horrible!Having a long day at work doesn't give you enough reason to treat your customer in a rude manner!I am so sorry for some great staffs who work there but I totally forgot to get the name of the 2 rude ladies who didn't even assist me but rather raised voice on me because I asked extra freaking cheap plastic bag because they put all the toys in 1 bag and it started to reap!I will never ever go to that Ross!I will try other Ross who have hopefully well trained customer service employees!You 2 rude ladies should take a customer service orientation!!!!!!!!!!!!!!!!,0,0,0
1TH4sAajMlit3ua04zUDJQ,ufaXLv3_JPtHjlqDrK6V8Q,ZMqLxtAd09Zf6PrekWWKmA,5.0,2019-10-08 22:59:45,"When you think you've found all the deals, you haven't until you've check in to Ross to see what else they have to offer!!! Love this place for my fur babies, my home, my style and much more! Just can't leave this place without spotting something!",0,0,0
XnSzd_sy9CxViIrAzoL3XA,SkC-BPQZKF_TqHjeMufJdg,hla_Au4fcGMHU8PTFd05nA,4.0,2012-11-13 21:46:37,This particular location is one of my favorite's of Ross. And I will let you know why for ladies.  Not that I really want to share all of this but let me help some of you all out. First off this location for some reason has a ton of size 10 shoes--yes yes I know I Have big feet for a gal but this is the place and boom-SCORE-boots galore! Yes today I found some amazing deals on boots and it's fall and I am one happy girl!  Not only this let me share another thing go to the towel section and yep right there boom-SCORE you find amazing deals on dishtowels and washclothes.  I'm talking CHEAP and beautiful they are fantastic and yet cheaper than any other deal here in town. Now for the next thing--dresses--yep you guessed it you can find excellent dresses here and I'm talking this place is stocked full of little cute dresses that are $14.99 and less.  I'm big about finding dresses that make you feel good about yourself.  And of course you can find your size another plus.  Some stores it's hard for them to be stocked in your size not at this location And for the other SCORE--amazing section of electronic gadgets which are great for stocking stuffers. So there you go ladies---Shop on!,5,0,1
flZGCPtEjPSU9blCXbomVQ,YoLohjXzONVlkIEMk5IcSA,HXZNypMDOYPeV6-4RppLwA,1.0,2019-08-05 16:00:26,"This was the grossest store ever. The dressing rooms were trashed question land in the bathroom smelled like it had not been clean and weeks, and the entire store was just filthy even though it was still early in the morning and there was at least 12 employees around.",0,0,0
afSqOd9gyuVsoOkgUri5tQ,0_zkJZc4GbOzZlEMYCaOUQ,oIvFRUiVO4IBG4Lj1gcMzw,1.0,2014-02-06 05:36:15,"Wow, this is my 2nd bad experience at this ross store right before closing.  I come In at the last minute to return a couple of things that my daughter did not wear.  It was five minutes before closing and before the security man even said hi he tells me they are closed.   I asked him if they closed at 10:30 he said yea I look at my cell and it was not 10:30.  I did not plan to shop and I had my receipt so  it would have taken two minutes to help me.  This Is the  worst ross ever.  Unacceptable customer service,  here's a tip to corporate get your staff some customer service training.  I spend at least $100 every payday at this store, over 2k a year. Seriously annoyed!",2,2,0
VmhJbTT2cAG0P08XnyLEUA,YoLohjXzONVlkIEMk5IcSA,k9-ixq5thOj-KQX8V8D75Q,1.0,2014-10-26 23:26:30,"I walked in and the store was a mess, the check out lines were long, and an employee was talking about quitting. The quality of clothes seem less compared to other Ross stores around middle Tennessee. I usually shop at Ross but will not return to this particular one.",3,2,2
slbcN0oxQmydXyGl8AiV3A,SkC-BPQZKF_TqHjeMufJdg,mJy-5ShuwwYRayxRtl6xxA,2.0,2017-05-04 06:21:34,"This store is just a hot mess.  I don't think there's a single area of the store that doesn't look like a tornado has torn through it.  Items are all over, including on the floor.  And as a result, items look disheveled and beat up.  I really wouldn't buy many items from here because they're just not well taken care of.  I get that the stuff is priced very inexpensively, but I still respect the things that I buy and would not treat them in such a way, regardless of cost.  My opinion is not popular here, clearly.    And the parking lot is a horrendous zoo.  People will park within an inch of your car door and not give it a single thought.  I drive through more than I park because I go to Michaels in the same shopping center all the time, and people pull out and drive like overall morons in this area, too.  I have no idea what's with the Ross customer base, it must be the low prices on defective items rotting their brains so much that they forget how to drive safely.  There are other Ross locations in town that aren't quite as hideous all around.",0,1,0
xDpFnBjcumlqSkNvgz55kQ,scZ4wwY8oaVH9qjzosb1gA,QqMeCZMhTFbvz7Em1Jfq5Q,3.0,2016-06-17 22:00:26,"I got a $7 pair of sunglasses here that were originally $60, so I would consider that a win! I did not have enough patience to sort through the racks and racks of clothes though. They had a surprisingly decent shoe and handbag selection, too. If I had to choose between Ross, Marshalls and Century 21, Ross would be the last on my list due to the general lack of organization to the store. But if you are willing to put in the time, you will get some deals!",3,1,1
aLp9LDxJCn8yuxJahytMwA,b4FADWEztjbpF29P47RJTQ,pEsJOHl_7anNR3qX4Z5IFw,1.0,2017-06-01 23:39:07,"Worst customer service ever! They have two lines, one for returns the other for purchases. I stood in the return line waiting for customer after customer who came in after me to buy their things when I had ONE ITEM TO RETURN. It would've taken less time to just do the return than to have me WAIT THERE. It was one item I was returning, not like I had bags full of stuff I didn't want, AND it was a sun shade that didn't even fit my car. I like coming here for the low prices but customer service really needs some work",0,2,0
fBwk-NgoqUrypYIALWgaWg,uvhMMDPUCDvKVqblkyhccQ,QPQUyoPmE2boyPLmVwZUOQ,5.0,2019-05-11 00:16:23,Lots of variety in clothes and shoes. Their plus size section was much better than most.,0,0,0
-lzp6I7JVzShL5rDmw43_w,YoLohjXzONVlkIEMk5IcSA,onRNGNp38MKGFwRj60R_oA,1.0,2020-01-13 18:11:03,"The worst Ross I've ever been in. Dirty, disorganized, low inventory, only one cashier with 9 people waiting in line.",0,0,0
LeFos1UQQt895rUuutOLgg,0_zkJZc4GbOzZlEMYCaOUQ,ix4vKMvdJSUIwXYZ7yaLuA,2.0,2014-01-05 00:40:48,"Lately, this Ross has not had a great stock, the store itself has been dirty and unorganized and it feels as if those who work there don't care about appearance - for their store or themselves. There are some wonderful associates there who do go above and beyond to provide excellent customer service, including the security at the front, but ... there is security at the front due to shoplifters and many associates are usually cranky and have an ""I don't want to be here"" attitude.",0,0,0
JkCi5h-pIm3RuAM4ALawKA,scZ4wwY8oaVH9qjzosb1gA,h0hhO_l-aj2IDGYYd3fGvg,3.0,2019-08-27 21:06:17,Can always find a gem or two if I dig through the racks but holy hell do you wait forever in line. They are forever understaffed at the registers. Management should be ashamed!,1,0,0
otIv-7k3wVc_TBVwiIiDRw,YoLohjXzONVlkIEMk5IcSA,1yklkn8ZgLw9AqNAZ3WRKQ,4.0,2019-10-22 00:02:21,"This location of Ross was a pretty good one. Some of the clothing was out of place, so I moved a few items to the end of the racks to be replaced. I found a fantastic work dress and a beautiful top to bring home to North Carolina. Overall, I enjoyed my shopping experience.",1,0,0
GWASq53X33laOYi_PNbX7g,SkC-BPQZKF_TqHjeMufJdg,LE6XBJHaN1Z3DCzw_zgqbQ,1.0,2015-05-08 20:58:22,"The store is a mess! They had dirty clothes, I'm taking pink baby outfits covered in black grime hanging on racks to be sold.  When we did finally find a couple good items for a friends baby shower, we head to the register and get behind next person in line. When they leave my daughter starts to put the stuff on the counter. The cashier walks away and then goes over to her co worker hangs out for a bit and then comes by the reg again and turns off the light and walks away never to return. At which point the returns lady calls the person behind us up and starts ringing them up. Not one word said to me during this entire 10 min thing. I dropped the stuff and took my daughter crying out of the store trying to explain to her why we were not getting her toy.  I was half tempted to walk out with the stuff that I was trying to buy! I will never be visiting this store again! Wow!",1,0,0
e-vXSdgwQaClXfheUOouzQ,YoLohjXzONVlkIEMk5IcSA,gnV670iQdxZurgY5xJIPjg,4.0,2017-11-14 04:39:35,"We were in a bind and needed some quick items for our trip...although 13 miles away, we know Ross and made the hike.  Great location and great selection.  Doesn't disappoint  Inventory was low, but it's the holidays...",1,0,0
FivNzQeRyABv1FykVFZBTQ,YoLohjXzONVlkIEMk5IcSA,cGHNDJuWF2E40FDk3iKrMw,4.0,2020-11-02 18:38:32,I just like shopping at ross ;) Live like queen at my budget price ;) Good fashion friend  Nice ffiendly staff  Always have new shipments  For the whole family need  Smart business idea ;) MNy stores nearby,0,0,0
RiSz6zoSdFmAkHNwQhiikg,uvhMMDPUCDvKVqblkyhccQ,24ox5K1q6bcF55jaaMxztw,4.0,2021-05-17 02:01:31,"Ross is always a great place to find deals, and Hendersonville has great stuff. I never had an issue, and been pretty much welcomed.   Only one time I definitely did not appreciate: The cashier didn't bag all my stuff and went to break right after so I assume she wanted to get it done and over with, and when I noticed when I got home(since we had A LOT of stuff), I called.   They could not find it, and said they would look at the security cameras to see if we actually had those items and I wouldn't hear anything for like 2 days. I told them what it was IN DETAIL, like to the bit. Then they found it and I went to pick it up.   When I came in, they basically acted like I was a criminal stealing 2 7.99 things. The cashier was right next to me & the security talking, and didn't acknowledge anything that was said or apologized. Or even said ""yes, I forgot to put it in the bag and they were here."" I know she heard us, like I said, we were RIGHT next to her.   I understand precautions but I mean come on. I was there literally an hour ago from when I came in. I just didn't like how they handled the situation at all. Otherwise great store and deals. :)",1,1,1
mhH-_TdVbsgiDcSBBkt0JA,YoLohjXzONVlkIEMk5IcSA,1p8Pu1pvAsuNtuZDtn2OkQ,2.0,2012-02-23 17:39:34,"It's absolutely the place to go if you need a spatula, some old Paula Dean branded whisks, oddly shaped glass containers, a flagon, a 1-armed hello kitty with fingerprints embedded in the plastic, oddly very decent plates, a small screaming Armenian child, one shoe in your size, spaghetti, clothes that are alternately expensive, or not so much that look like they should be at a 1980's garage sale.  You can find designer knock-off colognes, plastic knives, lobster bibs, scarves, a depressed 28 year old man wondering why his girlfriend is going through a pile of garbage, misplaced clothes by the sack full, long lines, people arguing over prices to return things, and a security guard or two.  I've got to say, I find this place interesting in the way I find museums interesting ""why would someone invent such a thing?"". There's a lack of cohesiveness however that makes it not so much a store as a garage where things were priced by someone who didn't quite know the value.  I think the place used to be significantly better, but my time in it over the years it's degraded significantly. I realize it's a dumping ground for overstocked items, but it looks like the last days of a going out of business sale pretty much constantly.  Don't buy anything there you haven't tried on. If you do, imagine your salary, imagine how much of it you'll be flushing in a 20-30 minute wait for 3 people in front of you. There's never a time I've been there where there wasn't a line and a pileup caused, usually, by one of their customers.  Add to this the insanity of the parking lot, and you've got a place that's sort of on my not-visit list... or at least park as far away as is possible.",5,7,0
AWFRiva6da3eUfTBWh8NYA,scZ4wwY8oaVH9qjzosb1gA,6pbNMgTnSYrtPHDN07IXwA,4.0,2018-09-24 20:13:18,"[798]  This Ross Department store is located near the Jefferson Station (SEPTA's old Market St station).  The store is big so it's on two sides of the mall.  The kids on one side and the adults on the other.     Staff is very friendly and helpful.  We found tons of specials in the dress, active wear and shoe department.      We will definitely be back.",13,3,12
gY8dfGiARhOyoePl5SuXsA,scZ4wwY8oaVH9qjzosb1gA,gBpxjo01cpY_5stvzru46Q,5.0,2010-10-07 02:16:14,"I'm a fairy godshopper on my days off.  I found a very anthropologie looking table here yesterday,  a pair of pj pants for a picky cantankerous soul, and a replacement wallet for my friend that had her most favorite wallet of her lifetime stolen at distrito.   You feel like digging, this is the place. You need help finding the perfect LBD to wear to a wedding......don't ask the ladies for help here, this ain't macy's.",3,3,1
HpaU0zbWsrXkkbGLs96mDw,YoLohjXzONVlkIEMk5IcSA,x0HNDBKNxpgQyMo2zbcI9g,1.0,2019-02-05 20:54:17,"Store is dirty, disorganized. Poor customer service as well. Cashier rude to me. I won't go into detail but the other reviewers are correct. Manager unimpressive and unhelpful as well",2,0,0
e6m5uCyp0kv5yGB5Spy-ww,scZ4wwY8oaVH9qjzosb1gA,BHmMszxIdaIEYQ71m4UXwg,1.0,2016-01-18 21:31:57,"I usually shop here and i like it. But the reason why i gave them 1 star because of the cashier attitude, we just asked her for a bigger bag so it's easier for us to carry since we had to walk many blocks to get to train station. she rejected and explained in a bad manner that the bag only for customer who buy a lot of stuff and gave us a mean look. I just don't understand why she is so stingy just for a bag. We will never come back here again",2,0,0
jxiGyEx0fbHnBjfzb94fYQ,scZ4wwY8oaVH9qjzosb1gA,DqkSHfAfJCwXaOQYiSiwHA,1.0,2017-06-28 17:55:43,I'm shocked to know that anyone has a good experience in this store.  It's filthy all the way through (dressing rooms included) so I don't advise trying anything on there. It's also completely disorganized and hard to navigate as the clothing is just thrown up on racks.  Pass.,1,0,1
ENkf8yAQFsZBk8HiSAzeBA,uvhMMDPUCDvKVqblkyhccQ,4JAnwbqo7mxaVsgyJjmcQA,1.0,2020-01-16 02:52:19,"Absolutely the rudest employees in TN. They bark orders at you and treat you like you're an inmate in a prison. ""Place the clothes on this rack. Count them."" (Dressing room) ""Remove the hangers. It says that on the sign there."" (Cashier) I guess customers are expected to do the work for the clerks who have zero personality and are just barely there. This is the place to go for a lesson on what not to do in retail. Don't expect a greeting, smile, thank you or any courtesy. You're an unwanted bother. Will never go back. Our visit was Monday January 13 between 3:30 and 4 PM.",0,0,0
a78Z7tNBg-q8O4SccRi3uw,scZ4wwY8oaVH9qjzosb1gA,6ZNnGHBEk2ZZctdC0fX8vw,3.0,2013-11-08 03:26:35,"It's the average Ross store. It's divided into 2 sections spanning the first level of the market place building. Security guards are viable, but they let you roam from side to side without any  problem.",0,0,1
MI5DGTrmhtv_qdRKYS499w,0_zkJZc4GbOzZlEMYCaOUQ,0al_PCNJaCmpA0L47ePQiA,1.0,2021-06-09 22:37:46,"If you like waiting in line behind 10 other customers, with only one cashier , this is your store!",1,0,0
UjplQrGvEX6hDURT7u2ITw,uvhMMDPUCDvKVqblkyhccQ,ehbiC2dAJX8E8_48gq4AxQ,1.0,2018-02-28 21:37:52,No No No No! this store is constantly a mess!  Unfriendly associates and very poor selection.  I won't be back!  The store smells awful too!,0,0,0
VcfefDnNVHxJ6mmpAQ2lVw,YoLohjXzONVlkIEMk5IcSA,YxDK5-yLQW2zbMP4kdfWyA,1.0,2020-10-15 01:23:20,The cashier would not return my clothes. There was a long line and only 1 cashier. This store has only 2 stars and I can see why. The customer service is terrible. I will be shopping at Burlington from now on. Do not shop here!!,0,0,0
OXca4VCUrlrzgbIdwrZHxg,YoLohjXzONVlkIEMk5IcSA,kkNFDL_bfM4BP65UEaDs_w,3.0,2011-04-14 06:36:37,"Ok, yes, this store is gross. Unfortunately many discount stores, such as this one, are filthy. With that said, I had a clothing emergency (am I the only one who has serious trouble finding a strapless bra that doesn't end up sliding down around my waist?!?) and HAD to find a bra that would actually do what it was supposed to do...support the twins.      Not only did I find one to suffice for the time being, but I also bagged a great deal on a super cute Calvin Klein dress. ^awesome^     But, I didn't stop there. My other finds included some workout wear, and several cool, 'just had to have' items for my precious pooch!     BTW, be careful of the woman working the dressing rooms! She reminded me a bit of the soup nazi from Seinfeld. Scary.",3,0,0
sPSuOLFfVyyUgZ9KDJx0dA,b4FADWEztjbpF29P47RJTQ,BrGtv9e9GxCNi0GPEobAWg,1.0,2018-11-28 01:42:15,"So I was going to changing room that woman standing there was little he obsessed with me just to go win, When I came out Pasco what I can for the rest of the clothes that I don't want to like just hang them back and handed over to me ,  So she had no manners and she was supper aggressive",1,2,0
dZwmdfw65KB-C7zCbWhYtA,0_zkJZc4GbOzZlEMYCaOUQ,n7Ab8Z3273GWtxdFWsO3YA,1.0,2019-11-04 09:38:30,I bought a jacket cause winter is near from this ross! But be ALERT!!! BED BUGS! BED BUGS! I found a bed bug on the jacket!,1,0,0
8uhtmhcRo6CG0U3DTl6N_Q,SkC-BPQZKF_TqHjeMufJdg,OQaneFUkS1rJJvqfUzjb6g,3.0,2021-02-21 21:29:08,"Our visit on 2/20/2021 was one of those ""hit or miss"" shopping experiences. We found a few items worth purchasing. The majority of the available selections were just not the stuff that we were looking for. But don't worry, we will definitely be back another time.",0,0,0
IAp1Md_LHLxbOsrrXPc9HA,NUEZ5O_c8jKFgPQzrJqxqQ,Qc2cGoQ2cIXOOiWDzm5b3Q,1.0,2021-07-10 20:23:28,"Let's not pretend that Ross is trying to be something it's not, because frankly that would be ironic and hilarious. Let us instead focus on what Ross does not do well in comparison to other retail shops in the area. At no point were there more than two cashiers despite the day or the hour (yes even big holiday shopping weekends). The store itself was dirty, things were not properly stored or arranged, team members were frantically being chased around the aisles while there were more than twenty customers waiting to check out. The narrative that a loss prevention specialist needs to stand around while the store burns down is also very questionable. I think that there must be some deep flaw in the way Ross continues to operate all of its stores and continues to think that this is okay. At the end of the day, the service/experience must be tolerable or the clothing/product selection and pricing must be adequate. Ross is neither, and the fact that everyone accepts this and lowers their expectations accordingly tells you all you need to know.",0,1,0
elVu_TopLsLOSY0d4eNcew,YoLohjXzONVlkIEMk5IcSA,IkLdkH7OV9nPgZa9iIaV-g,1.0,2016-08-04 18:26:25,"I went into the store not looking for anything in particular. I was not greeted at all. One of the employees almost walked right into me without saying anything like 'hey didn't see you there', 'sorry', 'get out of my way'. As a store that depends on customers, it might be wise to have good customer service.  Another incident (same guy if I am not mistaken) happened when I was near the chair section. Yet again nearly runs me over. I see ""Loss Prevention"" on his vest and I get it. The job is demanding especially in a store that is so disorganized.  One of the best things for Loss Prevention to do is make sure things are in their place. Then you will be aware if something is out of place.  I do not go into places wanting to serve but I had to report that no one in the store appeared to have any type of customer service training. I could compared it to my Cracker Barrel experience barely 20 minutes prior. I held a complete conversation with one of the ladies in the store and wanted to support company because of her. Cracker Barrel's main focus is food and they still had better customer service in their clothing department than Ross. Please get it together Ross!",0,0,0
9AGXggJsxtnQODAy4fxXPw,SkC-BPQZKF_TqHjeMufJdg,BVTDUseQeiMvOnpSmULtZg,4.0,2020-02-22 17:03:11,My favorite ROSS in town by far! I never have any issues at this location. Always has a fairly decent selection of items in all departments. Employees are generally helpful and curteous. Fitting rooms are clean and well monitored. This location is open until 11p.m. most nights which is super cool! Thank you!,0,0,0
KXVnsE5GWtG0n1NfKNR2jQ,NUEZ5O_c8jKFgPQzrJqxqQ,98C6hdkvSUTsAIQfzRtqKQ,1.0,2020-01-16 20:33:42,"This is the worst shopping experience I have ever had. My mother had returned a present she got back in November 3 days after she got it, they gave a refund receipt. She has went every week looking for the item in her size to no avail. So she let me go pick out some clothing.  We get to the register after waiting 25-29 mins. To a rude cashier who never smiled and got rude with me and my mother. Never apologized about any of it and treated us like liars. I told her this practice was like theft and she proceeded to tell me it wasn't since we returned the item, I said if we don't get a replacement and you got the item then that's technically theft. The girl was beyond inept, I've never seen such horrible customer service skills besides that of a stereotypical Walmart or McDonald's worker. We called the 1800 number on the back and the lady got everything fixed for us. The assistant store manager acted nice when we came back, I will never do business at this location again.",1,1,2
zgPgQ7uNwcGaQu1eaeqfqQ,YoLohjXzONVlkIEMk5IcSA,cMulshlNCI7SqUCatfJCkQ,1.0,2020-01-29 00:47:06,Came to Ross and there's never cashier people only one person and they don't even have manners.....,0,0,0
Erds1Moot8AfuC_7n53fGg,uvhMMDPUCDvKVqblkyhccQ,ehbiC2dAJX8E8_48gq4AxQ,1.0,2016-04-19 00:47:12,this store is constantly a mess!  Unfriendly associates and very poor selection.  I won't be back,0,0,0
PivQp9fklSaHVchFGhVr2A,SkC-BPQZKF_TqHjeMufJdg,d6zIVWiJyPB6PZuAxVexwg,4.0,2018-11-24 04:49:53,"I really love shopping at Ross, but often find myself questioning their decisions when it comes to their stock, since some of them offer an unusually small selection of clothing for men in favor of women. Thankfully, this location had a nice balance.   Coming to this location on a busy weekend afternoon, I expected to find it in disarray, and it was. I'm not sure if it has more to do with the patrons who come here, or the staff, but it is almost always in disarray at this time of week. I do not usually encounter the same issue at Kohls or Marshalls.    So when it comes down to it, this is really a typical Ross location now that I think about it. Except, the selection of men's clothing is among the best I have ever seen.",3,0,6
ukHtcuqH1CbvY-LCOEBVKg,YoLohjXzONVlkIEMk5IcSA,uWhC9eof98zPkvsalgaqJw,2.0,2016-12-09 21:39:15,"TODAY YOU PAY!  BWAHAHAHAHAHA!  It was approximately one week ago that I discovered that my local Ross store had somehow deleted my personal, photos in favor of their own corporate glossies.  How sweet.  NOT!  Although my photos were unfavorable, at least they were accurate and honest.  The corporate photos were not even close to resembling the actual store.  So fast forward to this week and guess what?  Karma comes a-knocking because I visited this Ross in an entirely different state and I found  the same mess that Ross does not want photographed and posted.  Well, too bad!!    If you don't want this mess posted, then change it by hiring enough people to handle the problem.  Also, If you want customers to respect your store, you must first respect yourself and adopt policies and procedures that show you care.    I must say that this store was over-the- top messy and the photos speak for themselves.  Enjoy!  ***Check-out was quick and easy as this area was adequately staffed.",4,2,5
ugybIJxtPijnDSiGiyGBAA,YoLohjXzONVlkIEMk5IcSA,bsTIrxkk1H2ddQhgCoJhjw,3.0,2018-06-12 11:58:27,"Might take some time (and patience), but you might find a bargain piece, and an even greater deal on clearance! Fitting rooms are well kept, staff seems friendly and there are plenty of food options & a nearby theater for this who want to pass time elsewhere as you go on a treasure hunt.",3,3,2
POpBDkUqc8DzJghFFJPc5Q,0_zkJZc4GbOzZlEMYCaOUQ,FAFSh-RgctFzL0-rzBcaMg,1.0,2021-11-21 15:18:20,"This is one of the worst Ross's I've been too! Walking in I could feel how stuffy it was, maybe too many people that the air quality was suffering. We went on a Saturday afternoon, the place was packed. It seems people just don't care, it was such a mess there. Despite the number of people in the store they only had 2 cash registers open, the line ran around to the back of the store. I felt bad for the 2 cashiers who were working as fast as they could.  We saw the line and the crowd and decided to drive to another Ross vowing never to return to this one.   Parking there was ample although very narrow.   Overall, there are other Ross's to patronize that have better ventilation and not so messy.",1,0,0
uyIWxdY_23UHmYq1Co0HVg,b4FADWEztjbpF29P47RJTQ,5qSJlazfKsImLvi0uFV6HA,1.0,2016-07-17 23:00:24,"Horrible customer service. I'm a foster parent so I often have to use vouchers for kids that move in with me. This means I have no idea what size they should be wearing so not taking them isn't an option and they usually come with nothing so I have to take them shopping right after they've met me, when they're going through a traumatizing time. I had staff announce, loudly and repeatedly that they were doing a ""foster kid"" voucher which humiliated my 15 year old, they refused to let me take a cart into the dressing room because it was a ""safety issue"" so instead of my kids being able to sit safely in the cart I had to wrangle 2,3 & 4 year old boys while helping my 14 yo get school clothes. On one occasion the guy incorrectly rang the order so he had to return the whole thing and re ring everything up, with the ""help"" of the manager who had to call someone to walk them through it and the whole process took approx 30 mins, this after we stood in line for almost 10 mins. So rude and poorly trained.",0,0,0
CmbPeUPitWeJrKWTLX8KEA,scZ4wwY8oaVH9qjzosb1gA,bJ5FtCtZX3ZZacz2_2PJjA,4.0,2016-09-06 03:35:01,"As far as bargain clothing shopping goes outside of thrift stores, it doesn't get much better than Ross.  Ross is one of those quirky department stores that I didn't even realize existed until I read an early Mayor Jim Kenney Interview where he sang its praise. But since then I've known to go there to scope just about every clothing and houseware retail item imaginable on sale. Because while they predominately deal with men's and women's clothing; you'll also find discounted bedding, bathroom supplies, shoes, perfume & cologne, and then some.  The catch 22 caveat is that the bulk of the product is deemed unsuitable for regular retail for whatever reason. It might be because the item is out of season, the brand might have since released another newer version, or the packaging is too banged up. But despite that you still walk out with plenty of name brand designer items, and end up paying significantly less. And for that its well worth dealing with things like the off condition, wonky hours, and weird store placement.",11,3,2
1IJdQJl2Aw9Ne4SFH5SR9g,scZ4wwY8oaVH9qjzosb1gA,wjw8AHuyRVXjdPJu5lJpaQ,3.0,2013-09-10 20:36:07,"Ross is good for designer clothes at reasonable prices.  However, when it comes to trends, they could use more which is an honest review.  Sometimes you may have to play Sherlock Holmes to find the designs that you want from this store.  They have alot of apparel where you can mix and match your outfits. As far as the shoes, I'm a size 10 so they are always sold out of the style I am willing to get.  I have to order online.  If you are looking to do quick shopping and have reasonable savings, Ross is a good place to shop.  However, beware of the lines as they can get very lengthy and the best time to shop at any place is in the morning.",0,0,0
l5TYT9lk0IF6YmrsKCXWaQ,GWCQfBlh2uWDZ_GWRUPGpw,OQaneFUkS1rJJvqfUzjb6g,4.0,2017-07-08 17:40:08,Good deals. Various available items at great prices. It's always good to stop in & see what new merchandise is in stock for purchase. We love that it's not the overwhelming expieriences like the malls or other outlets stores.,0,0,2
WjHL8aY6c5SU9Eue4fPQvQ,zUi8q2o7PQt59hPB7o43_g,01Ar67MhrD6kITBSNtbfMA,4.0,2015-03-04 19:52:47,"Ross is good for gifts, home decor and knick knacks. This location is huge and I have shopped here to decorate my apartment and buy Christmas gift for great prices. It is not meant to be fancy or anything. One purchase in particular that I am happy with is this excellent coat for my little cousin. She is 4 and I bought this amazingly warm and stylish coat for 13 dollars! I also bought these really nifty bookends for 6 dollars a piece. Love it.",0,0,0
__odrMtE-NGe091rFt2MmQ,zUi8q2o7PQt59hPB7o43_g,GBOOSbEqcvRqp5X5ZCEfEw,4.0,2016-12-22 13:48:44,"This is one of the nicest Ross locations that there is. I understand that's not saying much but this location has staff members that are friendly, can speak English and the store itself is extremely clean.   It's one of the newer locations so we will have to see how long that lasts but my few visits here are always better than the Citrus Park and Town n Country stores.   This store is large and has a nice amount of inventory. They keep the store very clean and unlike other stores, you can actually move in between racks.   The checkout process here is very fast compared to other locations and overall is a much better shopping experience.",0,0,0
XjaBfwrmANEOG9lTE3vlaA,dOLigqxETVfFkkJUIAay9A,w7hYGRuxJHBLXGR0s0BGRg,1.0,2017-03-05 16:22:29,Have not been in this store for a while. Went last evening. It was a dump!  Merchandise and trashe literally strewn about the store and in the floor!  It looked like a war zone!  Half of the store was empty. Disgusting. Too bad,0,1,0
hjyiXC6WfKdK2Q0e1H0JHQ,dOLigqxETVfFkkJUIAay9A,Qm03k445oOh9VM8ZS0B1aA,3.0,2013-07-15 15:42:46,"Set up nice but the selection isn't very diverse. It's good for clothes and housewares but everything else is lacking, especially bedding",0,0,0
OAc5kJ2g7thhoXXOEBfBHQ,kwAJpj9UglWBnH8aBUo2KQ,VwhzT8r8qlPyTGYZd9ObXA,2.0,2016-01-04 16:38:12,"I love Ross...I'm addicted to this place. Cheap prices and cheap (but cute and wearable) clothing and home goods. This is a newer location, a bit smaller than the ones I am used to. It was clean but very disorganized...the majority of the garments I picked up were a completely different size than what was marked on the hanger. It was very frustrating and I ended up not buying anything...at this location. There is one a few miles from here on N. Missouri that is much more organized and seemed to be better stocked.",2,0,0
v8o_M7leJE0sjU5xSojAeA,dOLigqxETVfFkkJUIAay9A,NAVR2ZziVM8CTqPCtsK32w,3.0,2015-10-10 20:35:16,"To keep the main idea short and sweet, this Ross has damn near nothing in the store. The lack of clothes makes me laugh because it's a clothing store for Christ sakes. The racks are so barren but I must say that although there's a lack of items the prices for the things they do have are low. Don't go in here expecting to find a head to toe complete outfit. In addition to the barren racks they only had two cashiers on the registers. That might be ok for a weekday but definitely not on the weekend when there is a line that stretches into the juniors clothing section. Not only is it unfair to the customers but it's also unfair to those poor cashiers that had to handle the load by theirselves. There was only one other associate I saw in the store and she was working the dressing room and seemed a bit unhappy. It was so bad that a lady behind me in line called the manager on her phone, I attached a video of the line. This Ross isn't one the worst but it could be greatly improved, starting with having more associates and clothes on the floor.",0,0,0
VGvvw12t_41HZTg8xz0sHA,dOLigqxETVfFkkJUIAay9A,qjfMBIZpQT9DDtw_BWCopQ,3.0,2014-09-29 00:15:13,"I like Ross. You can always find great deals on a wide array of stuff, whether it is clothes, shoes, purses, house stuff, doggie stuff etc. This location is okay. There's also one nearby in Wesley chapel in the grove. When I am in the area, I will definitely go here. Given the fact that I live here in the sunshine state, this is our go to place to get cheap nice somewhat sturdy sunglasses. If you don't find also ny thing at ross, check out the other stores in this same shopping plaza including bed, bath, & beyond, Joanne Fabrics, Petsmart, Dollar tree, BJ's, just to name also name a few.",2,0,0
7_9WXys6Vd8FpmkjVlnrzg,dOLigqxETVfFkkJUIAay9A,UJJFLUq9PY8uzzM0-9kiiQ,2.0,2014-12-05 01:46:38,"As far as the choices of Ross stores in the area, this one is much better than the one in the University Plaza. It is in a nice location, along with Jo Anns, Pets Mart, BJ's, and a few others. I have always liked Ross for the prices, because they are cheaper than Marshalls. However, the selection is not usually great. I wish they would get more inventory.",1,1,2
KkEE7k0JqhyI8jlIpliswA,dOLigqxETVfFkkJUIAay9A,3Rh4z7OoZQoH6LXgh783YA,4.0,2016-04-25 02:13:48,Lots of selections and very reasonably priced.,2,1,2
0DYURs43_r9uBTJy3tjwug,zUi8q2o7PQt59hPB7o43_g,JSzIwMqdSI74_ztnbWzsEA,3.0,2014-10-15 14:14:07,"Nice, clean new Ross. So spanking new in fact that it's a bit bare in the sale department.  Got here half hour after opening,  and walked out empty handed. Still preferring the store layout of the Hillsborough and Citrus Park stores.  The checkout lanes were buzzing with confused seniors, and the specialty foods were next to the registers,  not in the back next to cooking tools. Still, certain it will do just fine next to a buzzing Aldi supermarket opening tomorrow!",0,0,1
BinZDHwGklFxc_2Y6Q_CdQ,RG0dEFLHmAcBMGAs1ls8Ww,rppTTi-kfF8-qyiArNemag,2.0,2017-02-13 23:38:41,"I actually had higher expectations of this Ross dress for less because it is located in Carrollwood. It was a lot worse than the one in my neighborhood and I was sorely disappointed.   They have basically the same items as many of their stores however there was less of everything! In addition, the floors were pretty dirty and there were gaps everywhere. I'm not sure if it's because they have limited merchandise but it looks pretty empty in there and it doesn't look like they were going to refill it anytime soon because this is not my first visit here.  I think the main thing that bothered me was that they need to tidy up the store a little bit and maybe wash the floors.",0,0,0
2bi8KL3_c4nhQ1iJMKYvvg,RG0dEFLHmAcBMGAs1ls8Ww,GBOOSbEqcvRqp5X5ZCEfEw,4.0,2017-06-09 01:00:44,"This is your above average location due to the fact that items aren't all over the ground and the store is actually neat and organized, unlike most Ross locations.   The store is clean, spacious and is well spread out along with aisles that aren't bunched together. You can actually walk in between them without clothes rubbing up against you. The apparel selection is average and the prices are exactly what you would expect.    During my visit the store was not very crowded, which made this experience quick and easy.",0,0,0
c40gA5igQ6EgHEARsHPyyA,dOLigqxETVfFkkJUIAay9A,vWn_D48yeEbWpX49NVESyg,4.0,2015-09-29 20:21:44,"Why all the haters? I think this is one of the better Ross stores in the area.  I never leave empty handed, unfortunately I usually buy more than I intended to.  That's why I'm only giving 4 stars :)",0,1,0
nrOrthIotjDbh8A4DeLoGA,zUi8q2o7PQt59hPB7o43_g,kA7sIBVKgWXVwWbpXsUHQg,2.0,2014-10-31 01:08:34,"I've never been a fan of Ross and this store didn't change my perception.   Now I love Marshall's and TJ Maxx, but Ross just seems ""dirty"" to me.  The selection is mediocre at best.    Since this location recently opened 5 minutes from my house, we figured we would pop our heads in one night and take a look.  The store seemed pretty sparse and lacking any decent inventory.  Yes, it's clean, but it's brand new...give it time and the racks will be unorganized and half the clothes will be on the ground.  I see no reason why I would return to this location.",0,0,0
IHEIX2jDdIqNPIY7uS5ukQ,RG0dEFLHmAcBMGAs1ls8Ww,nXoMel2fnA_dbgtZgpS0Uw,3.0,2016-02-27 23:32:50,"3 stars because it's hit or miss. Some days I come in and find amazing steals, other days I feel like I'm shopping at a flea market. Today my search was for an upgrade of my workout clothes and Ross came through with a couple great buys. I will continue to shop here because I like the thrill of intermittent reinforcement, kind of like playing the lottery lol.",0,0,0
MSKBEza7rNvQM0CY6HPmiQ,zUi8q2o7PQt59hPB7o43_g,vZWNh7DMwYVgz3sz-JudwQ,2.0,2016-04-16 20:54:53,"Out of all of the rosses that I've been to this one is the worst. I never find anything the customer service is just ok, It's definitely nothing to write home about. The store always seem like it's having going-out-of-business sale. Buy going out of business I mean  the store is basically empty .  I would recommend going to other rosses the area that have a better selection.",5,3,4
aVe2BgPHdn3p7bgbqns8rQ,dOLigqxETVfFkkJUIAay9A,dG-IkIuNCwshulhLTR3aHQ,4.0,2015-07-11 21:35:21,"was visiting tampa looking for apartments when i received notice that i had a last minute-scheduled interview. went to ross, and for $90, i got a nice buttondown shirt, khakis, a tie, and shoes that helped me get the job!",0,0,0
ph84KwSkVH5GvY2t8aAqnQ,kwAJpj9UglWBnH8aBUo2KQ,tZxDO71lvLePP8i8nqsVKg,1.0,2016-03-25 03:15:42,"This is the first bad review I've  ever written.  I went to the new Ross on East Bay Dr., and I have to say not much to choose from in clothes.  One register was busy, so a girl took me on another register.  No smiles from this girl, and when she talked to you, it was brief and to the point!  I told her she was very rude, and she pushed my bag to me and sarcastically said ""Have a nice day"".  She may have been a manager there I'm not sure, but I will never go back there again!",1,0,0
lK9BgL-ZQ4u7dOT0v3OYiQ,dOLigqxETVfFkkJUIAay9A,jDVTMvaSWWhkaxbL-KslgQ,5.0,2018-08-28 22:12:25,"This place is in an awesome location. You actually might miss it if you don't look up. It's a little bit hidden, but the location is awesome because it's right next to a major road and the highway. You find great deals for your home and for clothing. We bought some awesome sunglasses for my wife. She love them and they were such a great deal.",0,0,1
sGZvtK97MAkwXRF26ctaHg,zUi8q2o7PQt59hPB7o43_g,VL12EhEdT4OWqGq0nIqkzw,4.0,2015-07-23 15:16:52,"Ross stores are always a bit of a nightmare to me.  The clientele is usually one step above those at a flea market or at a thrift store.  They just sort of feverishly rummage thru the clothing racks looking for deals and haphazardly toss shit on the floors or put items back where they don't belong. Oh and then there is the fact that a ""loss prevention"" security guard is needed, and in plain sight.    Thankfully, this Ross is brand-spankin' new, and located in a quiet bay-side city and free of your run-of-the-mill Ross riff-raff.  This store is clean, orderly, well-organized, well-stocked and the staff is a pleasure to deal with.",0,0,0
VjGEsAgq4JX05anDZZPHCw,zUi8q2o7PQt59hPB7o43_g,qjfMBIZpQT9DDtw_BWCopQ,2.0,2015-03-13 14:14:38,"Where is everything in this store?  It's so empty. Selection, options, what's that?  Not here. I know it's a newer store, but still. I would hope you would have more stuff soon.  I do want to buy something. I love to browse around, look for fun stuff - shoes, purses, clothes, house stuff. But, I can't seem to find anything good here.  I go here when I am in the area. Next door is a new Aldi, so I am usually at Ross, Aldi, and the dog store. Hope this store fills up soon. I can always find good deals at Ross, so let's go. Fill up your store.",3,3,4
6afA_A_ZbeVaR6-Xnbfirg,RG0dEFLHmAcBMGAs1ls8Ww,EIt66bYmFr_2kbs5qsL-0Q,2.0,2012-09-24 14:50:28,"As with any discount store, the selection is hit or miss.   I scored a lightweight pair of shorts in my unusual size (26W/50""), pockety enough to not carry a bag at Disney World, for about five bucks. But I found no navy dress pants, which is what I'd come looking for.  The fitting rooms' security was a pain in the ass. The TSA agent wouldn't or couldn't count my (two) items when I held them out in my hand. She told me the items had to be placed on the rack, and when I handed them to her so that they could be placed on the rack (which was in front of her, but out of arm's reach for me), she seemed annoyed that she had to put them on the rack ""for"" me.   Later, when I went out to show and tell, there was someone else working the TSA line by the time I returned, and this one wanted me to put my own shorts on the rack to be counted. I breezed past her while explaining that I already WAS trying something on, and got the hell out of there before she decided to take me prisoner for malcountage.  Next time I see something I might want to buy here, I'm going to be tempted to just strip down in the aisle to try it on.",0,3,0
mnTByALLlKxEdhL1eSwx9g,zUi8q2o7PQt59hPB7o43_g,Um5bfs5DH6eizgjH3xZsvg,4.0,2015-03-09 04:41:29,"The Newest Ross in the local area, it tends to be the best kept. They have a good selection of shoes, of hair acxessories, of purses and dresses. Their tech selection is ..ok, but of course it's Ross, not best buy or tiger direct.  They have a nice selection of dresses, Wether it be for everyday use or special occasion. Give them a look see.",0,1,0
IkFqHYccB6_hZLNvi0vgJA,RG0dEFLHmAcBMGAs1ls8Ww,Jv3V9kU4fNZaFYru5jte7Q,2.0,2014-11-07 12:19:13,"I now remember the reason why I never liked shopping at Ross. I don't know what gave me the impression that the experience would be different. Unfortunately, I was wrong. The selection of clothes were bare. The only reason Ross is getting two stars from me is because of their home good selection. Ironically, they have a great selection for dirt cheap. If, and I mean if I ever go to Ross again it would only be for the home goods. Ross should really consider revamping their stores. I'm surprised that they're still in business. Perhaps it was just this location? For their sake I hope it was.",1,1,0
9HnyeR0wNAueVxfl0Tp3XQ,dOLigqxETVfFkkJUIAay9A,qGzfObNk9oGKlAkIyThTEA,5.0,2019-04-17 23:15:55,Just moved to the area and I am pleasantly surprised that this Ross is open until 12am. AWEWOME sauce! The store is well organized and the place is clean compared to other Ross locations. Will be back again and again!,0,0,0
Vv76_7DuA6fTp_5B_fsKhg,dOLigqxETVfFkkJUIAay9A,sl_48mtTSCtN0Mf6HICaJg,3.0,2017-08-13 09:56:24,"Entering Ross there  was trash literally over flowing from there yeah can outside!  Parking seems limited and farther away than usual.  Hit up sunglasses first which had a nice selection.  I like that I can get names like Kenneth Cole, Guess on the cheap like 5.99 to 9.99.  In this place you have to be patient, but you can find treasures.  There were lots of merchandise missing especially in the cosmetic area, looked like someone's would just snag a brush or make up from the packaging  A woman was working on cleaning up various areas in the store which madder it much easier to shop.  People seem to throw items around and not put them back.  Found a few cute shirts for my daughter!  I always love their hair assessories section and they always have a few adorable Betsey Johnson purses!  Go when you're not in a rush, find some treasures",0,0,0
MDQ1aVm91-MqwkkcdjKyNA,RG0dEFLHmAcBMGAs1ls8Ww,Um5bfs5DH6eizgjH3xZsvg,2.0,2014-01-12 09:16:17,"What a flipping horrid Ross.   1 ... yes 1 row of plus sized clothes. That's two sides to one rack, less than just about anywhere else in the area. Totally unorganized, the store was dirty, and in general, for as large as it is, it has very little merchandise to hold. It feels like a werehouse.",0,0,0
2lqqcTTT2mwzH6w-D_bLEA,kwAJpj9UglWBnH8aBUo2KQ,Um5bfs5DH6eizgjH3xZsvg,2.0,2016-02-20 04:46:56,"For a newer Ross - this particular store opened in October, it sure is ... well, Meh.  Yes, it's bright, but that's where the niceness ends. The stock is minimal, they have one cashier on duty - and according to her, that's pretty much status quo.    Accessories and make up were NIL, the absolute minimun that I've seen. The fashions were pretty pathetic too. About 3 racks of regular, 1.5 of plus & petite combined and too many of Juniors.  The Dress racks were all discombobulated with the sizes all jumbled together. It makes me wonder if people spend time doing this on purpose or if it's just something that the staff doesn't pay attention to when they're putting clothing back.  Meh, I'd hoped to find somthing exciting. Alas, I did not.",6,2,4
owbYHM90GesM5nEKieovFw,dOLigqxETVfFkkJUIAay9A,VbrRjksuNBcjgE4mdkAoCQ,3.0,2014-02-23 00:14:50,"This Ross is located in a little shopping center with other stores such as Bed, bath, and beyond, BJs, Petsmart, Joann's Fabric, and more. This store is really a hit or miss. Sometimes you find something and sometimes you don't. I like to look at the home and kitchen section because they sell things at a decent price. I like coming to this location since it's not too far from my house, but lately the shelves and racks been pretty empty.",5,1,4
2UDJPiLPTP1Q7lpVSo-CnA,dOLigqxETVfFkkJUIAay9A,lhxw-SrSgE9CycFdIxlaEg,5.0,2019-05-06 19:13:38,Friendly staff and very quick lines. Clean store and awesome clothes options. Never hectic- calm atmosphere.,0,0,1
jtH7VRvRZNGiNenhDtM_ig,zUi8q2o7PQt59hPB7o43_g,pkXWe1exvh-aVqYupbiLGQ,4.0,2019-01-22 16:57:30,I like that this is such a CLEAN Ross. I've seen some that look like a tornado ran through it but this one is constantly being taken care of immediately! Good job Ross workers!   We are always so happily greeted when we walk in or thru the store. I'll admit it's hit or miss on stuff but a bargain is always a bargain no matter what!   They have a big parking lot and there are lots of other shop and restaurants around it so that you can build up an appetite.,1,0,1
lyAhN5aWktf1YmZn7BAa7g,dOLigqxETVfFkkJUIAay9A,9EMgczqumS10LYSbsaiKdQ,1.0,2012-05-23 20:51:08,"Used to have a ton of quality selection, has now gone completely downhill :( Store used to be immaculate, but no more.",2,0,0
xfiLjZNMKiRcyzL6rY3QUg,kwAJpj9UglWBnH8aBUo2KQ,dvR8BvIZHRcxwPLN150Q-A,1.0,2018-11-25 00:48:25,"Wow! Horrible service receives by Sonya! I asked if there was a return line and she told me ""NO"" that it was the same line for everything after I've been waiting in line for 20 minutes someone walks by her (im sure a relative or friend) and she takes him!!! I asked once more ""I thought there wasn't a return line? "" and her response was ""oh well someone told him to stand there"". When it was my turn to pay I asked her what was the address of the store and she completely ignored me and when I kept asking she said ""I don't know"" wow! You have no clue where you work.... that's very mature. I asked for the manager who happened to come give her an override and I said I needed to submit a complaint and she points at the sign where it says her name and says sure call and submit it.  I mean these people should just not have jobs and go be miserable.",2,1,0
ePVS2vS0V4lUmlHMHL0_NQ,kwAJpj9UglWBnH8aBUo2KQ,xXpYd-dbhbCvh3cFttKhdw,2.0,2016-02-11 19:20:56,Store is brand new so nice and clean as the time goes I expect bigger selections but you can't beat the prices,0,0,0
vkehoOR0LszzxMWL8zRpFw,GWCQfBlh2uWDZ_GWRUPGpw,FfjFU0luDxPLs5Z5Geqt0g,1.0,2019-02-17 04:09:45,I've been shopping at this Ross for years and tonight I had such a horrible experience I am probably never going back. I went into Ross and I was looking around in the clothing section and I went over to the active wear and when I walked away some older lady that was an employee went over to where I was at and was mumbling under her breath curse words in Russian. I didn't mess up the clothes I just simply skimmed through them. So a BIG FUCK YOU to that lady and if I knew your name I would of been glad to call you out if you can't handle your job then you shouldn't be working there.,0,1,0
PoF3-1zgfTlntxnCJ2QMTg,kwAJpj9UglWBnH8aBUo2KQ,W_8vS2HH5HnAQ55Ced0LQg,1.0,2019-08-22 22:37:44,Walk Walked in got attacked by sales staff and security because I had a drink in my hand ridiculous you guys are dress for less let's not forget it. Go easy on your customers you're not selling high end stuff. Ridiculous policy since half of the merchandise is on the floor.,0,1,0
qF_M4xZvW5gx2WS1BwBpqQ,GWCQfBlh2uWDZ_GWRUPGpw,0M7uHAuyqmgFjSQuS1mH2w,4.0,2016-07-06 18:45:34,"I can't resist stopping here first for bargains. Lots of name brand stuff at heavily discounted prices. The Oro Valley store is cleaner and less cluttered than other Ross stores I have been to. As others have said, I agree the staff is friendly and the lines are never long. The available selection isn't always great.",5,0,1
o0nnA5bP78id8eotycN-2g,RG0dEFLHmAcBMGAs1ls8Ww,zShZM_7gg8cQ8RqNteEPgQ,1.0,2017-12-17 05:02:19,Came here for a few house items and I was shocked at the disorganization. There where aisles where items where all over the ground and it was an absolute mess!!!! There was only one person working at the cash register and the wait line was extremely long. I will try and avoid this location from now on!,4,0,1
hJemZXxntVaXNbxs1dPVRw,dOLigqxETVfFkkJUIAay9A,lhxw-SrSgE9CycFdIxlaEg,4.0,2019-03-06 01:01:09,This Ross is always clean and has very few people. The manager is so nice and friendly and very helpful. I enjoy coming here because it's on a great street and close to home. I appreciate how clean they keep it and I like how they have a great close selection. They also keep up with all the seasons and offer a great selection for decorative material for the home as well as for the kitchen. I always come here when I need something new.,1,1,2
nq_L1upA6redTxy4_c3Nmw,RG0dEFLHmAcBMGAs1ls8Ww,35zi0KYqaerGuCaoTtCgwA,2.0,2021-11-14 18:44:21,The manager closed the dressing room. A clothes store without a dressing room - seriously?,0,0,0
EKrRMvS8JK8FOlVbeMkuuw,GWCQfBlh2uWDZ_GWRUPGpw,0t-O5--DOfS55A620fO_GA,4.0,2011-02-03 22:26:39,"Ross is really a hit-or-miss kind of place.  However, I must say, the Oro Valley location is more ""hit' than ""miss"".  The store is almost always clean and organized compared to some other local Ross stores (ie Tucson mall area). The staff is very friendly and the customers are too!  Like most Oro Valley businesses, customers are more plentiful during snowbird season.  I've been very happy with my bargain steals on shoes, dresses, and kitchenware.",0,0,1
OTtrXmWI8nlegTlm8zUEDw,RG0dEFLHmAcBMGAs1ls8Ww,I6cqTgHlQHV0uYDzFOUlpw,2.0,2021-02-12 13:09:54,"We haven't been to this particular store and location for a couple years, and as I was in the neighborhood running errands, I thought I'd pop in to see if they had any Valentines decorations (they typically have a lot of seasonal items).  When I walked in, I got the immediate sense that I was going to be disappointed...the store looked pretty bare.  Unlike the TJ Maxx in South Tampa which is packed with all kinds of good stuff - from the moment you walk in the door - this variety and volume of merchandise here was so sparse that I wondered if they were even open?  I finally found the seasonal ""aisle"" (I should have snapped a photo!), which consisted of 1 small, anemic stand with about 5 cheap ""Valentines"" themed items: makeup and such with a heart theme.  Wow.  Too bad, as this store used to be a regular draw for us when in the area.",4,0,2
7FfnowIYcG0fdlXfw4i95g,kwAJpj9UglWBnH8aBUo2KQ,SkOZa2tezu9tqRplYi4bEw,2.0,2022-01-17 14:05:59,"The lady at the dressing rooms was not there she continued to walk away. She was kinda rude and told me she was tired and didn't care. The swimsuit pieces are out together so I couldn't try them on. I got one thing I like but very disorganized wrong sizes and the the signs for swimwear,active wear, etc. aren't I'm the right places.",0,0,0
AstZ36UVV-T2kZJFcsbimA,dOLigqxETVfFkkJUIAay9A,C2kVuSgQtcC6kg7E5J4pSQ,1.0,2019-02-15 00:24:21,I brought in my service animal and I was told that if I wanted to shop there I would have to put her in a cart. There is no way I can lift my 70 lbs golden retriever into a cart. Disappointing that my service dog was denied and that I couldn't even go 5ft farther than the door.,0,0,0
-e8m-OuPEi5ynGU_5y2hHA,dOLigqxETVfFkkJUIAay9A,VwhzT8r8qlPyTGYZd9ObXA,4.0,2017-05-18 20:41:48,"I don't enjoy hunting for buried treasure - which is how I feel when I go to Ross - but in the end it can be worth it. Most of what I see in a Ross is something that will end up in my yard sale pile six months later, but quite often I find incredibly great bargains...and I just love bargains.   This requires frequent trips, sometimes several times a week, and sometimes to multiple stores. I'll be on the hunt for specific style or color dress, but before I find that one item I often end up going home with two dozen socks, an industrial sized bottle of shampoo, a ceramic frog on a bike, a straw beach hat, a yoga mat, new pillows, ear buds, food storage containers, dog biscuits, an area rug, and gourmet chocolate covered raisins. And once found, I save a LOT of money on that spectacular dress!  Ross stores are generally organized...clothing, shoes, housewares, etc. are all consistently mapped out and marked well, but it can get messy and items are often strewn about. Unfortunately I live in a glass house, and like most shoppers here I occasionally suffer from buyer's remorse - half way through the store - and end up unloading the items I picked up earlier in places they don't belong.  Ross check out lines, however, are one of the things really bad nightmares are made of. There usually seems to be plenty of staff on hand, just rarely at the check out counters...maybe they're restocking all that misplaced inventory. Those lines can move slowly, and I've left entire carts behind just to spare myself the nightmare.",2,1,2
hLkJ8vfXd5N8n2JPlCz37A,RG0dEFLHmAcBMGAs1ls8Ww,kcsj7gUiql5rYeLVPugrcg,5.0,2018-07-23 12:11:13,Clean and Organized. It's nice not having to scrounge through every single shirt to find sizes from the tag. The hangers already have the sizes on them and they're mostly all put together closely which makes finding clothes a breeze and efficient. Shoes aren't on random/other shoe size location and they're not everywhere on the floor like other Ross. They seem to always get new things in every week or two.,1,0,1
mmiKrWS2aNmufrQ6cJTc0Q,Jq0n_srygqLuwL6JT7wYdw,m0trBp52vt8oKZJM3Q9wng,1.0,2018-10-31 17:23:08,"I wish I could give zero stars. This place is terrible. The manager, Elizabeth Sijwwade, cares nothing about customer service, is rude, and has lost my business with her rudeness and unprofessional attitude. Go somewhere else to spend your hard earned money.",1,1,0
i1dWnqw5_ITJj5AGmJla9g,GWCQfBlh2uWDZ_GWRUPGpw,ju1mhue9jr4lY9jJ4299lw,3.0,2016-08-27 11:18:02,"Imagine a thrift store, with brand new stuff, that doesn't smell, most of it from name brands. That is how most Ross, Marshall's, TJ Maxx and Home Goods stores are. Even the clientele is similar if you go to a Ross in a bad neighborhood.  The Oro Valley location, while clean and not corrupt, has a very limited selection of items. I don't know if it's picked over very fast they just don't receive much. I find more selection in Ross's in shady neighborhoods. I have gotten great deals on mens fragrances from world renowned fashion houses like Jean Paul Gaultier and Calvin Klein. As well as various Tommy Hilfiger and Calvin Klein shirts, pants, underwear, belts, duffel bags, shoes, socks, wallets, ect... Have also got a great deal on a hamper and Izod bed linens. Guess what? Most of my stuff never came from this location because they NEVER have anything",1,1,0
ewpPxLdhQWN5qL_sBh-4dQ,GWCQfBlh2uWDZ_GWRUPGpw,_ETJpxyt6SWVWXqVXdI3Yw,5.0,2013-10-29 22:38:12,"This review is solely on those who shop at Ross.....  We are all there for the same reason, to find a deal. With that being said, it's not a daycare center. Please don't let your children run free around the store to tear it up, bump into other customers and scream at the top of their lungs for no reason at all. Please be respectful of others shopping experience.  And to the store employees.... I know it's not your place or mine to babysit these children, but you could very well lose lots of customers because of this. Not to mention they tear up your store and could get seriously hurt.",3,0,1
Z9UhdsjZ45Nrky-bl47W_A,GWCQfBlh2uWDZ_GWRUPGpw,MkRwNgv4TqTBgtOkJYXE_Q,3.0,2014-09-29 02:55:30,"This is definitely one of the nicest Ross stores. Its clean, well kept, and the lines are never long. However the selection isn't very large and has a lot less merchandise than the other locations. Everything is nicely seperated, making it very easy to shop. Its just driving all the way there may not be worth it.",2,0,0
5QVRmV1_eNp2AVusAXv2Pg,Jq0n_srygqLuwL6JT7wYdw,thDQg0_2Lsz4l8SItm8dUw,1.0,2018-10-20 19:42:29,Need more cashiers. Currently in line for almost an hour. Selection sucks. Thank god for home goods.,0,0,1
CgLF5lgzNT_90gMB9x8ADQ,kwAJpj9UglWBnH8aBUo2KQ,wzUFZ3DaU7k9R2S54IMPfg,5.0,2017-11-10 23:04:41,"This review is based off being compared to other Ross stores, not just compared to any department store. I am so happy for this location! It is right next door to my gym and very convenient. Store was clean and organized, and associates were friendly.",3,0,0
FGPfyb4eGYFDH_SS-xxBfw,kwAJpj9UglWBnH8aBUo2KQ,ry3uiBJwe0NOMRfLODorog,1.0,2020-02-06 01:11:04,"I shop here regularly but went in for a few after Christmas returns. I had 4 items and forgot my receipt. Not sure why the associate couldn't look it up but no big deal. One item had been marked lower in price, again no big deal, and one item she said wasn't from Ross, it was a gift so that is possible and ok, no worries, She put the amount refunded on a store card (under $40). Which is all fine because like I said, I shop there a lot. The problem is, I was dressed down this time and the associate was obviously taking her bad day out on me and judging me for being dressed down! First she gave me and my daughters some dirty looks, who cares that my hair is up and were in sweat pants, then her NASTY ATTITUDE topped it off. I was so angry with how badly her service was that I will visit other stores instead of Ross from now on. I've never had anyone be so nasty to me as a customer. I spend a lot of money at this store,, but not anymore. This lady was unnecessarily rude!",1,0,0
pThcS2KmiJq1RDED1OgkDg,kwAJpj9UglWBnH8aBUo2KQ,T9Q_4CLdcxb3rd59yfxJPA,1.0,2019-05-18 06:09:44,Store was a mess at closing time while the workers stood around. I asked the manager with short black curly hair a question about an item and she was quick to dismiss me ..and to the customer behind me. I'll go elsewhere next time.,0,1,0
6dTvkFJ1boLKQyByzayn-Q,zUi8q2o7PQt59hPB7o43_g,gDnJveKiqe7Ff_SVSX70qg,4.0,2019-04-19 19:16:47,"This store is pretty well put together compared to other Ross' I have been too. Aisles were not jammed packed either but definitely neat and easy to find things. All the departments were well organized. Made it easy to browse around and ""find your treasure"" so to speak. They had a really great shoe selection. By that I mean they had a lot of shoes in each size. Sometimes I go to Ross and they will have no shoes in my size or entire shelves cleared. So  I really appreciate them keeping up with organization as well as style for the season in all sizes. There is one thing I did notice the prices of there shoes are going up sorry but if I'm going to pay 50 dollars for shoes I'll go to a higher end store. Other then the shoes the clothes were all reasonably priced. They had a great range of accessories and housewares.",2,0,1
m7NHEPevIWolw0nzCJfWqA,RG0dEFLHmAcBMGAs1ls8Ww,eWW2Hbdu9aH2swnjRy3Q8w,1.0,2020-10-04 20:57:05,Worst customer service ever. I came in to return some shoes that didn't fit my kid. Unfortunately I lost the receipt. The cashier told me I not only couldn't exchange them for a bigger size but I could not return them NOT even for a store credit.,0,1,0
ALaxUCMikMrQV1BEJ8UuOA,Jq0n_srygqLuwL6JT7wYdw,42eWfJpyf98MW-cVIY21SA,1.0,2020-08-14 17:00:49,"They are severally understaffed. I spent nearly 20 minutes waiting to check out even though only 3 people were ahead of me in line. When I got to the cashier I was told that they aren't honoring their reduced price sale. I asked why and the reason why only explained as ""you can't have it"". All in all, it was a very bad experience   Won't be back, a better TJ Maxx is next door.",0,0,0
oWcZndgz0Q2Yhq8AoEOA6w,Jq0n_srygqLuwL6JT7wYdw,MyC1n01z6mUHfgX3WpkbEQ,1.0,2018-08-26 17:20:20,NEVER WILL I EVER SHOP AT ANOTHER ROSS!!! Based on the shitty experience I just received at the Mt Juliet location!! Beyond RUDE!!! If I could've given negative stars I would've!,0,1,0
crn3lDaWlQeYK03qOeBKyw,Jq0n_srygqLuwL6JT7wYdw,PGWRHT4CPE2qQ_SNHzVmQw,1.0,2020-10-12 03:10:46,Brought in a return with receipt and Bosko accused me of switching products and said we dont sell mirrors like that. I was asked to checkout 20 mins before closing by the same rude man. Then when I was returning with and purchasing over 100 worth of items he tries to force me to put the return on store voucher. This man is insane. His cheerleader store watcher offered to call the police on me. Apparently disagreeing with them is against the law. These people are racist and a**holes. I will make sure I put this story everywhere so they can be called out for this racism.,0,0,0
MAjyzwSF-VlQ0_8u3o1Rfg,RG0dEFLHmAcBMGAs1ls8Ww,tnYkRAr4sYbs4klv7DndSQ,1.0,2019-07-10 19:51:37,"Awful customer service. No one was very willing to help me for an item they apparently had ""on hold"" and no one even offered to help me locate it in the store. Messy and unorganized.",1,0,0
LUajt2VOFE4BZLvH3Mvwhw,Jq0n_srygqLuwL6JT7wYdw,X-6yhd3WoAF8F-LkFzBGAQ,5.0,2020-06-11 01:52:59,"I just want to THANK the kind young man, David, who handled the returns I had the other day.  He was very efficient, helpful and pleasant to  work with.  I was in and out of there in a lot less time than I anticipated.  Thank you David and everyone at that ROSS!",0,0,0
AtaikPFNSi8jlchkfkRrJQ,RG0dEFLHmAcBMGAs1ls8Ww,lF1ssHp5FSIy_edYhAyKGg,5.0,2021-03-26 00:29:06,Always a great selection of clothes for a great price. Staff is always friendly and helpful. I accidentally bought the wrong size shorts and the staff made exchanging them super easy.,0,0,0
RItZYWhm9asSYLbD8EHy6w,zUi8q2o7PQt59hPB7o43_g,iqpalDc04l3InshV19WldA,1.0,2019-09-28 16:30:03,"Ross. Being completely honest I will say that I have been a semi frequent customer for years. Good prices made me overlook the general dirtiness and disorganization of this store. However, a visit to the Ross store on Gulf to Bay in Clearwater Florida yesterday completely blew me away and placed Ross on my BANNED list.   When I walked in there was a man wearing an all black SWAT team like uniform with the words ""Loss Prevention Team"" printed in white letters. Pretty severe I thought, but okay. So I walk to the back of the store pick out 4 items that I wanted to try on, and went to  The fitting rooms. I showed the attendant my items and said I had 4. ""No"" she said. She took them and hung them on a rack where she flipped through them. She then handed me a 4 card and the items. After trying on the items I went to give the card back and she took the items, hung them, and flipped through them again. There were five people waiting in line to go through the process I described.   I get it. Some people steal. And it costs stores a lot of money. But the whole shopping experience was not enjoyable whatsoever. I almost felt like I was going to be frisked.  Is the answer treating everyone like they're a criminal?  All stores must have theft problems. I haven't been to any other store that have put these practices into place.   So, just saying, if this happens to you at Ross don't feel they are singling you out. This smells like a company that may be on the verge of bankruptcy. And Ross, if you're listening, this may discourage shoplifters but it also is going to keep your customers from coming back to your store.",1,0,0
7UqCddJzPkwqRPVG2Ilesw,RG0dEFLHmAcBMGAs1ls8Ww,CXglwkLHim9jRyVOqGSUog,1.0,2020-12-05 13:46:39,I've. just left this store today Saturday December 5 845am.     The worst clerk EVER.     She saw me standing there waiting to pay and totally ignored me Another clerk got her attention....No good morning or how are you just a very disgruntled lady that obviously wished she was somewhere else.    Listen up.     If you hate your customer service job that much  there's plenty of other people out  there that would be glad to have it.   Management.   Do your job,1,0,0
MwEkiWS7rpz3Bv4iuyGmrg,RG0dEFLHmAcBMGAs1ls8Ww,22Y8hc4NYWPa2D6ffodddg,4.0,2018-03-11 00:18:58,"The reason I give the 4 stars is because of the service. I wish I knew the ladies name but she was very helpful.   If you are looking for bed sheets they have these sheets that are amazing called ""Smartcool"" which are wicking sheets that keep you cool when it's hot and warm when it's cold. Love these things and for some reason I can only ever find them at Ross. 30 bucks for a queen (500 thread count) set!",1,0,0
SwNEm_IE4MwMIUId1UEjQg,Jq0n_srygqLuwL6JT7wYdw,IaLoO6-QCTheBBvAL_pkxA,5.0,2021-04-24 01:53:40,Most of these reviews are negative- unsurprising due to  the the psychological phenomenon known as the negativity bias. Anyway I came in today at around 5:30. the store was clean and employees were friendly and willing to help.I was greeted on the way in as well. All employees were also wearing masks properly which is important during the pandemic. Great experience!,0,0,0
d3BSuz11NmGEzWAFey_P0Q,7hL5wCzn7NNuzswx-7VIIQ,9fws7uhotipwgAMYP7zYPA,5.0,2013-11-14 11:26:48,This Ross has been one of the cleanest ones I ever seen. I finally found so many things that I wanted to buy here since other stores are always jam packed and I never find at least one thing that I need. As soon I walked in I was surprised because it's was so clean and everything is all organized. People here are friendly.,2,0,0
Kso6j8xDItOloOrL94S7DQ,7hL5wCzn7NNuzswx-7VIIQ,l2IWzTJtrIlP_W9fHit1cA,4.0,2012-10-09 03:20:01,"I love Ross! This store is clean, well organized, and usually has something I want but don't need. I've bought clothes, shoes, kitchen goods, and linens here. I usually go back to browse like once a month or so.",0,0,2
sz3nMkJU3wycbjU6vJbNkA,tSwCMiCiAXgiVzeW68RWfA,pYXeL0RCqus2IfhthYCOyA,5.0,2011-11-30 04:25:41,Found the cutest purse for my Angel Tree kid. The staff was very helpful in assuring me she would like it. Just in case she doesn't there's a gift receipt.,0,0,0
G7e5cupcUAtN2gs8WjPNDg,7hL5wCzn7NNuzswx-7VIIQ,MC1M4tt8hbOhBXGtEGNQ4g,5.0,2010-11-28 23:43:01,"Super clean and organized, better stuff than other Ross' I've been in.. Love it!",0,0,0
5tBMQNreR3-qz6eH7LSz3w,Pez4S3hmwBdbOpxf86j-sw,rK7k37SUEVVwc5H7v-bW1A,1.0,2017-04-09 16:42:29,"The old Ross at the top of the hill in Northtowne was descent, usually Friday on mornings. They closed it an opened the new one across the street by Winco. What a disappointment! It's smaller, dingy-looking, and they barely have any shoes. I would give it zero stars if I could. I don't know what corporate head made this decision. The one on Keitzke is still descent. I still think Friday mornings is the best time to go, because they have the new stuff out but it hasn't been picked over by the weekend crowd.",0,0,0
FRMTxnq8QDPiIncOu30J3g,7hL5wCzn7NNuzswx-7VIIQ,mO1N6iqizbHCcHSQTF7xsw,5.0,2015-11-09 04:24:18,LOVE ROSS!!! Santa Barbara is known for there high fashion ways and with a college budget I find amazing deals here from shoes to great accessories. I always look here before heading over to a high retail store. They also have great frames and home decorations. Can't beat the prices!!!! It's a must shop here!!,0,0,0
40njHaHNHhss0kgQRcanKg,7hL5wCzn7NNuzswx-7VIIQ,bKDHNlJ_MK8dlC9YNKebRA,4.0,2012-08-18 17:54:22,"Ross always has something to entice me to break out the wallet. To keep my ""want, need, gotta haves"" in check, I shop with a list and blinders on. Check out lines can be a nightmare, so be prepared to spend the time, and bargain hunters can elbow you in the isles if you aren't paying attention. I prefer early ams or just before closing to shop when I can. As a geezer, Tuesdays offer me a discount--one of the many benefits of aging!",0,0,0
ySriQWQOFFdO8RSXEP9XiA,o3RzkJ6yRhE6_YN5786feA,0p2RK6i-uM1-laI-E5aoWg,1.0,2017-10-27 02:45:15,"Ugh is about the sum of this store horrible staff god forbid u ask for help or try to spend your money !!! Never again, take myself to Burington coat factory , marshals or To TJ  Max .",0,0,0
wBfbOhNprWbNIXqLsiZF_Q,yDe_v-87VIBira9u-GekWw,o844HsCzH3T3D49UzZEiug,4.0,2017-09-25 23:40:10,"This store has a good selection with full shelves, unlike other Ross I have been to. The lines are long as usual. Only 2 registers open but that's to be expected at Ross. The employees seem very nice.",0,0,0
uqOiGRNlM5_XnJDlsyxxow,Pez4S3hmwBdbOpxf86j-sw,kX5jR3pylldG2sXpoqcooQ,4.0,2012-02-09 22:31:08,The staff was fairy nice to be around. Great sales.. I bought a huge Nike umbrella for $3!,1,0,0
TN9xuORbgj8j023AAIYGUQ,tSwCMiCiAXgiVzeW68RWfA,G46wj-UxczsGum1dgrBY1g,5.0,2017-06-11 20:41:29,"My favorite Ross! This is my third time here and I am continuously impressed. I arrived around 11 AM on a Sunday. Parking was not hard to find.   Pros: Always clean and organized; never busy - which means no long lines and no one crowding me while I raid the racks; lots of fitting rooms; excellent customer service  Cons: (more of a con for me personally) Junior women's seems to have more medium and large tops compared to small - however, I still seem to find cute stuff! This is no deal breaker for me.   Today's experience: I visited every section on the left hand side of the store (juniors, kitchen, decor, bath, shoes, bags). Clean and organized everywhere. I used the fitting room and tried on 8+ items. They allow 8 at a time so I had to leave some out and come back for the rest.   I interacted with four people today. Security, who greeted me as I walked in and as I left. An employee who walked pass me, who said good morning. The woman at the fitting rooms, who was very nice and understanding about all of the clothes I was trying on. And the man at the register, who was also nice and explained the return policy to me when I asked. All around excellent customer service.   Past experiences: Just as satisfying as today. I have done a return with a receipt. It was quick and easy. Customer service has always been good for me.   Overall: Highly recommend and will continue coming back to this location.",2,0,0
0i686T5qkU9BeD9xQ6cVUQ,Pez4S3hmwBdbOpxf86j-sw,9XpKcpCr45D4fL5lcIaPEg,1.0,2016-04-04 00:11:48,"Buying bed sheets and all of the prices for the bed sheets have the same prices and when I was paying for them, they told me the prices in there were wrong and it's twice the price on the tag so I decided not to get them. When I was walking out the door, I overheard them that the prices on the tags were correct and they didn't even tell me.",0,1,0
IJ78Um71N3OKJQ1IIwOzdA,7hL5wCzn7NNuzswx-7VIIQ,DvWM62NWf2MV1EpN7T8S1A,5.0,2011-05-10 18:15:35,"Looking for a nice decorative planter for my cube I decieded to check and see if Ross had one, for they are known to be a lot less than anywhere else. Not only did I find a beautiful ceramic pot for $12 normally $35 I found lots of dress shirts like Kenneth Cole, Pierre Cardin, Ralph Lauren for about $9-$13!! So stocked I found this store, I love saving $$$ This store is super clean and everything is nicely put away. I didn't even feel like I was in a Ross store. You simply cannot ask for more!!",2,0,0
Q48b8pprGyPk8QSMz9jbyA,tgcRdoi_n59qMqR3GP2GdQ,7TBqaLvv4jugAmXXcHQSmg,2.0,2017-08-14 16:27:54,"I love Ross for all of the items they have at a lower price than its competitors. But the past two times I've been to this location, there has only been one cashier and the line goes all the way back to the aisles. It has taken about 10-15 mintues to get through the line before. I've also noticed multiple employees standing or walking around that could be called up to the front as back up cashieers. I wouldn't reccomend going here if you're in a hurry or on a schedule.",0,0,0
wHReXEQrdyVl2duy0rNcIQ,Pez4S3hmwBdbOpxf86j-sw,dClV4mvo-6g4QhgJ3Ms7Ug,1.0,2014-07-21 18:26:50,The place looks like a Third World garage sale.   Unfriendly staff including one who either refused to talk to me in English or didn't speak it in the first place.,0,2,0
wd5enXtHOvS69-ryTiieyQ,yDe_v-87VIBira9u-GekWw,LoGfZ4NOlIEmFDeCkXJXEg,5.0,2016-01-22 13:42:24,"For that business and fashion savvy women, this store always has a great variety of pants suits and handbags. The store is ALWAYS clean and during my recent visit I was blown away with their Valentines display. The people are so friendly and always greets everyone that walks through the door. One of the things that does bother me are the number of unaccompanied children running around under the clothes, opening and playing with the toys. Its like parents just tell them to go play while they shop. I often see the employees running around trying to prevent the kids from opening the toys and urging them to stay with their parents. To those parents why would you allow your kids to open and play with the toys and you don't plan on paying for them? Some of us would like to buy unopened and unplayed toys, wouldn't you? Hats off to the employees committed to keeping this store clean and that's why this is my favorite Ross. You should check'em out!!",1,1,0
JqAEA7r7-8OjYPliu4w3xw,tSwCMiCiAXgiVzeW68RWfA,25W8CVIdQDIkyPb8ISCGpQ,3.0,2014-12-29 08:49:40,"The best thing about this store is the location in close proximity to Albertsons so I can get all my shopping done at once. They do not seem to stock items in a timely fashion, when I came here just the other day, many shelves were barren. They also have a smaller hair products/skincare section than most of the Ross stores that I have been to. They are open late for the holidays!",0,0,0
RyzOY-fob9NYaHv9nd4K4g,yDe_v-87VIBira9u-GekWw,jCqLEIZjSS93Ok26TWMMLg,1.0,2018-07-01 20:23:16,I love Ross and all their very affordable items but this store in particular has some of the worst customer service/management. To me it's important to receive great service wherever I'm giving my business and the employees here cannot provide that.,0,0,0
Qy35tGV8gFI7oDY0GU68SA,o3RzkJ6yRhE6_YN5786feA,OKBQfLKHgFJ81DnJPEvoUQ,3.0,2011-08-15 13:55:20,"Great store for housewares, not so great on clothes.  Each time I have been here I have had luck finding items for lower prices than elsewhere. I spent only $25 total throw pillows, a jewelry tree, hand weights, a coffee cup, and a lunchbox.  I have found much better clothes at the Market st location.",4,0,1
MGKJVDhQqDIBuAmJEVb_dw,7hL5wCzn7NNuzswx-7VIIQ,zl4N8v382vJfpkTimdO9Fw,5.0,2011-07-18 20:31:22,"Dresses galore - gimme, gimme! I have a slight dress fetish and Ross in Goleta knows how to meet my demands. All under $15 - retailed anywhere from $30-$120. Where else can you get brand names, brand new, decent quality and a diverse selection? Kitchen selection is great and the athletic wear is as well. And can't forget about the shoes..ahh, the shoes..every time I go, it's always clean and organized vs. the upper State St. location. All around one stop shop for affordable clothing and house goodies.",1,0,0
xCxUFMRrKx-wk9zVA6vKDw,7hL5wCzn7NNuzswx-7VIIQ,ekSSRTJ8czFPtF7dr-qqyw,4.0,2014-05-05 05:18:22,Good place to pick up towels and random kitchen supplies. Usually can find what you are looking for...,0,0,0
jlKedlcSXntdWYtcAJ9X8A,tgcRdoi_n59qMqR3GP2GdQ,hbFX88cNUCmRHh5Nz-xmug,2.0,2018-06-07 16:52:35,"While there are great prices, I find that shopping here is more of a hassle than it is worth. The store is always lacking enough employees although the employees who are there are very nice. The shoes are my biggest issue. They are all held together by a security tag. While I understand this is important, it makes it impossible to walk in the shoes and get a good feel for them. On top of that, I've tried on multiple pairs where the shoes were connected with the right shoe on the left side and vice versa. I can't try on both shoes at once which is really annoying. To top it all off, I bought a pair of sandals which now have a sticky residue on the heel because Ross put a sticker on fabric. I used to love Ross but my recent experiences at this one are ruining my love for the store.",0,0,0
w1qIF3jutId2EFgPYcaEUQ,7hL5wCzn7NNuzswx-7VIIQ,YLTnP_xLGeEzTds8ElA30A,5.0,2011-04-14 06:46:06,"I've decided that paying more than $10 for flats is a waste of money since I end up walking through them so quickly.   Ross is the perfect solution. I almost always find cute flats either on clearance or I'll even sometimes pitch in the extra couple bucks for regularly priced shoes.   This Ross is definitely better than the one back home and I have found some great finds here.   When people ask me where I get *insert product,* I have been known to occasionally utter embarrassingly their slogan,  ""I got it at Ross""",2,1,1
xYnRsTCz8fciwRmfbwqHJA,tSwCMiCiAXgiVzeW68RWfA,4cKRYQvwYKCueN23eYteFg,1.0,2016-08-19 21:29:01,"Extremely rude employees. The person serving me did not bother to carefully fold my clothes, which were silk and linen (i.e. easily wrinkled). When I insisted on folding them myself because clearly I could not trust her to do so, she became rude and uncooperative. Before leaving the store, I pointed out to her that she had a terrible attitude, but I was ignored. Employees today do not care about providing good service - it's not as if this employee will get fired for making customers unhappy, even if I knew the employee's name and published it.",0,0,0
EvuuRXfyJ6YQzg3dQx2GXA,khWlsWEYXoISg7PDQGjvyw,BixRqzmEjRc-G9XtknPEOw,4.0,2017-10-09 04:49:16,"Sometimes I find great deals, other times not so much. The store is usually well kept.  They do have a limit which means I buy less.  I don't like to make more than one trip to the fitting room.  Therefore,  whatever is over their limit, I don't bother trying on which means I won't even consider buying it. The staff is USUALLY friendly.",0,0,0
5A4J3uds9onTor3z1BJlXw,yDe_v-87VIBira9u-GekWw,UmvlVO5ILCMpMFevYK0cQg,1.0,2017-02-08 17:27:00,"Not even a one star unfortunately Jane I believe her name was, not only Rude but poor customer service, she rushed us out of the transaction , my family smiled and was sweet with her as I observed the whole transaction. My Father thanked her for the transaction said "" have a good day "" she rolled her eyes and yelled "" next !"" Not only was the transaction was cold but someone like that doesn't need to be in retail. Sorry if one isn't happy with her job , but for the Love please step aside if you need a break, everyone else was so sweet with us, I believe the line was not formed correctly and she yelled to the people behind us "" the line isn't suppose to form that way it's suppose to form into an "" S"" shape, there was no  Que manager ( straps for lines ) for guidance until I made a comment about the line formation.. anyhow bottom line rude customer service, store is very skimpy on selection and store . Not a clean store .. the plaza they are located in is decent area ..",1,0,0
t4-0_rO0Xzm-AS35r1FC-w,o3RzkJ6yRhE6_YN5786feA,uUcNCwf86aea7F9AGFBJNQ,3.0,2010-07-29 01:33:01,"Defintely not the place for top notch brand although it's advertising it that way. There are few items here, if you are lucky, that might suit you. Do not bring drinks, because you will be asked to finish it or leave outside. I found some great T-shirt and jeans.",1,0,0
Kh91X3fKDuMo4puRLG5kog,tSwCMiCiAXgiVzeW68RWfA,kA6H0FTukkmTXv5H3S9XCg,5.0,2017-03-26 21:06:18,Best Ross in Tucson compared to other locations that are highly picked over and insanely crowded.,1,0,0
MeiGHo39t_FrFaVl6xUUNw,7hL5wCzn7NNuzswx-7VIIQ,7lKzYA3pZWxpnTFRNpPCFA,5.0,2011-12-17 03:35:58,"I haven't been to this one, but I have been to the Ross in Five Points, and it's really cleaned-up well, easy to get around, good deals on clothes, although not a good selection of vintage baseball caps anymore.  But I DO know that Deborah Manning now works at Ross as a manager, and Deborah is the person who took the customer service at K-Mart from the hellish shithole it was to true excellence, and ever since she left and went to Ross K-Mart has reverted to its old ways of shite service and general choas and indifference.",5,1,0
ZcMKawv6MphId22U-vqIzA,tSwCMiCiAXgiVzeW68RWfA,dR5K7ybTFxf-PobaCwKQXg,3.0,2012-05-21 15:55:22,"This Ross is very Ross like. Sometimes you find something great, sometimes you don't. The line to check out is never unbearably long which is nice. Also when I went in this past Saturday the dressing rooms felt much cleaner than I remembered them. They were still Ross dressing rooms but nothing felt actually dirty and no essential pieces like hooks to hang your clothes or door locks were missing.",0,2,0
d4jREtqbbqZNxvx9ed_I2g,tSwCMiCiAXgiVzeW68RWfA,d3gPyGe05MeDMY3YmcuCfQ,2.0,2018-09-23 20:33:07,Selection okay but customer service awful especially Huda who has been mentioned by name before unfortunately 10 months ago and she's still there ?? Come on Ross. Will not come back to this location. Too many other options in this area to bother.,0,0,0
iVoTR7F12fjt4oetrZbjog,tgcRdoi_n59qMqR3GP2GdQ,pPQK-Geqd7UnUDbUxK5QZA,1.0,2018-01-06 20:58:14,This place is hurting for help. I do not recommend anyone going here until they hire people! Second time this week waiting in line for 20 minutes!,0,0,0
yMxStd0i0uBtWq72-XF6rQ,7hL5wCzn7NNuzswx-7VIIQ,I6YARR1VloAua-buFULo1Q,4.0,2014-02-19 17:04:17,"This Ross is the most organized Ross I have ever been in and there is plenty of room to wall around. There does appear to be a large number of ""theft prevention"" people, but I guess its better to be safe than sorry. People are relatively nice and lines move pretty fast.",1,0,0
QRUQbxv6N2ZNjYfjm1qCFw,7hL5wCzn7NNuzswx-7VIIQ,VpgF5UKINPjMJDKo6PDC8w,4.0,2015-06-07 21:24:42,"Was looking for a shirt was very crowded , long lines but staff was helpful and friendly",0,0,0
mzNVATlvIjeV-xQ-LIOyKQ,7hL5wCzn7NNuzswx-7VIIQ,49yiiTdekMb1AigLVuTGKw,5.0,2011-10-18 02:09:36,BEST ROSS EVER!! There is not much to do in Goleta so whenever I'm in the area I stop by. I always end up finding some treasures here! My friend spent $268 the past weekend! DEAL.,0,0,0
EOorEVxSvghWRVRZOYtEdA,tSwCMiCiAXgiVzeW68RWfA,w_OXUiqhP8hXZsBV77AMRg,3.0,2013-08-13 00:58:05,I like going to Ross to see what the might have. the staff is nice but the men section is so small at these location they have a small corner and then the rest of the store is for women,0,1,0
Q7c3PdbgXvH_ympJxL7uPw,tSwCMiCiAXgiVzeW68RWfA,afPZfpeIVRM9rNuDvbskgg,3.0,2018-11-03 20:16:09,I stopped in today for 2 things A swimsuit - there was one that was my size.  A iPhone charger - only found one that plugged into a wall outlet. It was pale green.  I bought them both. At least the price was right.,0,0,0
Pjac3diPnSY4jIRt2X8JVg,7hL5wCzn7NNuzswx-7VIIQ,khCFphDfDalWPvuircjc3Q,3.0,2016-05-06 16:02:13,"Clean and the service is OK. I do like it better than the store in SB, which seems very cluttered and dirty.",0,0,0
XbBNV79KzFrTh0YoOt5iOA,7hL5wCzn7NNuzswx-7VIIQ,uO9zNgo0Cml4wQptXYkVpQ,5.0,2012-06-14 08:25:35,"Ross is the most amazing store I have ever come across, there are so many hidden treasures in that store you can be sucked in for hours mindlessly wandering the different selections of apparel, electronics, shoes, etc.  The staff is friendly for the most part but, you will be there for the deals and they are a plenty!",2,2,2
AgpPQN0a2UbHNMZCGDb3mw,o3RzkJ6yRhE6_YN5786feA,vR986-cV86ts62yiXkPjzg,3.0,2010-10-08 23:15:51,"Just your average Ross: not bad, but nothing spectacular either. You can snag a couple of good finds here if you're willing to take the time.   It looks deceivingly big from the outside, but it's not quite.",2,0,0
kMUfI_wtVu59BaCM3-BzLw,7hL5wCzn7NNuzswx-7VIIQ,2l0O1EI1m0yWjFo2zSt71w,5.0,2011-03-09 01:03:03,"Ok I'm not going to lie... my Ralph Lauren duvet cover that everyone loved while I was a student at UCSB ... from Ross.  Most of my pop-collared Polo shirts (yes even the teal one) from Ross.  Bathroom shower caddy, Ralph Lauren bath towels and beach towels and even a few of my swimsuits (all well known labels as I used to be a label whore) from Ross.  My BCBG heels... you get the picture.  I know how to shop for what I want even in a zoo of a place like this.  You just need a little patience and you end up saving yourself hundreds in the long run.",24,14,17
j9MIYrarllnUKortv9zjag,Pez4S3hmwBdbOpxf86j-sw,A_Zqd-Ktry5Lo7tU3eobcA,2.0,2011-03-15 18:41:11,"I was actually quite disappointed with this visit to Ross. I have been here many times before and liked what I found. This trip the store was not stocked well.   I am getting ready to take a trip to China and need a new large suitcase. My old one was from Wal-Mart, and made four trips already. It has seen much better days. So I came to Ross to buy a higher quality suitcase. There were only maybe 10 that I could chose from, and most had the small swivel wheels. I need something with large wheels to go over the uneven ground of where I am going. Having been there before, it makes it easy to rule out many items.   So after looking at the almost empty luggage area, I walked though the store. It was not as empty, but the racks, and shelves were not as stocked as they usually are. Not sure if they will be getting new merchandise in soon. I hope so.   Now off to other stores to look for a new suitcase. More Yelping ahead for today.",0,0,0
dZXTi4FKGhVx6gfemHq8Ug,7hL5wCzn7NNuzswx-7VIIQ,FgSDkt-3y1Vorv35Hbw96Q,5.0,2016-10-16 21:09:58,Visited this Ross location yesterday. The store was immaculately well-stocked and maintained. Staff was helpful and friendly.  I was really impressed.,1,0,2
SzWHpn21sxYUAIF5jw7Wcw,7hL5wCzn7NNuzswx-7VIIQ,x8csvp0iaqq_KN7fo2mR_A,3.0,2019-08-01 03:40:31,"Just another ""mmmeeehh"", Run of the mill Ross- nothing special. Have learned one has to go down South to LA or Orange County for reasonable quality clothes at significant price discounts- that's simple reality. They don't exist in SB area otherwise.",0,0,0
SfHmVUyl4l-mXXA69pBIUg,7hL5wCzn7NNuzswx-7VIIQ,_dsoubv15BZAmZYOC7DH_g,1.0,2018-08-05 01:59:47,"Don't waste your time. The stock is terrible, the place is understaffed and clearly not motivated- and the last time I was out there, I promised myself I'd never go again. And I won't. It's sad and scary how much plastic and polyester crap is cluttering up the place, with little if any decent-quality merchandise available. Virtually every aisle had merchandise laying on the floor, creating not only a safety hazard but an impossible shopping experience. I brought this to the attention of the barely-old-enough-to-vote manager on duty, and the deer-in-the-headlights look in his eyes left me with precious little confidence that my concerns would ever be addressed. The women's clothing racks are skimpy at best, ridiculously bare at worst. If you don't love polyester, you might as well not even bother looking. The Five Points store is better stocked; but still, that's not saying much, unless you REALLY like polyester.  The security guards have a bigger presence than the sales people. There's a bare minimum of checkout clerks working, which I can understand, because it's rare that there are ever more than a couple of people in line, winding their way through a labyrinth of candy and plastic water bottles for sale, to tempt your crying children while you wait. On rare occasions when they first opened, you used to be able to find some decent housewares, a wall mirror, artwork- and at the perfectly right time even some bargains on shoes.  But nowadays, the shoes are wired up with so many anti-theft tags, cords and wires that a bomb squad would have trouble untangling them. There is apparently no simple way to try a pair of shoes on and take a short walk in them, without going to the checkout lines first and waiting until you can get someone to 'cut the cords' for you.  It's a shame, really. The concept was good at one time, but nowadays everything seems to have gone downhill in the search for the cheapest goods to be sold at the cheapest price, while paying your employees the least possible wages, unconcerned about their low morale (...and yes, I talked several of them; they're miserable, but ""a job is a job"", especially in this town), and the omnipresent highest concern for preventing theft.  And if you're wondering where the plastic that's choking our oceans literally to death is coming from, look at the products and the packaging in this store.  When do we say ""enough""?",1,0,0
8zdAv3ppHEhzu3DnqTqbqQ,7hL5wCzn7NNuzswx-7VIIQ,xC32PpLVqbB0-kJOkDzHxA,1.0,2019-08-24 18:03:22,"I went into the Goleta location to return an electric razor that had been previously used. which I was patient about even though yesterday I was pretty mad that they would sell it. I brought my 5 year old and we waited in the return/exchange line. Four people behind the counter, two look like managers and two associates. My daughter and I wait for a few minutes even letting another guest go first because the associate at the farthest register said ""next purchase."" When my daughter and I were the only one in line the same associate said next purchase. I said I have a return. Granted they've not all acknowledged that they skipped me and could have already helped us, then what seemed like a manager with no name tag told me I could leave for being angry.  We returned the filthy razor and went about our business trying to find another razor that wasn't used but the situation made me too uncomfortable to buy anything. I took my girl through the toy section because she had waited so long but I made a point of not buying anything today. Service really needs to improve at this location. this is not the first time we were mistreated in this store. Just the first time  I'm reviewing it. We love Ross in our family and will shop its stores. God sees everything.",0,0,0
_g6-0nVYQEwwOWW2tfZuhQ,7hL5wCzn7NNuzswx-7VIIQ,SlIJDFev5bh11AfW-gUhQA,1.0,2018-12-17 21:39:39,I stood in the checkout line for over 30 minutes. They have 9 registers but were only using TWO. In the HOLIDAY SEASON. Not worth it.,1,0,0
b5epNOAeKlGwSULnwSUR2w,yDe_v-87VIBira9u-GekWw,V6TMOMN-Rv1qDYZyMRXCDQ,3.0,2016-03-22 03:19:20,The selection is pitiful and I just cannot stand digging through clothes as is but when you have absolutely no organization at all it just makes me so irritable. Like I understand that shoppers may be lazy and put things in the wrong place but I don't think that's the case. Sizes are all mixed together and some of the clothes looks dirty and some even smell bad.,2,1,0
i6YYPkmPFg7_h06sFDiofQ,o3RzkJ6yRhE6_YN5786feA,6YAPZtzvMCAtqc6RIBKC2Q,2.0,2012-06-24 19:11:15,Clothing selection is terrible. They never have any nice shoes above a size 7. House wares are ok. Cashiers are miserable.  Last time I was here the cashier was talking aboit customers to another c ashier right in front of me. It was a very uncomfortable situation. Very unprofessional. Dressing rooms are dirty and have a funny smell. definitely not a favorite place of mine but I do stop by oiut of boredom sometimes just to check out the housewares.,4,0,0
X9zo5CUZ_-e24MRZGcAtUA,7hL5wCzn7NNuzswx-7VIIQ,CpCiGQXRcRurxI2ehTq_aA,1.0,2018-11-08 18:58:17,"They like to treat you like your a thief. I went to the dressing room and the girl counted all of my clothes one by one while checking the inside of of my clothing. She then grab all of my clothes and patted them together as to make sure I didn't hide anything. I came out and she did the same exact same thing and she wouldn't let me walk away unless she patted down all of the clothes I brought back out which is ridiculous bc she did the exact same thing when I went in! Did she think I was going to smuggle something out of the dressing room? Idk if this Ross has a problem with stealing but that doesn't mean that you should treat all of you customers like they're thieves! I swear I'm never going back, they need to find a better solution and practice better customer service.",1,1,0
_WhvrQkOnOAGZQv5DwqowA,7hL5wCzn7NNuzswx-7VIIQ,KuJQ1LyOBr_gbUT_pg-aHQ,1.0,2017-05-04 23:25:58,"The employee at the fitting room with the light brown hair talks bad about her customers in spanish so those that don't speak it don't understand. On top of that she told me I couldn't take my cart into the fitting room, so I left it outside with some stuff, and when I came back out my cart and all my stuff was gone and when I asked what happened to my cart her response was ""I don't know, I took a bathroom break"" I'm the rudest attitude, she needs to go.",5,0,0
NNWO-K3N8syC_0onBvdeRw,7hL5wCzn7NNuzswx-7VIIQ,HbmwiAVzUaGeAn6u_W53IQ,1.0,2017-07-28 05:43:32,"Worst management and supervisors ever!! I went in recently to purchase some things, and item I wanted did not have a price I had found a similar item I wanted (wanting both) took both up to the front. One you could tell was more expensive (better quality, had a price tag and a sensor) I was informed the other item would be more expensive. I asked where the the person at the counter came up with that number as she did not look up anything, or call for an associate. She said it's a default amount. I asked if she was a manager since usually managers override prices. She said she wasn't (Val never informed me she was a supervisor). So I asked for corporates number to ask policy cause the associate didn't even try to look for it. I was given the store I was at number. I called and spoke to a manager named angel who told me that there policy is to get a Sales associate to go and look for a price or you could bring up a similar item. If a similar item is not found they have different skus (that they can use for generic prices). I told her I brought over almost the exact same item and she wouldn't accept that. She said it has to be the same brand, I told her that's not what you said to me.  She then informed me that items with sensors are more expensive. This didn't make sense as the item with a sensor had a price and it was less then she was telling me the other item (missing a tag) would be. She then tried to tell me its cause they didn't have any other staff to go look. I told the manager again that did not make sense because  I spoke to 2 sales associates on the floor, a loss prevention employee, the supervisor who was my checkout girl and the manager.  She said every issue is different. I then  asked for corporates number again because at this time the manager was not being helpful. She gave me Ross gift card number. I went back in and asked for it again where angel (the manager) told me that was the only number she had and I would need to call them and have them help me. The gift card people don't even work for Ross! The 2 normal associates I spoke to were nice and tried to help, the management and supervisors are not able to communicate policy properly, the management continued to change what they were saying but all I wanted to know was policy. The transaction was handled properly after speaking to corporate Ross but unfortunately Angel the manager didn't seem to know procedure so she was unable to communicate it properly making it look as if a supervisor didn't do what she was suppose to do. Also if a customer asks for a corporate number that's what they should be given they shouldn't be told to go and find it.",3,0,0
-6YVCT1Qg-qquiDfcO3fqw,o3RzkJ6yRhE6_YN5786feA,hQjN1FuYaB4pQACZwfrclw,2.0,2019-06-28 13:26:13,"Ross is honestly one of my favorite stores. I got 3 pairs of running shorts and a shirt for under $20, whereas running shorts are about $20  per pair on Amazon/Target, etc. I've bought rugs for about $70 versus $200+ at  department stores, throw blankets that are super soft, dog treats, make-up holders and lots of house/kitchenware. The selection is hit or miss, but I don't mind at all since you're really hunting for a bargain.  My biggest issue is with the cashier/check out process. Last time there were only 3 people in front of me and it took 17 minutes to check-out. The cashiers also are miserable and don't even fake a smile.",1,0,0
5FKDH6p-y384EbTQ4O0Wmg,khWlsWEYXoISg7PDQGjvyw,CU4NKfGJBQO0hKNtAW1eGg,2.0,2019-04-03 18:53:50,"I used to love roaming around Ross searching for quality bargains but recently the quality of the merchandise they carry seems to have dropped a notch or two.  The men's department is especially disappointing, really lousy selection and what they do carry is not of the best quality.  Sorry to say that I'm no longer a Ross fan.",0,0,0
3RVemVa-J7-lwcGTUeIU1A,khWlsWEYXoISg7PDQGjvyw,h1lyzHiTqh5BIdZvCQmqiQ,1.0,2013-11-10 01:19:16,The staff who worked the fitting room made me feel like she was so judgmental... I came on a rainy day in sweat pants and no make up. I didn't plan on stopping in but... I did. I had a cart full of clothes and I brought them to the fitting room I asked how many and she told me 9. So I pulled out 9 out of my pile in my cart as she stood right next to me. I had them in my hands and she pointed and said I need them on the rack so I could count them. Ok.... So she counted them as if I had hidden clothes. I shook it off and she asked me what do you do? I said medical which had no connection to my dress clothing. Ok so I went in and tried on clothes and came out to try the heels on with the pants bc she told me I couldn't being in shoes.... She right away questioned what I was doing and if I brought any clothing out I was like no I want to try on my heels with these pants. So I went back in and brought out the clothes the ones I didn't want was in one hand folded and the the ones I didn't was on hangers. She counted them suspiciously I felt. Again shook it off. Went and tried on more clothing .... Everytime she acted this way towards me.  I came out with a shirt on and she questioned why I was going to my cart I mentioned bc I wanted to see if the one shirt was the same one and lol it was I picked up 2 of the same shirt.  I shook my head bc I just felt so invade and she said what's the matter and I said nothing and walked away. I never felt so judged. And I won't shop here again,7,1,1
8iMn2sImT0dL78GhGVQwtA,7hL5wCzn7NNuzswx-7VIIQ,wyTgqlmSOkQ9S2I8yn_lOw,3.0,2017-01-03 05:49:49,"I shop here a lot.  Most recently during the holiday, I had found two room dividers at a previous visit but couldn't remember which store I saw them.  So I called both stores.  Marie or Maria at the Goleta store put me on hold and then advised me they were gone. So I called the SB store and was told she had not seen them in a while. So I drove all the way to the Goleta store and ""there they were""  My guess is she never even looked and just put me on hold for 10 minutes just to get rid of me.  The last two times I was there, the place was a mess, toys all over the floors and items sitting in bins to be stocked all over the place.  Aside from it being the holidays,  I waited in really long lines with very few cashiers and everyone working there seems so unhappy.",3,0,0
ocvE2R3rFBNpHOPlD6KTkg,7hL5wCzn7NNuzswx-7VIIQ,sOROxfMuy03x_ZEPiA69qA,3.0,2014-12-28 20:57:14,"Some good finds and deals here but their customer service is atrocious. All their employees look and behave like they took a major bong hit before cruising in to work.  Also, when I tried to return a pack of socks that cost me $9.99 they only gave me $6.99 because the price had since decreased. I didn't have my receipt but the price tag was right there on the package of socks. LUDICROUS.",3,3,0
-yn5h1yYQ3CBg4lFQJoXOQ,khWlsWEYXoISg7PDQGjvyw,HWQNlFjchIN37v-aPJEQDQ,3.0,2019-11-30 04:02:57,"I always appreciate stores like Ross. A department store with many discounted items, leading to some great bargains! I never really come into Ross knowing what I'm looking for and I definitely don't know what I'll find or leave with. That's all part of the fun for me, simply not knowing what you might find. This store is in a convenient location in Ralph's Corner and I generally enjoy coming here although it has been a while since I've been here last. All the more reason to give it another visit!",0,0,0
QvA_G0NCyn8B-6em4_QjQQ,yDe_v-87VIBira9u-GekWw,SXeMGP5lNgc03z7cl9Xihg,3.0,2013-07-28 18:51:03,"Good selection of men's and women's bargains.  Snapped up a little green sundress for $14.99 after trying on 3 good contenders. There appeared to be more selection than our local store, everyone was chipper but busy.  If I am in the area again, would definitely stop in.",1,0,0
U8MJ4NZODwlhesahynZ9Uw,khWlsWEYXoISg7PDQGjvyw,80LFWy-pr88VNO5N20qHXg,1.0,2015-12-31 18:35:52,"Employees are super rude. Went in yesterday and was told by the fitting room lady that I didn't ""properly"" put the clothes back on the hanger when I returned them. I never knew it was the customers job to such minuscule things. The nerve she had, with an empty store that was about to close, what are you getting paid for? It's your job, not mine. Never going back to this Ross again.",1,0,0
VRPeN-5Y1lHB1WXmyySxng,yDe_v-87VIBira9u-GekWw,lPkP_TNt_4sNBAKHvSgx8w,5.0,2018-10-25 12:59:12,"Out of all the Ross stores in middle Tennessee this has the best selection in my opinion. I've visited 4 stores and although this one isn't always clean, it's because customers are too lazy to put things back where they got them and the cashiers can't usually leave their station to clean the store.   On weekends the line is extremely long the majority of the time, so it's best to go during the week. They have late hours too!  This store carries a lot of good merchandise for a fraction of what you would pay in a department store. Ie. Michael Khors for 20.00! 90.00 Nike shoes for 30.00 etc.   They get trucks in regularly so if you go and don't see much, try again in two days and you'll likely hit the jackpot.",0,0,0
MNTWeLpAh7FVY5n2rw_1WQ,7hL5wCzn7NNuzswx-7VIIQ,QqWWzs895aSsG9wfqeDqdA,1.0,2019-02-17 20:31:46,"Generally I love Ross, however many of the employees seem to loathe their jobs and do not pay close attention to checking out customers and removing the heavy duty security tags with the ink attached to items such as rugs and clothing. Last week I went in got some jeans for my three year old, for some reason the security tag was placed inside the back pocket of these toddler jeans. Unbeknownst to me I took the price tags off and put the jeans on my three year old. I couldn't understand why she was screaming crying bloody murder until I took them off and found the pin needle from the security tag in the back pocket of these children's jeans with the stabbing needle stick thru the inside of her pant leg. Needless to say I guess I can't rely on people to properly do their jobs. Poor kid has a gash on her thigh now.",1,0,0
v1uOjhZcfGFwsnFY-4_FNg,7hL5wCzn7NNuzswx-7VIIQ,EpKf11JmXN2CFAPgC6CKAg,5.0,2020-09-20 06:10:17,"I went here earlier today and I had the best experience! Alan was so helpful and respectful, he went out of his way and was so sweet! I'm very glad/thankful he wore his mask on while helping me and other customers! I would definitely come here again :)",0,0,0
s9gW2TyDPu3mOrAbyq2Bxg,o3RzkJ6yRhE6_YN5786feA,bnZkH5_mw-rv_vfcyi55YQ,4.0,2015-03-01 19:00:21,"Just with any other Ross, it's the luck of the draw! I do find that this store's soccer jerseys don't get cleaned out as fast as the other Ross's; I found the super rare USA centennial jersey here a few weeks back.  Oh yeah, there's a super cute girl here named Ania (Anya?). she checked me out when I bought that jersey.",1,1,1
2f4rZzU5KlmTGUThMD40Dg,7hL5wCzn7NNuzswx-7VIIQ,pvhOtfA8SF73n7x6ts2skw,1.0,2020-06-28 23:21:09,This store has a horrible manager with a rude behavior. Does not pay any attention to the customer and ignores. Also lets employees cut infront of lines and then lies saying the employee was in line. Clearly the employee was in return line just cutting in but lets the employee finish her checkout and when approched is very rude and creates a scene not even bothering to listen or to apologize. If you do not want to ruin your day and time don't bother shopping at this location!,0,0,0
Mfz7wEZG98wlcDIJsmHvTw,tSwCMiCiAXgiVzeW68RWfA,mt6Mng2WB5EuhDo3UxPnmg,1.0,2017-12-03 19:28:44,"I think maybe they hired a new crew I used to going to this Ross all the time I like to do my holiday shopping, but this trip to Ross was awful awful awful experience. I was walked by several times by the same employee then looked at but never once asked if I need help which I did, when I brought it to her attention, and said miss you walk by Me 3 times and I'm in ask me if I need help she replied, well do you need help? Really! This is how you get treated when you go into a place to shop and when I brought it to the manager's attention, he didn't say anything to me not even one apology I just said I'll talk to her... Minutes later I just saw him having a casual conversation with employee who never asked if I need help, at that point I let him know that I was a report him also and said how hard is it to just ask the gas if they need help and I let him know we keep them in service, he was rude the whole way through his name was Michael and the employee's name was Huda Huda the only nice employee in there was named Donna who felt awful for me because of how I was treated, also I'm a young black woman who got followed around I never once asked if I need help thank you for your time I will never shop there again",3,0,0
7faBfLvIVFEEqhwaT9WHug,tgcRdoi_n59qMqR3GP2GdQ,MNYaNRLFQPv_yxgsEAzZig,3.0,2017-06-30 20:15:01,Need more people checking people out!! Lines are always  extremely long and there is always only ONE worker as a cashier. I have to stand in line for 20 minutes to buy one thing. I live the store but the long lines make it frustrating to shop here.,0,0,0
FZkhyvnZernMHdF42y2gMg,Pez4S3hmwBdbOpxf86j-sw,Iq90B6I4oIYeEVA-8KmHgQ,1.0,2019-01-08 21:43:03,"I have low expectations to begin with, so it's hard to believe this junk discounter could provide less than poor service. I was wrong; with the addition of many poorly trained cashiers and the ever-smug 'loss prevention' jackass in charge, the store has managed to sink lower. I just needed a wine bag and a few trinkets to toss in, but after waiting 25 minutes for the one cashier, then having the mall guard be rude to me...I'm done. At least items are still packaged and unbroken at the Dollar store.",1,0,1
tsf9h0jt45LY8KOIGI2BMg,yDe_v-87VIBira9u-GekWw,BlHbGyK7QtD2MyJMNwPx0g,1.0,2012-01-04 18:29:21,"I have never had a more horrible shopping experience in my life. To start off with there was next to no selection, all I was looking for was a pair of dress pants. I went to the fitting room and the attendant was very rude. I left with all the items I went in with (three) and heard her calling security on me. I was in line at the register and there was only one cashier. There were five other customers in front of me. To top things off security was standing there staring at me. FUCK YOU RENT A COP!! I put my stuff down and left the store. I will NEVER go to any of these stores again, apparently the people that work there don't even have the education of a second grader.   0 STARS!!",6,4,0
CokzbpN6BbbkbPkU0afs8Q,tSwCMiCiAXgiVzeW68RWfA,kj1r6Az2lNOKWLCB85GB9Q,5.0,2021-11-30 08:50:29,"In solely innately FREE immediate family planning, our dynamic always bugged Mom about taking to the toy store or back to our house at the time as in all other regular shopping sprees of hers with all of us.  It was always interesting to read some of the children books and explore some of the decor items and such whence there.  It is recommended to all anytime.",0,0,0
x44ueBOBZbB-OFn3gjEfYA,khWlsWEYXoISg7PDQGjvyw,ssk8jw1gTdWSN_KqFvO06g,4.0,2019-02-13 17:45:10,"I appreciate Ross for the designer items you can sometimes find on the racks at ""steals"" in comparison to the MSRP. The location is good. I wouldn't suggest Ross for men's dress wear, I went in for a blazer and found no options, luckily Kholes is in the same plaza and offers blazers. For all other attire, Ross has not let me down. The staff is friendly and store has an easy layout, men's s on the left, woman's on the right. So simple. Love it. Although most department stores do the same thing, I thought it worth noting.",2,0,1
KP9GdTPAC12b3B7aL8Q0DQ,o3RzkJ6yRhE6_YN5786feA,UyXqGEKod-veD6m6Hq0EDw,3.0,2020-12-05 11:43:57,"I go to a Ross Dress for Less anywhere and everywhere I go, it's one of my all-time favorite stores. This location however was okay. My biggest challenge with this store was it was a mess. Stuff everywhere it isn't supposed to be. I didn't really dive too deeply into the clothes racks, but the selection of housewares was B+. If it was organized, I'd probably kick that grade up to an A. Lots of unique and essential products to choose from. I found some Everlast boxing gloves in my size for only $15! This is not normal, I repeat, this is not normal. So I got super excited to find these gems! These gloves made the whole trip worth it!",6,1,5
auZlXxnypTPfsSUML_sbHw,tSwCMiCiAXgiVzeW68RWfA,kj1r6Az2lNOKWLCB85GB9Q,5.0,2021-11-05 01:17:23,"In solely innately FREE immediate family planning, our dynamic always bugged Mom about taking to the toy store or back to our house at the time as in all other regular shopping sprees of hers with all of us.  It was always interesting to read some of the children books and explore some of the decor items and such whence there.  It is recommended to all anytime.",0,0,0
9EkpDsh-LT5vzjSCiQs-Bg,tSwCMiCiAXgiVzeW68RWfA,Z6WD4uMWjx93wo4EzJZDQA,1.0,2020-02-18 03:38:42,"They closed all dressing rooms!!! I Came here about 745pm. Found about 8 cute clothing items and a dog bed. I went to the back fitting room to try them pieces on and the lady told me the rooms in the back were closed, but directed me to the front of the store to the temporary looking dressing rooms. I walked to the front dressing rooms and they were all locked. I asked the cashier where I could try on clothes and she informed me that I couldn't because they had locked all of the dressing rooms. I purchased the dog bed, but left all the clothing items because I could not try them on. Very unprofessional and disappointing. I spent about 30-44 min finding the clothing and I had no idea the dressing rooms closed when the store is open for ANOTHER THREE HOURS.",0,1,0
yDSHGUUpPWvfLc58p2Iegw,yDe_v-87VIBira9u-GekWw,nS2rX-uViUrFQcGT-PNlxA,1.0,2012-01-04 18:17:49,Bad customer service. The lady at the fitting Room doesn't Seem to understand English when you tell her you want to buy one of the items you try on she tell you to put it back on her hanger. Also when you have a line of people  at the register you should call for another cashier to help ring not stand there and look at the line like you don't know what to do. The lady at the fitting rooms needs to stop calling security on customers who want to buy clothes that they try on. I give this place 0 stars it's a bad place and very bad customer service,0,1,0
NDVwTXzUijw3upp6MUFdyg,7hL5wCzn7NNuzswx-7VIIQ,t6oMDTL1KhmVdQz4phXxVA,4.0,2014-04-30 09:37:32,"The first time I entered this Ross I found it in horrible condition and left after several minutes. Recently I returned and what a difference. The store is clean, clerks friendly and like the other Ross had items in my size, I'm a 0-1. The dressing rooms are in the back and in nice shape.  The items here range from lamps to clothes and nearly everything in between. We even purchased our table wear here. Its a name brand which is nice and heavy at only $10 for a serving of four.   I have so many items from Ross around my house. This is a good store if you need toiletries, clothes, bedding and household goods. I'll be returning in the future.",2,0,0
hrvi6SCe6Fw8O9jdxf9g6A,tSwCMiCiAXgiVzeW68RWfA,7T1GRvCc2o2JdmSSmohHBA,1.0,2020-08-05 01:23:19,Came here today around 4pm. They have a sign on the front door that masks are required. Customers had on masks but the cashier at the Customer Service register had hers below her nose and was waiting on customers. Really Ross? Thanks for helping to contribute to the virus' spread. I hope to never shop here again......,1,1,1
HrrAqk02hpnv71zMovIIvA,7hL5wCzn7NNuzswx-7VIIQ,8bzKd1Nh2TAVG9OPLRcUag,2.0,2021-08-02 20:36:51,"Why is that ridiculous fire alarm twittering? It's been making that awful sound for over a year?! Weird and unwelcoming. But...doesn't really matter because whenever I go in there, there are literally almost no tops in Large size?  The rack is nearly empty. And was also when I went in a month ago. I don't get it.",0,0,0
C0gDWElyOrSBxg6h4Y7EiQ,7hL5wCzn7NNuzswx-7VIIQ,JLKw-Vrn0cia8qSue7jBcA,2.0,2016-08-13 01:29:14,"Find that many items are broken, chipped, or they don't have a good stock of items.  It also bothered me that I called them to see if they offer shopping cart pick-ups when people leave them in neighborhoods (shame on you, cart thieves!) and the young woman laughed at me when I asked...she didn't even try to appease me with asking where it is or telling me she'd tell her supervisor.  It showed me that their employees don't really care about their community reputation.",4,0,0
17dWQ4KauheyxDiJe1Rv7A,yDe_v-87VIBira9u-GekWw,JWXYZoUjFWB7_lTpxf8zQQ,1.0,2013-09-27 05:26:37,"THIS is why I'm an Amazon Prime addict now! I cannot believe how rude some people are, especially having worked as a salesperson in high school for 4 years myself.   I'm there to return a purse. It's in the bag with tags attached. Simple. There is only one other lady in front of me in line at the returns counter. I get in line behind her.  All of the sudden, the clerk shouts at me, ""It's all in ONE line!""  ""Excuse me?"" I say, having no idea what she's talking about.  She makes a ""flight attendant directing the aisles"" gesture with her hands and says ""It's all in ONE line!""  ""What?"" I say again, inciting her wrath.  ""It's ALL in ONE line!""  ""Huh?""  ""IT'S ALLLLLLL in ONE LINE!"" she spits out, exasperated now, still using flight attendant gestures.  I stare stupidly at the woman in front of me and the empty space behind me. Suddenly; I realize what I have done to invoke her rage: the black ""waiting line"" ribbon thingy is empty. I'm not standing in it. I've chosen to stand DiRECTLY BEHIND ONE PERSON, forming a two-person line OUTSIDE the waiting-line ribbon.   I must be punished.   Because, ""It's all in ONE line!""  The Psycho treatment, I got it at Ross.....  Nope, I'm staying home again next time. THANKS, AMAZON!",4,7,0
En-dDiu1i8_q3IqYl7h0YA,tSwCMiCiAXgiVzeW68RWfA,gChajnUCWlar55bQgrPMRg,1.0,2019-12-13 19:33:02,"I loved coming to the store until today. I purchased a puppy bed and for obvious reasons, didn't get it bagged due to the size of the bed. As I was halfway getting to my car, an associate came out and yelled if I had gone through the line. I was truly embarrassed because of the amount of people outside stared at me like I was a thief. I asked if she wanted to see my receipt, then she declined rudely.   She profiled another man of color when we got inside, and I'm not saying it's a race thing but two back to back issues with people of color within 5 minutes of each other.... truly disappointed in  this.",2,0,0
edvCMDYUbJjoqWJYd7VQlQ,khWlsWEYXoISg7PDQGjvyw,jCHGa7hfu6LyWN-9kSvkzg,1.0,2021-04-12 15:21:23,I would actually give negative stars if possible. Terrible customer service very Rude,0,0,0
k1i8HATn57mTemp_IJu99g,tgcRdoi_n59qMqR3GP2GdQ,I5MaS-lYDeiiNqrd_SUWPw,5.0,2016-06-22 14:18:13,"The fact that Ross is coming to the Glen Carbon/Edwardsville area with jobs & tax revenue is enough for 5 stars. The fact that they are bringing a store full of fabulousness at great prices is icing on the cake.  No more driving to Fairview Heights to go to Ross. Let's hope the TJ Maxx & Marshalls family follow suit.  Once you open your doors, please keep the customer service at 5 star level, so I don't have to go in and edit this review pleeeaase & thanks!",2,2,0
pRM49cJLfle3oxItuCQw5A,yDe_v-87VIBira9u-GekWw,Bzpx3wFoVVhU0WepBKbFnQ,5.0,2019-11-17 12:57:22,Great store bargains in every aisle if you look.lines get long due to lack of cashiers.,0,0,0
FpvOMs67P5wEOYrIcmPTbw,o3RzkJ6yRhE6_YN5786feA,1kLPPGV41AfqzjWstXLHgw,1.0,2021-10-05 14:22:32,"I was just there and I came across a rude and unprofessional staff member. As I was looking at rug, out of nowhere an old lady (I believed worked at that department) was like ""put it back where you found it""  I did put it back where I found it, I mean it wasnt perfect but it was the same spot where I found it at. I mean that's why she got hire for right?   So we have a little argument. As I was walking away, she was still talking n saying I'm being disrespectful and I should watch my mouth etc.  Like why are you hiring people like that? That talk rudely to customers.",0,0,0
2sUIG65N1-ig1QI4gA2z4Q,7hL5wCzn7NNuzswx-7VIIQ,IDCVIPzpUCuT8Vwxct9jYw,4.0,2021-12-23 16:54:37,"While this location is getting a beating in reviews, my shopping experience yesterday was fine. Sure, there was a long line, but I consider that standard for Ross. Sure, some shelves had low stock, though that's a common issue during the holidays, which is only exacerbated by this year's Covid-induced supply chain problems. My only expectation was to find some gift-worthy goodies, and that expectation was met.   I picked up a jug of moonshine-inspired hot sauce for under $10, a fun gag gift for $5.99, a large jar of mixed peppercorns for $3.99, and another present--won't name it because the recipient might read this!--for under a fiver. The candle selection was mostly picked clean so I didn't choose one, but there were still some left. Plenty of clothing and home goods too.   The store was also quite organized. Pictures indicate that sometimes things get out of hand, however both times I've visited this location it has been pretty well kept. Check-out was smooth, with a very friendly employee, and I left in under 30 minutes. Pretty good for holiday shopping on December 22nd.",4,2,8
DPXcThMUgS7Mu4wGw5U_7w,yDe_v-87VIBira9u-GekWw,R_MjrdO7_7BAp9WKfKK2lA,3.0,2018-01-28 13:46:26,"I love coming here to look for random things, from clothes, house decors, dog stuff and other essentials. But lately the cashiers are not very friendly no greeting or thank you or anything. The only greet is from the security guard when you first walk in. But its not gonna stop me from shopping here bc I always find great deals.",3,1,0
sjpqH7FYCPBayo_XLDEgXA,khWlsWEYXoISg7PDQGjvyw,bH3yc4ZI4CGd_wPpZKML5A,1.0,2015-12-03 19:28:06,"I usually really enjoy browsing through Ross stores and I've found pretty sweet deals at plenty of them but the selection at this Ross can be hit or miss. What's worse is that the customer service here also leaves a whole lot to be desired.   The service at other Ross's can also be meh here and there but it seems like 90% of the associates at this particular store are either: a) upset they have to be at work or b) more interested in gossiping with their fellow disgruntled coworkers than doing their job.   Unfortunately, if you live in the immediate area of Hatfield/Lansdale/Montgomeryville, this is probably the closest Ross to you without having to drive to Royersford, Warminster or Plymouth Meeting. I'll gladly take my money and head to Kohl's right around the corner for a better shopping experience.",4,0,0
8_X9HrAmOu5qYfhkrq9ovQ,FdxyUg6puHeyjgp4Ue8imQ,ZXCGLSEIJfV_g_MbDs4CYQ,3.0,2012-03-30 01:27:49,I really don't see the difference between this place and Marshalls. Its a good store for deals on name brand clothings. Its like the Daffy's in Delaware.,0,0,1
yEexUpGnVu4XFxt4eb7mSw,AVh6_Qx1nz6jmCzqthX5_Q,6uFquaYspTACFcD8td4ydw,4.0,2014-01-18 11:58:33,"We always find a ton of deals in this store. The merchandise today was a little thin, but that has not been typical of this store. They have a good men's shoe selection, especially if you wear large sizes. The store is clean and much more organized than most of the Ross stores I have been in. Overall clean and good merchandise.",0,0,0
5J0uPigCJJnuOUChptwqjg,FdxyUg6puHeyjgp4Ue8imQ,hNSBlHFZ-asFbq2gxn2Esw,2.0,2015-04-02 20:06:11,Horrible customer service. Lines are extremely long and they have one cashier while the manager stocks perfumes. They need to do better,1,0,1
kx22n1ILEiezVz05_jXKPQ,yiSQYHLUKkebZi_RVjJcfg,2iS1vg5TYpV_iEiNC8osTg,3.0,2018-01-22 16:20:55,"Know what you should expect when you go to Ross.   It's not going to be very fancy.   The racks will be slightly-to-moderately disorganized.   They won't have all sizes of everything.   There won't be many people around to assist you.    That's how they keep the prices so low.  However, you will find something you like (in your size) if you look hard enough.",0,0,0
BUOI3XAMH2-VyflKPG42sg,yiSQYHLUKkebZi_RVjJcfg,IkvPWXfwfJuMH9DZkUvH6Q,5.0,2017-10-12 21:30:30,"Stopped in here today for the first time and was pleasantly surprised. Reminds me a lot of Marshall's or TJ Max but seems cheaper than even those stores. You have to go through quite a few racks to find the good stuff but there is a lot more than I find at some other stores.   Shoes, clothes, housewares, you name it. I walked in not expecting to buy anything and ended up with ankle boots and a jacket for work for about $30. Hard to beat that!",1,0,1
uuphzlWPDdJulogjmVIlXw,OQqBFuA5tcxdHog8YgMRcQ,dWm62gbteheuhnbleRvvrQ,5.0,2016-04-13 18:32:57,"I am in here like twice a week. Alicia and Toni are so great. The checkout is fast, the store is neat and I always find great things. I never leave empty handed!",0,0,0
3ArNlihfkjATyUPS7-_70A,5hcVlXQmyOZvP1ED7Q8viw,IwKse4AULTJ8A57_JqUG6w,1.0,2014-08-14 01:36:53,Bad experience!! Customer service is everything!! They had Zero!!  Two people at check out and one was doing a return!!! I waited 18 minutes in line with one thing and missed my workout class!! I went there for my niece other wise I would of split after 10!  Three employees were chatting not caring how long the line was getting! A women 4 behind me started asking them if they could ring and they giggled at her when she asked for the manager they total ignored her!! I'll be shopping at Burlington coat factory from now on!,1,0,0
p7YLVcLD_iSc3s4DRaup6A,AVh6_Qx1nz6jmCzqthX5_Q,ng5jltFcaDA7ZiprOgjB5Q,4.0,2014-02-08 03:48:55,"Me encanta Ross!! Esta tienda es una de las más recientes y tiene un poco de  variedad, pero para una chica como yo que le encanta comprar no creó que esté al nivel de la de Clearwater.",0,0,0
fc2vxMMjJQUYoPKP5HoImw,AVh6_Qx1nz6jmCzqthX5_Q,uItmoEXevY5eZwtd_7fmVQ,5.0,2017-06-20 00:06:08,"Great location, great selection, very clean and organized. Can't complain, this place is on point. It's more open than other local Ross stores. Upon walking in, you are greeted and you'll notice immediately if you've ever gone to a Ross store, that it is not very cluttered.  Everything is well placed, with easy finding department signs hanging from their respective ceiling spots. Home accessories, from kitchen to bathroom to bedroom can be found here at quite a discount from other stores who sell the same brand. I got a pair of nikes that I already own in a different color for $35 and I paid $85 at footlocker. Definitely a steal!!",0,0,0
lJhOPhY4NrSuvC7jlNJrPg,d1s7_c4Z76wuEkJKGbXnig,hvrAQmyvzohPNPkStVLUww,3.0,2016-02-27 17:43:21,"I have to give this Ross three stars but I'm being a little nice because it really should be two stars. If they did not have a nice selection of clothing and other miscellaneous products like home decor and hair tools, I would give them two stars. I went a few months ago to bye a shirt or pair of pants to add to my wardrobe and found something (I think it was a plaid shirt that day). But anyway, I had to wait in the line for a little bit which is typical at this Ross because there aren't that many cashiers working at once and people have carts full of stuff. I am a patient person so I waited in line and when I finally got up to the register, the girl was doing something at her register. I stood there awkwardly for a good five minutes overhearing her conversation with the other cashiers. It really annoyed me that all of the cashiers were standing around talking and pretending like I wasn't there. If you want to have a conversation like that with your friends, wait until your break. That absolutely irks me when employees stand around talking, especially in front of the customer who is supposed to come first. It's just a lack of maturity and professionalism. I still shop at this Ross occasionally but they should really reprimand their employees and make them realize they're not getting paid to stand around and talk.",0,0,0
pJnXYQAJBZ4oavT12YKISw,yiSQYHLUKkebZi_RVjJcfg,0YI3p9o-ntRgRaPWpfa22Q,1.0,2017-12-05 02:57:17,Wow horrible! We walked in an the store is brightly lit. That was the only good thing. I had a bag from 5below and a security? guy had me untie the top. He never looked in he was 10-15 feet from me leaning on the jewelry counter. He said ok and wrote something in a binder. The whole store is a horrible mess. Absolutely nothing organized. It looked like a tornado hit inside the store. I should have taken pictures. Stuff on the floor. Stuff stacked haphazard on each other. Nothing organized. 5below was better organized and cared for. This was our first time in a Ross and it will be our last.,1,0,0
amosF2XlWqfWAgYicQ0YDw,ujJF9TpJGRSx07RmnEmxkA,h4aOjzxO04wz8Koqtl-d7w,1.0,2017-10-04 22:15:42,"rude staff...okay selection but damn the cashiers and floor staff are super unhelpful ,dont even say thank you. no thsnks",1,0,0
P2Kb5E6v1Y-SWmxljGUvog,d1s7_c4Z76wuEkJKGbXnig,gz6LI1krdW2OHstnP6QJaQ,2.0,2017-08-01 22:17:40,2 stars: 1 for the nice people who work here and 1 for the low prices... this place looks like a tornado hit it. It is a complete mess. There is zero organization. I was completely overwhelmed when I walked in and didn't know where to start. It an OCD person's nightmare!,0,0,0
x0Kgpe-ZzJYgtYey2LzfNw,AVh6_Qx1nz6jmCzqthX5_Q,oJEPA04luOF4BHfJie5dwg,1.0,2016-01-19 20:41:35,"Although the prices are great, dont bother trying anything on or you will be treated as though you are going to steal something. My 11 year old was forced to put her 1 item on the rack to be counted prior to going in the dressing room. Isnt that why the magnetic strips are there? Will not return to a place that treats their customers as though they are a criminal. Dressing room personnel was very nasty about what was mentioned above.",0,0,0
8m-adeVGTXEfmmdxDErIiw,OQqBFuA5tcxdHog8YgMRcQ,lJD6Tu79JKbwTcphkbYaIA,1.0,2015-05-18 01:32:42,"Went in to grab a couple things. Wanted to try them on so I didn't have to return them later because I'm going away for 2 weeks. I know if I attempted to take them back after my trip, they would give me a hard time like every other time I tried to return an item. Anyway, they apparently code the fitting room an hour before closing the store (which makes no sense since its a clothing store). When I asked the cashier why they close it so early, she responded with a rude attitude saying they didn't have anyone to clean up after customers. If you want customer service, don't expect it here. They are only nice to people they personally know.",1,0,0
hdrBpTS4UfMDD4C8zpxKcw,mdSwEJaS_142TPGc66Al_g,nND_W1IE4sWTWmf02JUp2A,4.0,2016-12-26 06:34:08,One time experience but loved it for the simple fact that this is the first and only place I  have found extra wide calf high fashion boots that I  didn't have to order on line. Great.,0,0,0
dt7vzGLR-cj3lGh527IKTA,AVh6_Qx1nz6jmCzqthX5_Q,nC9omV4v5IKgv4hX5FIX6g,4.0,2014-12-23 02:58:27,"Good selection of shoes and other cheap clothes, toys and nic nacks",0,0,0
2yOTjpJR2NR6y9-Htu3xLQ,ujJF9TpJGRSx07RmnEmxkA,TJR1qB528s2eZeCUFgVjFw,5.0,2018-07-20 17:30:13,Great experience so everyone in Philly ain't rude...yeah!!!! Yes I spent money lol... the store had lots of stylish clothes,0,0,0
wgkGxK_4Ugi3MbfibronZw,d1s7_c4Z76wuEkJKGbXnig,XHRUh1t8fAFx8Ik_3Kx1WQ,3.0,2018-01-15 03:26:47,"This was my first time at this Ross.  In general, Ross has a wide selection of items at a low price.  This was the messiest Ross that I have ever been to.  There was absolutely no organization, which made looking for items in a certain size almost impossible.  Even in the children's area, where there are plush toys and size doesn't matter, it was a wreck.  The plush animals were dirty from having been on the floor.   Avoid this Ross unless you have alot of time and patience.",0,0,0
swbTuUBfQZRkkOJRKpSIoQ,FdxyUg6puHeyjgp4Ue8imQ,TMwo5S62VuUjoC4YO2Ex1A,1.0,2018-05-03 17:48:26,If you like to shop Ross of New Castle you better plan your entire day around it. There hasn't been a time where the line hasn't been at least 15 people long. Cashiers are miserable store is messy. This place gives me anxiety. I went to go purchase an item today and walked out because it's 1:47pm on a Tuesday their line is insanely long WITH plenty of painfully slow employees. I'll go elsewhere!,0,0,0
UJ5xefN4AuUxWTJl2hR5pw,AVh6_Qx1nz6jmCzqthX5_Q,TjXHdW8E-9Jk74mSwZOvjw,4.0,2013-07-22 15:35:37,Nice clean store with a good selection of merchandise. Just go in with an open mind and chances are good that you will find something you like at a price you like even better...,0,0,0
E6cM46c8t3nOJIU9VOz3Kg,d1s7_c4Z76wuEkJKGbXnig,b5qVsLzmfb0xPk9xGIbXiw,3.0,2017-11-26 17:58:43,"I was  just at ross 4 days ago,it was real late,they close at eleven 30,we got their quart to elven,they have nice clothes but u have to dig through,to find what u need,that night was the busiest  night,and messy,I was like wow,lots to clean up,but on a regular  it's always a mess in their,I have visited  another ross about 2 months ago,I was like wow this store is big,and clean,everything  was in it's place,but  anyway I still shop their",0,0,0
WXhpSSuq_KYCO8iIquKY4w,5hcVlXQmyOZvP1ED7Q8viw,fpHUpxSWuM3DdgxvzBlkYg,2.0,2013-10-31 18:45:08,"Usually walk in, 10 minutes I'm out. This location doesn't have too much to offer anytime I go.",1,0,0
2ucMrGcl-7XQjN5Hqg7LoQ,yiSQYHLUKkebZi_RVjJcfg,DRh_DIRH1JFkhCtVw83w1A,3.0,2017-10-19 19:44:26,I really love the good deals you can find here. The only problem I have is several times I have been here the line has been insanely long with only 1 or 2 people at checkout.,0,0,0
NoHISE9nn-yYjrs1NvuuEw,AVh6_Qx1nz6jmCzqthX5_Q,Um5bfs5DH6eizgjH3xZsvg,3.0,2015-04-05 05:34:03,"Yep, I found another one. Why? A friend needed a new bra!   Here's a hint for all the women who might come across this: If you gain/lose more than 20 pounds, it's time to get re-fitted in your bra. I guarantee that you're NOT what you were before.    Since I can usually visually size very well, I took my friend over to Ross, and found a few different styles for her to try on. One thing I HATE about Ross is that their lingerie sections are horribly kept. It doesn't matter which one I visit, the bras are disgusting. They are never in order, they are always messed up, Finding a size is like an easter egg hunt. GOOD LUCK!   But we did find a few of the sizes I suggested - I generally suggest two, different band/cup combo's because Go up a band, go down a cup, is kind of how it works. And you HAVE to try them on. Well, after 3 different ones, we found one that she liked and it was only $6.99 +tax.   After that, I looked around and saw nothing I either didn't already have or nothing I wanted. Heck, I even played personal shopper for a complete stranger. Yes, life is fun when you have very few inhibitions.   Ross is great when you need something and you just don't know what!",0,0,0
xlBMd5EzFhYETfHg4AEwGA,OQqBFuA5tcxdHog8YgMRcQ,EQpFHqGT9Tk6YSwORTtwpg,2.0,2014-02-16 01:52:22,"Dear Yelp Diary Im big size girl and this place has very few selections compared to most Ross. Unfortunately, it is convenient because I was too exhausted to drive to Jersey so I settled for Philly shopping. I like going to different neighborhoods since the more upscale ones usually/more often than not will have more and better things to choose from. Is that just my hallucination or does anyone else notice this too? Do you think bringing a Ross to a lower income area means the better looking items wont sell? Think again. I think Id rather drive to like Willow Grove or more upscale neighborhoods to find a Ross...just because of this little unspoken thing retail management pulls based on areas on income and based on different neighborhoods they plot themselves in. Yawn.",0,1,0
56ldWTHw2qXhy2L8Cfu4aw,ujJF9TpJGRSx07RmnEmxkA,BapI4j6c-qi4uDI0Cvgi0A,2.0,2015-05-18 23:49:43,"the prices are usually pretty good in this store and stuff for the house is always good , like unsual furniture , candles and very nice ornate decor BUT the organazation of the store is always lacking AND THE LINES ARE ALWAYS WAAAY too long. to the point where i dont even want to buy anything anymore. id give a higher rating but the lines are always insane.also ive noticed that ROSS TJMAXX MARSHALLS and etc have better stuff and selection in nicer neighboorhoods. especially for plus sized clothing.  KEEP YOUR RECIPTS TAGS AND ETC FOR RETURNS because if you dont , theyll give you like hardly anything for a return",0,0,0
5xjV2Z8kn4mpITxZoHQEbg,d1s7_c4Z76wuEkJKGbXnig,t89fn41ZkdS9NuT5ItIn8A,1.0,2016-07-12 05:16:36,No stars. This place should be condemned. I do not understand why people shop here. When my wife says she wants to go here I cringe and hope she is not serious. On this day she insisted.,0,1,0
eM4DGC4CNizfekg1vkFWDQ,ujJF9TpJGRSx07RmnEmxkA,b_JjdOKTGa0QIuG3DYpZVw,2.0,2015-10-05 11:17:52,"Everything was ok until I arrived at the register; the cashier never greeted me, talked bad about another customer while he was giving me my total; he gave me the wrong amount; and when my receipt printed out, he pointed to it and said ""there's your receipt"".  I had to rip off my own receipt from the register. The lack of customer service from this cashier made the entire shopping experience horrible. I will never go there again when there's a Marshall near who has excellent service.",5,0,0
pHfH_YemAZXGhWVm4nImOA,yiSQYHLUKkebZi_RVjJcfg,KH15S7MptKslPuOjde9o7w,1.0,2017-12-24 01:42:59,The store was packed with good deals and organized when it first opened . Now it's a mess and ran by the most unprofessional people ever . Waste of time going in.,0,1,0
DUurwb3cTqwrY9caWRGw_A,OQqBFuA5tcxdHog8YgMRcQ,qNia-tAppIlUj6qxjZxurA,1.0,2017-05-22 07:10:39,Ross used to be the place to go to get affordable clothes.  I have no idea but it's gone downhill.  Store usually looks like there was an end of the world sale mixed with a hint of Hurricane. The quality of the clothes do not match the pricing.  I'm not paying 20 bucks for a shirt that has holes and mystery stains.,1,0,0
hUXUQqwq2clKnET_3vEihg,AVh6_Qx1nz6jmCzqthX5_Q,61gIYwd_ncJlBAC8B-gL1A,4.0,2015-01-12 02:09:09,Great finds in the dress section...a Tahari suit normally $280 on clearance for $33 is just one example...great home section. Customer service excellence depends on the employee and time of day makes a difference too!,0,0,0
H97qs7gzwjXTxntPrtkWLQ,OQqBFuA5tcxdHog8YgMRcQ,o0q3N5wSjheB066dQtQjOQ,2.0,2018-01-28 15:58:08,"went in close to closing on a Sat night. and i thought maybe the store was going out of business, as it had VERY empty shelves, and barren spots where clothing should have been hanging! the place looked like it had been emptied out by looters. not even kidding. i did find a few kitchen odds and ends for less than $2.00/each (magnet clip things for the fridge and a soap dispensing thing for dishes) BUT i did have to dig through a mess of random objects in a bin. But, was well worth it. Just dont walk in expecting an organized, well thought out retail experience. Because of the empty racks and shelves, the place had the feel of a large thrift store.",0,0,0
f9SqI9SPYOTGUW_JL4U5SQ,d1s7_c4Z76wuEkJKGbXnig,JI6T6niNLWzks55uON1QDg,3.0,2015-08-14 20:15:44,"I like shopping at Ross because I'm cheap, and I'm not ashamed.  It pays to be frugal.  There are some good quality clothing for great prices (sometimes).  Searching through can be a labor intensive chore, but once in a while, it pays off.  Other than clothing & shoes, there are accessories, toys, kitchenware, housewares, and more. If you've never been, it's worth checking out, just don't have high expectations.  This is a bargain shopper store.",2,2,4
ox2Mhi2SKZfS3x3DLg1_Cg,5hcVlXQmyOZvP1ED7Q8viw,KWKXZsjb-45fUyvvpM2ZBg,1.0,2013-04-02 20:19:52,"I really dislike this ross their selection is terrible. A couple years back they had something going for them but they just keep going downhill. All the clothes seem so bland and old-ladyish. They have MANY shirts with corny floral and paisley patterns and the skirts all look the same. Most of the racks have nothing but cheap material clothing on them, and the shoes seem to never sell. They only thing that is some what nice about this place is the watches and jewelry they have on display but they do not have much of it. If you like floral shirts and ugly dresses go right ahead they have it.",2,0,0
e7LPY0bPid8WqxUbm-Ah4w,AVh6_Qx1nz6jmCzqthX5_Q,CaVEy7kpASLwNBGymLwhgw,5.0,2013-04-26 07:27:54,"Ross is one of my favorite ""discount"" stores. I find a lot of good deals in Ross. This morning I purchased a Physician's Formula eye makeup set that had mascara, and eyeshadow palette and an eyeliner set (three eyeliners & brush) for only $7.99. The value if you buy these three products individually at drugstores would cost you around $35. I have also found some Philosophy and The Body Shop products for great prices. I also like to buy shoes, purses, wallets, shoes (ohh wait...I said that?), socks and kitchen goods here. You never know what kind of goodies you will find.",5,1,2
0EOa4QhinSag1pknbc4ARw,FdxyUg6puHeyjgp4Ue8imQ,ETa_pH4vayGspS3YT853zg,2.0,2018-04-24 07:04:04,"As much as I love to shop at Ross, this store is so messy. I had to go through so many clothes just to fine ""SOMETHING""...I don't know if they have a night shift but if they don't (with so many people looking for jobs) they need to hire a couple of people to keep the store clean...2 stars is the best i can give them and that was being generous cuz i did find 2 nice summer dresses",0,0,0
8SGjCYpKtCIeRIdaycRfsA,d1s7_c4Z76wuEkJKGbXnig,LJ4nZDrT5w4VDV8JhtqALw,2.0,2013-01-27 08:31:56,You must time it right or you will be in a long line. I've been to better Ross stores. The look and feel of this Ross reminds me of a thrift store or consignment shop.,0,0,0
I7YtD_AUVcm7f7tNB2C3PA,OQqBFuA5tcxdHog8YgMRcQ,AuzWV5RpVr28ywNZU2x_4Q,3.0,2014-10-26 19:22:37,"This place is like a Marshall's/TJMaxx. Affordable/discounted clothing, shoes, accessories, home items, furniture, bedding, etc. I'm surprised I even found items to purchase considering it looked like there was nothing here. They definitely need to restock and get more merchandise. However, I was able to find a few cute sweaters and dresses that were pretty cheap! The most expensive item I bought was only $14.99. I wish there was a Ross in North Jersey. I think Ross has better prices and cuter clothes than Marshall's. I can't really comment on the other sections in the store as I was too busy browsing through clothing. Overall, it's an OK store. Definitely has potential to earn 4 stars :)",0,0,0
kKrZIg1U74jvs48zI6As2A,mdSwEJaS_142TPGc66Al_g,h4aOjzxO04wz8Koqtl-d7w,1.0,2016-10-30 22:35:39,not anywhere near the selection  of other local ross stores.customer service non exsistant. the blvd / adams ross is super messy but you have a larger selection of clothing for plus size ladies and more shoes/ bags..,1,0,0
18ph4WOJMZBVQoQdB9DFUA,ujJF9TpJGRSx07RmnEmxkA,df4oOKSWoWPgsJtokCcd4g,2.0,2016-03-30 04:57:13,"Ross is perfect for home goods, pretty much every home accessory here is good quality with a reasonable price. I always find something here useful for my house( curtains, baskets, side tables, etc). Not at this Ross (Adam's & Blvd), but other Ross' .One thing for sure, when you visit this Ross you will face the inevitable! A massive line of 9 or more people, all with the same look on their faces, ""why am I here?!"" I only went to this one to return something. Looking for a great Ross, visit Fox St.",1,0,0
whURbf4a2hA1-qNDqx0kDg,5hcVlXQmyOZvP1ED7Q8viw,PcgyHvdduilIJ-O-z_05Sw,3.0,2015-03-03 16:28:21,"I love Ross because they always seem to have great deals when you can find your size. This was my first time shopping at this particular location and it was easy to find, had plenty of parking, and seemed to be staffed with friendly employees. The selection seemed VERY limited and the store was not bright or encouraging to stay and shop. W came for a specific item, a dress shirt for my teenage son. We found one easily enough and of course the price was right! Our cashier was friendly and we were checked out quickly. FYI this location does not offer military discounts.",1,0,0
yH7DQgL64vlFbQU8AyjBng,AVh6_Qx1nz6jmCzqthX5_Q,sVer7l3TKwICjZ6liQD53Q,4.0,2014-03-20 10:43:52,"Ross is a great place for a great deal. I find it less stressful to dig through these racks than say a TJ Maxx or Marshall's. It may just be because this one is a little smaller.   If it isn't too crazy, the dressing room attendants help you out, especially if you have more than 8 items to try on. They'll switch out clothes as you try them on. My cashier was nice as well.   The swimsuit selection was pretty sad. Of course, 'tis the season for spring breakers so I may have just been a bit late to the game.   And finally, the store was very clean and still pretty organized which is a miracle at these kind of stores.",1,0,0
c_YVRz7_bw_dSlJN4XH41w,ujJF9TpJGRSx07RmnEmxkA,QGslVOrS4gEGbY2bNDRU4A,4.0,2012-01-27 14:52:59,"I always love Ross. I've gotten a dress, sweater, and high heels in here to wear that same day on the fly for $50. They have a nice pearl jewelry selection as well. Fast and convenient.",1,0,0
w9vgM4Y9N44_HwZC70RXGQ,mdSwEJaS_142TPGc66Al_g,L9Q1TK7bLs4dOI-rZgaDXA,1.0,2012-05-23 02:47:30,"I was excited to find an item i have been looking for at an incredible price. Although only one cashier was handling a very long line of people, i patiently waited 30+ minutes for my turn.   When i was trying to pay for the item, the cashier told me the price was wrong on the item. Instead of $6.99, she said it's actually $19.99 although  there were three exactly same items with a sticker price of $6.99.  I argued a bit, but too tired to deal with the b/s so i just walked out of the store.    I am definitely not returning to the store.",7,0,0
TPixRA5-og3K7lX7svbZ4A,yiSQYHLUKkebZi_RVjJcfg,7Ph4w4BvyXhFYWB0bLZCFQ,2.0,2018-11-26 06:20:36,"Definitely not nearly as nice or well stocked as a TJ or Marshall's store. A lot of items always thrown on floor or disheveled looking.  The clothing selection is pretty bad, a lot of sept store in house brands or out of style articles. Brands like fubu, fila, ecko and a lot of oversized stuff.   The place seems in kept or like they wait til the end of the night to restock and tidy up. Needs a better housekeeping staff. The cashiers are hit or miss, Ive had very ""offish"" and cold cashier ppl, but the lady today was very kind and pleasant and efficient checking me out quickly :)  Would def drive past it to goto Tj/ Marshall's or homegoods but the random automotive section is surprisingly better. They also have a lot of electrical cord options which was shocking as well.   This place is a true treasure hunt, so if ur up for the challenge , you could find a real  in the rough here.   Ps. Be careful entering or leaving bc the parking lot is always busy and crazy drivers flying by.",0,0,0
S6miJrUjSjgN0DcyamTeWw,FdxyUg6puHeyjgp4Ue8imQ,41Dhj6dR6JcIgLBABZuCQA,1.0,2019-08-26 15:39:15,I used to love this store. Now it is always dis organized and DIRTY!! The cashiers used to be decent But lately they are down rite RUDE. After the amount of time I had to wait in line on a Monday morning I got treated like garbage when it was my turn to cash out. The cashier didn't greet me at all and slammed my stuff down after she picked it up. POOR MANAGEMENT. I hope this store takes a loss and is forced to shut down. And I also hope that the owners and workers there read this review. Maybe they will learn how to treat people.,0,0,0
bf69C5ieEt1p6rR29TawEw,mdSwEJaS_142TPGc66Al_g,tmJtPlbgk9ZgGUU8mkxrxw,1.0,2018-05-01 23:15:39,"1 person at checkout with 27 people in line. The store is a complete wreck. The employees cannot help you... And last but not least, you cannot go in with a drink even if it has a lid, like a screw on lid.",2,0,0
ORJC2PlY__pHjdv9WKR6Sw,mdSwEJaS_142TPGc66Al_g,j6MhudOkFIDNS90rHgAD7Q,1.0,2012-05-11 03:38:57,"This store has minimal selection,  a bad smell, and never has enough registers open. There is always a long line.",6,0,0
T5jaTTEZwLwwFAQNRKl8Qw,5hcVlXQmyOZvP1ED7Q8viw,ZrZW45JShIkzg96gqP85yA,1.0,2019-05-31 12:05:44,Very very RUDE employees. This store needs to fire them and get new employees who can respect their customers!! I used to go their alot but not anymore. Employees don't want to help you at all..they don't wana talk to you..they pretends not to be their..if they are having bad days so why would you be mad at your customers?!?! Stay home don't work if you don't wana work..also they dont return even if your merchandise has receipt with in 5 days!!! I had to return this evening evening stupid lady says no we can't  return. I had all tags on it never used that pant. I just didn't like.the color that my sister bought it for me. I had receipt and tags on it. Still no. Really wish ROSE DRESS FOR LESS NEEDS TO FIRE THOSE EMPLOYEES AND GET NEW ONES!!! Employees who works their don't  even have knowledge of their merchandise! Rose dress for less hire them to fight arguments with customers only!!!! Shame.on you RESE DRESS FOR LESS!!!!!!!! 0 RATED TO.THIS STORE JUST BECAUSE OF YOUR BAD STUPID UNEDUCATED DISRESPECT EMPLOYEES!!!,0,0,1
5rgJ6_M8wGRV6x5nab5nQQ,mdSwEJaS_142TPGc66Al_g,n3Gg5mIokBirc8s_unINnQ,1.0,2012-10-06 21:02:10,"Ummm... Why do some parents let their children treat a dept. store like a playground? All of makeup was broken, and things everywhere pulled out of their packaging. This place was a zoo and there was barely anything to pick from in the plus size clothing section. This was my 1st and likely last visit.",5,1,1
XOkMXmx0wVyqig_8hUW0yg,5hcVlXQmyOZvP1ED7Q8viw,ZrZW45JShIkzg96gqP85yA,1.0,2019-02-14 00:32:51,This store used to be really good with old employees. Their is a employees she is very mean to me.and my family. Her name is ANNIE. She usually works at night. I used to come here alot. However I came back after 1 year  ago and this lady was their again she Was mean to me and manager don't do anything at all when you complaint. Now I'm gonna send letter to cooperator. To teach them  a lesson how to work at retailers!!,0,0,0
rQ7_9w0ubscx6Y3ACdZniA,5hcVlXQmyOZvP1ED7Q8viw,7huPiJOUy-XGWTAUp3TIOQ,1.0,2018-04-24 01:17:37,"The prices are right, the products are good like any Ross, but this location is SO poorly run.  I stopped in yesterday and stood in line for a while before realizing there was only one cash register open and 15 people in line.  I eventually left the store without checking out because I didn't have half an hour to wait in line.  This was my second time at this location, and both times they were understaffed with a long line. (see my picture)",2,0,0
mjNCMejvPR65lmsD1Ce5Ig,yiSQYHLUKkebZi_RVjJcfg,9kbV0gn3Ea2eAMV-Z_eX8Q,3.0,2017-11-10 18:16:05,"Ross is a great place to find fantastic deals. I found a $190 name brand winter jacket for only $24.99. That wonderful deal high I was on was quickly squashed, there was only 1 cashier available and I stood in line for 20 minutes. If it wasn't such a great deal I would have left. Hopefully they will get everything straighten out before Black Friday!",1,0,0
IbYFBDrJtTUo-db5tVaUgA,d1s7_c4Z76wuEkJKGbXnig,Xz6achh5wpWKRB39-I9OyA,5.0,2015-01-29 20:18:23,I have spent lots of time perusing Ross stores wherever I am in the country. This store on first impression was well stocked and well organized. I found it easy to sift through the racks without any problem and many times if I saw something I liked it was actually in the correct size section. I hate when I find something I really like and pull it off the rack to find out it is not a medium but rather a small petite! Cannot cram myself into that no matter how hard I try.   The employees were accessible which makes it nice if you have questions versus searching all over and never finding anyone. The times I have been in there was adequate staff to check you out so the lines moved quickly.    I always find too many good bargains at Ross that I need more storage space at home and more days to be able to wear everything I have.  This store is definitely better than most I have shopped at.,0,0,0
zdyO_8NJHfnUtDpzIS05MA,d1s7_c4Z76wuEkJKGbXnig,yAB89vOBgaR8S8L4E3dvgA,3.0,2019-03-23 16:47:22,"I really want to give Ross 4 stars for value, however, the experience is a 2 so we will settle on 3 stars overall.   I come here about 4 or 5 times a year to look for Calvin Klein and Ralph Lauren Dresses. I refuse to pay $100 dollars or more a dress, but I love the way these dresses fit and the quality. I leave empty handed 1/2 the time, the other times i find treasures. We were in Macys once and the twins sayd ""Hey mom you have that dress, did you really pay $138 dollars for it?"" I spent $49.99.  The store is a visual nightmare, its hot, the dressing rooms are very odorous and you get bumped into more than I like, however I love the deals.   Today I purchased some sun dresses and a work dress that I really like. The Calvin Kleins I found were not what I was looking for .  My advice, be patient and look in sizes you dont wear for misplaced deals.",3,1,2
4c63H_9fvyt9ESh_59OKcQ,yiSQYHLUKkebZi_RVjJcfg,uCNRDibLyY3Eki9brL7PsQ,2.0,2017-11-09 16:36:15,Worst customer service ever!  Employees look and act like they just don't care about their job or themselves. Slobs. Won't be back!,1,0,0
5M6SAvuqj6b678Geqxbq4w,ujJF9TpJGRSx07RmnEmxkA,T3cJe99-zCYgcxu2iwY1KA,4.0,2019-06-12 03:20:48,Convent for our family. Prices are great shoe department leaves a lot to be desired. Cashier's are often friendly. But crowded most of the time. It still beats Walmarts lines and parking.,0,0,0
bj-TKfO5l9wkOWh68Rvf6Q,d1s7_c4Z76wuEkJKGbXnig,Fyf6-KGkcjTHTGYZ19jhCw,2.0,2020-08-01 21:52:11,"There is NO social distancing at check out. Registers 6, 8 & 9 were open causing three random customers to nearly brush up against one another to squeeze past to get to their check out counter. Registered 4 & 5 were CLOSED which would have 100% allowed social distancing. Why even bother putting arrows on the isles when there is more room there for two way traffic than there is at check out.",0,0,0
pEhHIA7FJwbhBYDhwmoQSw,d1s7_c4Z76wuEkJKGbXnig,37NFQKr7ySAFhC7IStaEOQ,3.0,2016-07-18 03:23:19,"This is the perfect store for bargain shoppers if you really know what you're doing and where to look. It is one of the older stores in comparison to the one that opened up in Valrico a while back. This store has a wide variety of items; so much that the staff seems to have a bit of trouble keeping them in order. I mostly shop at the Valrico location as it is cleaner and more spacious. However if you are looking for something in particular, you're better off at this location, though you'll have to work hard to find it.",2,1,1
YKkWaMO8kmeJfrm2CU3EFA,5hcVlXQmyOZvP1ED7Q8viw,CThWxsQRYRkDvPJ9dOJzOw,2.0,2013-06-02 20:04:48,selection is hit or miss. (usually a miss). shelves are typically bare or empty about 80% of the time i have been here. store is a pretty good size and could have potential if only they contacted their management and advised this problem will be could be prevented. You cannot shop... what u cannot buy.,0,0,0
42Wg0CjKJs8Mm0RaDk0rUg,d1s7_c4Z76wuEkJKGbXnig,0thcfMx6tbXI8HW4BKtmOA,5.0,2019-11-27 06:02:03,I enjoyed my experience shopping at this store... I was able to find the right dresses with the help of this lovely attendant name Aneka. I appreciate her being friendly and so helpful. The store is clean item's are visible & the check out service is fast pace.. I live in Pennsylvania and visit here for a friend's reunion.. I will definitely recommend anyone to this location!,0,0,0
xAHGLBIovaa-hcqEroO7dA,mdSwEJaS_142TPGc66Al_g,iBbcGj0sht7Ykh8Ghh5GRA,1.0,2018-05-15 16:02:16,One of the worse Ross stores ever!!! Each and every time I've gone to this location the checkout line is truly ridiculous! I was there this past weekend (5/11/18) and the line actually reached the back of the store where the dressing rooms are. How can this be OKAY? I swore the visit before this one I would never go there again...this time I mean it. Does anyone at the Ross headquarters know what's going on? My daughter and I both left our carts with at least $100 or more of merchandise because there were only two registers opened TWO! Just craziness. Stay away!!!,1,0,0
zRddt83hj9b-ekwyHBVwXA,d1s7_c4Z76wuEkJKGbXnig,Kqr5bWMFZZKF5AHkSAwdcw,3.0,2019-10-20 03:37:23,"I only gave it 3 stars due to them having a lot of inventory to choose from but this Ross was a complete mess! This is the most messiest Ross I have seen. The trash cans outside were even overflowing and garbage was all over sidewalks. Broken glass all over in kitchen supply isle that I pushed into a pile before getting the picture, empty carts everywhere, products all over floor in isles. Would have got more pictures but there was a lot of customers and did not want to include them.",1,0,0
pj6OR1qGBXqOZGQ0rnxnPw,d1s7_c4Z76wuEkJKGbXnig,v9wxOmcAzPp3GNA9JmBgVw,1.0,2015-08-22 22:45:34,this place was a total mess. There was stuff everywhere. Plus people are letting their kids run around like animals here. What happened to parenting? We were looking for home decor and some of the prices were good and some others were high. But we will be looking for a nicer Ross to go too that's for sure.,1,3,1
IZtoN03RW00AaonAjLVESg,ujJF9TpJGRSx07RmnEmxkA,F7debH8GSP_9DbCroWBpfQ,1.0,2015-05-12 17:33:49,"These F###ers .my kids gave me shorts for mother's day.not my style.tried returning with tags , no receipt.  So they tell me they are marked down to .49 cents.hello.wtf.is anything in ross .49 cents?????? They are marked 10.99.bought this month. Meanwhile lady next cashier over gets a Full ! Refund!!! No receipt on worn shoes. Fu#k this place.",4,0,0
JUtZc_UPSIZvTiNF5dkoGw,OQqBFuA5tcxdHog8YgMRcQ,4X4C16S-3OQCNe3gnqkXlw,3.0,2014-01-19 12:51:52,"This place is clean, organized but pretty empty which I like & don't like. It definitely looks like they need to restock or is going out of business but I like that it is not extremely cluttered like all the other ones.  The employees here look miserable like they don't know how to smile & has had the life suck out of them. But it was only noon on a not busy Saturday! The security guard greated us though.",1,0,0
cdg3-2zQpiDU2sBL4REcvw,5hcVlXQmyOZvP1ED7Q8viw,_p9_GXbJNUJLkieaOFfhHg,4.0,2019-05-22 02:37:49,"The aisles at this location was nice and tidy and pretty organized. I ran in here looking for a picture frame and came out with something totally different...because it's Ross lol, you are guaranteed to find something-even if it's not what you initially came in there for.   I visited this location on 5/20/19 and I was pretty much in and Out...",0,0,1
UCAyPVW4EZbfGjmJtY635g,ujJF9TpJGRSx07RmnEmxkA,T3cJe99-zCYgcxu2iwY1KA,5.0,2020-01-25 21:39:25,Love this place got a nice pair of blue vans managed to snag them from a would be shoe hider lol to saves better luck next time.,0,0,0
gDYuyR7uGoajdRbkIiAORw,mdSwEJaS_142TPGc66Al_g,6fnPre6nLxIJkmQrTgvaqA,2.0,2019-11-28 13:52:48,"I think this particular store should be called ""Ross Dress for Less Trash Chute Edition"". This place in particular is a mess on any given day. Items for purchase are strewn all over the place with no visible attempt of clean up. The skincare section is tiny with cheapest, crappiest options presented. The shoes and bags are of the shit variety is well. Similar ""Ross"" stores in other areas of the city have better shoes and bags. This store must be getting what those other stores are throwing away. Not a good store.",0,0,0
rdu9C_ZDKfAIJWOse0VLxw,5hcVlXQmyOZvP1ED7Q8viw,HjyeYbnxg20fzRK7jyqPHg,3.0,2014-12-30 15:15:41,"Ross isn't the best store- the customer service is okay, the layout isn't great, the lighting is pretty dim, and it always seems a bit messy. That being said- they have some awesome deals- where else can you find a new Calvin Klein dress for less than $40?   The merchandise here is hit or miss- but that's pretty common with all Ross stores. Somedays you'll go in and walk out with bags full, other days you won't find a single thing you like.  They have tons of selection. Clothing and shoes for men, women, teens and children, kitchen goods, home decor, candies, sheets, and so much more depending on the day. They even have treats and accessories for your pets!   Ross carries some great brands, a few of my favorites include Calvin Klein and Sperry.   When you know what you want, or are just looking for a good deal- Ross is a great place to go.",0,0,0
E2Tkk66l_FDO-2nh58t5EA,mdSwEJaS_142TPGc66Al_g,EuICdCgCIjGRo-EKsqXzkA,1.0,2018-03-21 14:39:20,"Horrible Ross! Same items are priced at different prices. We bought an item multiple times at this store, we have receipts to prove it. Then when we found the same item without a price tag, they took a random item from the shelf that wasn't similar and priced higher and scanned that item to sell to us. Also, they don't give discounts for stained items. This is the first Ross that does not take discounts off for a stain. The manager said discounts are only for tears. These are only a couple examples among multitudes as to why this is the worse Ross.",1,1,1
gwl8AQMs2Sx1CNupfqBZxQ,yiSQYHLUKkebZi_RVjJcfg,MDtd2pqpOroIfwSJ4OpdKQ,4.0,2018-06-06 18:02:21,"I love Ross on weekdays, I do not love Ross on weekends. On weekdays it's quiet, organized and fairly efficient to check out. On weekends it's kind of a mess!   This particular Ross has stellar parking, a clean restroom and it's small enough to get through stuff pretty quickly yet big enough to find a few gems.   The last items I bought here were a Southern Tide visor (for my preppy partner!) and a perfectly airy and well fitted dress for me. As a woman with curves I tend to have lots of shopping success in stores that cater to a wider demographic than, say, Anthropologie does. And the gems I find at stores like Ross often get mistaken for an Anthro find (at literally 10% of the price!).",1,0,1
Ioy9ika_Pdx3906SwjL9QA,yiSQYHLUKkebZi_RVjJcfg,IsuUhGsRaV04JaY1Sm0TjA,1.0,2021-01-06 13:30:21,"I would give 0 stars if I could.  One of the worst customer services experiences I've ever had.  I wanted to buy a table so I asked for help since it was large and heavy. There were 3 employees standing around talking. They told me they couldn't help me move it, but I could try to put it on a regular shopping cart.  It took me several minutes to try to hoist it and balance it on a cart in order to get it to the register.  I waited in line for 15 minutes since there was only 1 cashier, despite several other employees just standing around.  I finally check out and was told I could not take the cart out of the store.  They still refused to help carry the table, so I had to struggle to carry it across the parking lot by myself.  I spent $150 on that visit, yet the employees couldn't be bothered to lift a finger.  I will not be shopping at Ross in the future.",1,0,0
VQcnRu1OJCRKEzlrzWLnCA,5hcVlXQmyOZvP1ED7Q8viw,2xQH1glo7RHdzkelLaTCCA,5.0,2021-04-13 23:41:52,"I love Ross,  this one has the best people.  Especially nice was the woman who answered the phone.  Thank you. Jennifer!!!",0,0,0
lvHu4_9sUW2OfUbYI8R7MA,AVh6_Qx1nz6jmCzqthX5_Q,G_ZNiex7cf0e2vC6RArSvg,2.0,2018-10-20 17:00:41,Not great. Had a defective handbag and they wouldn't take it back because they don't do satisfaction guarentee! Never heard of such a thing. Now I know probably won't shop there to much oh well!!,0,1,0
dEDd9GlUudqI-tKqsGH10A,5hcVlXQmyOZvP1ED7Q8viw,awcOxz5fset3yPuO53tWFw,2.0,2020-11-25 08:57:55,Meh. I'm always kind of disappointed with Ross. Two stars because my mom left her cell phone here and they kept it safe. Lol,1,1,0
O1uLkUaCr78DxpemTvT1lA,yiSQYHLUKkebZi_RVjJcfg,TySmiEJ4Pl77MzBTWUySTg,2.0,2019-03-06 13:55:09,"Not really sure why this store is even open - every time I have gone in half the racks are empty and the store looks like it had gotten ransacked by elephants. My first experience with a Ross Dress for Less was about 16 years ago when I was living in Philly. There was one located downtown and I would love to go on weekends and find awesome deals. Plus it was huuuuge. So when I heard there was one coming to Indy I was super excited cause the prices were so good. But this location has been quite a disappointment. Like I said, the racks and shelves are half empty and so disorganized. I was in just yesterday and saw some cute shoes - but only 3-4 pairs of them. So I thought I would check the racks and they only went up to 8 1/2. What happened to sizes 9, 9 1/2 and 10?   The beauty section is minimal, with random brand names, and ones you would find at Wal-Mart. A lot of bottles were already open and used and nothing made any sense. The kitchen section is lacking, with only a few pots and pans here and there. I should have just gone to TJ Maxx across the street. But they always have 30-45 minute long lines to cash out, even during the middle of the weekday. So, if you don't want to wait in line and have some time to browse through the store for some bargain hunting, by all means stop by Ross. But don't expect to find as much as you would from other discount stores.",1,1,0
6Zwv6yHVik6B_wgc3d8X8A,mdSwEJaS_142TPGc66Al_g,WnWIbVFWCoTX03rceuAuDQ,3.0,2019-11-03 18:08:39,This store is pretty hit or miss but you can find some good deals with patience. They recently rearranged the store so shoes are now in with clothing for their respective audiences. The store is still cluttered and the shelves aren't neat. Lines are long and there never seem to be more then two cashiers on at a time. A large number of the women's dressing room doors are broken so I would reccomend trying stuff on at home and returning what doesn't fit. There's now an Amazon box in the store but it's not turned on. If you're a bargain hunter with patience this is a decent store to visit. If you're looking for a quick in and out or a quiet shopping experience go to the Ross in Bensalem instead.,1,0,0
Tu8fsseFwHbOIXPVM9ckqQ,mdSwEJaS_142TPGc66Al_g,1kVjDa0lupEe5uhnj28sdw,1.0,2019-11-20 17:52:11,I have absolutely no idea where they got the first 7 pictures but I can sure as hell tell you that that is NOT this Ross. The last two pictures are more accurate. This store is completely trashy. The employees aren't friendly at all and most of the patrons are rude and ignorant. I will never go back to this location again.,1,0,0
bGBlCCAevEPVjJaUCexWjA,FdxyUg6puHeyjgp4Ue8imQ,NILYn7vzPxxOVFHjW5rvnA,1.0,2022-01-19 05:02:21,"that cashier and that shitty manager Thomas told me that they cant sell me the items that was priced and scanned for ,49 coz they said it    wasnt described as the it should be.  i said as a customer i should pay for what is tagged and scanned and Thomas tokd me to call the corporate office to complain coz Ross have their own policy and whatever prices tagged and scanned on the items if they said they wont sell it then they wont. mind you the top already have 4 different pink sticker on it already. and the cashier said she can sold it to me for $7.99 if i want it after 20% discount.  can anybody tell me i was wrong for insisting to pay the tagged and scanned price??",0,0,0
bMkjVbzk1wm18sXRBHCsOw,d1s7_c4Z76wuEkJKGbXnig,1wu_W0ozMMUNwLXUPv08CA,1.0,2018-08-18 02:31:30,"This Ross establishment was complete and utter trash. As soon as I came in my senses were tingly... something was off. I usually shop in order so that I never miss anything worth noticing. But, sadly I missed a lot because all the rows were intensely disorganized. Clothes were mixed up with the bathroom section and makeup mixed up with shoes. This Ross looked like a teenagers room after a whole week has passed.   Once I finished my shopping, I went to check out. I was flabbergasted to hear the cashier say, ""Can you take the hangers off and hang them behind you?"". WHAT!?!? No one shops and works at the same time. After I told her that I wasn't going to be doing her job she muffled roughly under her voice and stormed off with the hangers. She came back, never looked me in the face and finished checking me out.   Never again will I step foot at this Ross.",2,3,0
-ZnUIHLMF0T4O9Q39aaL1Q,FdxyUg6puHeyjgp4Ue8imQ,gt05XwIDQcspOU0St4W7lw,1.0,2020-08-20 17:50:49,"What is even going on at this store? They're not remodeling. There's no information on the door about their lack of merchandise. It was a waste for me to drive 20 minutes to this store. Usually it's just in messy shambles, but to just not have much of anything in multiple aisles? UGH.",2,0,0
Kb586dR41VEtXbmixKKmLw,yiSQYHLUKkebZi_RVjJcfg,0WOFLA3aEhO4aM4UY5vRlw,2.0,2018-06-01 00:13:01,It's Ross .... It's nice that they have security inside when u think someone s employed but the management needs to find a better way to prevent the loss other than placing a security guard right when u walk in .. it's not like it's a bank ...it's a store providing deals .. place RFID tags  already ...,3,2,2
4pXaowdQG6sbdF6cVV2XPA,FdxyUg6puHeyjgp4Ue8imQ,tHrXJjwgt-8auCm9j6QyEQ,1.0,2021-02-08 02:33:25,POOR CUSTOMER SERVICE! GHETTO!  I was charged twice by someone claiming to be the manager...when I called to speak to her about it...I was told it was up to me to dispute the transaction with my bank when she told me the first transaction didn't go through and I need to swipe my card again. I made up my mind never to shop here again.  Used to shop here several times a week...I'll find somewhere else to spend my money.,0,0,0
G_3jj1FKfB8bLWVd6l4RPg,yiSQYHLUKkebZi_RVjJcfg,dqrdUkd5RS8BQiF5k3_cXQ,5.0,2020-02-05 19:40:45,"I had heard rumors about Ross having some crazy clearance going on of ""after Christmas stock."" I've never been to a Ross before, but I'm a huge fan of discount stores. In need of  birthday gifts for the hubs, I decided to check it out.   While I didn't see any crazy clearance deals that impressed me, I did find a lot of great stuff with great prices. I had to check out the shelves of discounted beauty products, and found lots of reasonably priced goodies. Just nothing that struck my fancy. There was a little bit of everything, from high end moisturizers to vitamins and makeup.  The mens section, which was what I was after, is considerably smaller than the womens section. There was also not much of a childrens section. The store is predominantly women's clothing and accessories and home goods.  The store is organized nicely and gives a first impression of a department-ish store, rather than the messy discount store look you often find in stores as such. I was able to find 2 really nice shirts for my husband that typically retail around $60 for $12.99 a piece. I also found one of his favorite colognes that retails for a little over $100, but paid $18 for it. Great deals!",15,6,15
809ZW7DOYqUq9O2g-fNbQg,mdSwEJaS_142TPGc66Al_g,wfx0FcH9gP5_9jvPFO9ptA,1.0,2015-09-27 01:08:45,"I bought 4 items and needed to return one of the items, and that item is a brown bag. The cashier, whose name is Naomi, had a bad attitude to begin with, and refunded my money as another item by mistake, which has a lower price. I pointed out her mistake and she insisted that's the right item. I requested the manager, he brought his security with him as if I'm a criminal. He simply said because it is the only item that says ""brown"" on the receipt, as the bag I'm returning happens to be brown, so she chose to return that item as if she did the right thing. I explained to him that the brown bag I am returning didn't have a tag, so the cashier at that time ring that item up as a different color, that is why it says a black bag rather than brown on the receipt for my returning item, but his stubborn numb head refuses to think outside the box, and now I have to suffer for their incompetency and couldn't return my item. Never been into a store where the manager is as messed up as his employee. This store really need to hire people that know what they are doing, or it will get ruined by these low lives really fast.",3,3,0
qJobexZFboMVPG-vhsIDxA,d1s7_c4Z76wuEkJKGbXnig,mMBBKCAnFFOMYrJPtUNBVg,2.0,2021-11-09 00:35:43,Literally stood in line for 55 minutes. 2 registers open and and line was as far as the end of the men's department. The store is an absolute mess. Not one worker said hello. Ridiculous.,1,0,0
F_aMEzHGxtqtT94YicBdVA,d1s7_c4Z76wuEkJKGbXnig,IJJETLhfEVvuUF_UfA7Hug,3.0,2013-10-03 12:12:15,"This location is a little ""rough.""  Staff not at all helpful, racks are so crammed with merchandise it's difficult to look through them.  Lines are long and cashiers are painfully slow.",1,0,1
jRFweNY7KyVlpj9yzyr8Lw,d1s7_c4Z76wuEkJKGbXnig,MAkLjZKqhPIHr0F2wsX9Ow,2.0,2020-12-15 01:11:37,Deplorable cashier!  She was so rude and snitty I couldn't believe they are so desperate to hire this kind of scum!!  Do they ever train these people to face the public?  I may never return to this store due to this experience.  Furthermore...very dirty and messy.  I had to literally pull the hand wipes through the container to grasp some for the shopping cart.  The so-called security guard stood there and watched me without offering a hand while I proceeded into this store,0,1,0
FVcNPI_CH2h7S6Bo4Q3RGw,d1s7_c4Z76wuEkJKGbXnig,P9QF3gpmzXdT5sPbJ8z50A,1.0,2021-12-15 19:58:20,This place is a MESS!!! Over crowded and just messy. Everything on the floor. Things were opened and missing. I walked in and around and walked back out.,0,0,0
AfhgkiZxFMcjFyzWQW-N-Q,d1s7_c4Z76wuEkJKGbXnig,jSyhZXd4MZuxxY58BIYBGw,3.0,2019-06-28 14:09:52,"It's really hard to review Ross and expect something that just blows your mind away. It's Ross...they have something for everyone. This store in particular has a lot of stuff. I am talking two-tier racks of men clothing, a wall of shoes PLUS more shelves for shoes. Everything is unorganized but it's really hard to expect the staff to clean all that stuff every single time they get a chance. This store is just too busy. I feel they would benefit from lessening their inventory so you could actually browse through their clothes/shoes. I am sure this store just continues to get messy as the day goes by. This in turn makes it difficult for you to really through what they have. My advise would be to get here as early as possible for a cleaner store. By the end of the day you'll get discouraged trying to rummage through the mess.   All in all, it's still Ross. You are going to find a good deal, as long as you actually do find what you are looking for.",2,0,0
405NL_tfbkVjGmZqCe-qyw,Le1o2k53Ha2ilsdee4f5_Q,hLtjPbLMXG9NPzA0rWlZTw,5.0,2015-09-09 20:22:47,"I visited on a weekend and I love this location. I am pleased that the loss prevention agent presumed my innocence instead of presuming my guilt.  If you go make time to go to Chopsticks Buffet for lunch. Lunch is only $8.59 per person Mondays to Saturdays. There is also Thai food next door, Subway, Sally Beauty Supply, Tuesday Morning, Dollar Tree, and Rainbow's nearby.  I will definitely return.",0,0,2
ZySYFlsdQ-iakvj-o72d_g,_tUW5hBCHwgYv3HEnih6pg,7JJM7FArctoBq5d8sbFdHQ,5.0,2018-08-24 18:17:16,"Ross is the part of the THX company which includes; TJ Maxx, Marshall's and Ross. I really love this company and I am a stockholder. They opened 70 new stores in 2018.  Whenever I'm at one of these stores they are always packed. Online shopping has become super popular of late and I buy something almost every day online. But there is something about actually going into a store and feeling, touching and trying things on before you buy it.  My most favorite thing is that you never know what products they will have in stock each time. I like the treasure hunt feel of this store. I purchased so many random things that I needed.  This location was very neat, clean and organized!",1,0,0
iiE6aZaHf3RKe2yf9x6nxQ,gzJBT0Bc5Ffyj1o4cKb1aA,e0bGaiHgKanzSwkzwnhRuQ,4.0,2015-07-04 18:07:55,"This store is great! I went for business attire and business casual attire, and they had amazing slacks, blouses, dresses, etc. They did not have any skirts, though, which was frustrating. I ended up buying some of the best fitted joggers, and they seem to have endless racks of clothes to go through. I ended up buying more than what I originally came for.",0,0,0
1gTPv7_On9apQW1hQSIv6Q,DG7rpt4xs_WAfIQUzCXvkQ,j3cmlhUwxmbHjTwHiLuhVA,2.0,2014-05-09 03:15:06,"I wasn't terribly thrilled with Ross. I plan I giving them another shot, but upon our first visit, we were shopping for Special Needs ladies for a chaperoned summer trip. Their plus size availability was dismal. It was mainly work out pants. We had to have those two ladies wait until we went to a different store, like Cato, so we could find them appropriate outfits. My biggest complaint was trying on clothing. As staff, each of us was assigned to two ladies. Because two were plus sized and had nothing to try on, we had three staff members to help four ladies. However, we were absolutely smothered by the staff and security at the dressing rooms. I understand controlling loss. However, because we needed to but three full outfits for each lady and had multiple options for both tops and bottoms, the incredibly strict number of items made this a very difficult trip. We didn't want to steal anything! We just wanted to compare the blue and black tops!  You also couldn't be IN the dressing room without a number on a card saying how many items you have. We were assisting ladies with special needs that needed help putting certain things on or whatnot. Because they were changing it was difficult to switch pieces in and out to keep our number of items IN the dressing room to six or less, and by insisting we have the ""number of items"" card while in the dressing room, we finally had to have all three staff with one lady at a time. We couldn't take the ""0"" ""number of items"" card outside of the dressing room with us, so when I ventured out into the store for a replacement top and came back to a totally different attendant, I got to explain myself and the situation all over again. The folks at Burlington also preferred six items or less but understood what we were doing AND the situation and worked with us. They were present but not hovering, overbearing, and difficult to work with. Stopping at Ross added an extra hour and a half to our trip merely because of the hoop jumping in the dressing room.",0,0,0
GLdh-kc-3dscQGMyMbdiow,_tUW5hBCHwgYv3HEnih6pg,t9t2iGWp07PPlUyc2h9LmQ,1.0,2014-09-11 17:50:23,Went to Ross expecting to spend some time there shopping for clothing. Went through the racks with in 20 minutes and only found about 6 things to try on went into the dressing rooms and was not impressed By the dressing assistants customer service tried everything on and only one thing fit right. I come out of the dressing room and hung my stuff on the racks deciding to get one thing. The dressing room attendant rushed over to count my stuff and I stood there patiently waiting. Then she says that I'm missing something. I say I shouldn't be and she counts again then again then again before she realizes she missed something. If you can't count right and carefully you shouldn't have that job. I have never felt so humiliated in my life. She ended up apologizing and saying to have a nice day but I will not be going there again.   They barely have any selection and look like they are going out of business the employees I have seen don't go out of their way to provide customer service and the dressing room attendant was about to accuse me of stealing even when everything was hung up in front of her.   There are several other Ross stores in the area that are much more worth the trip.,1,2,0
8Ao0MLf-__75LU1UIBKokw,Le1o2k53Ha2ilsdee4f5_Q,nC9omV4v5IKgv4hX5FIX6g,4.0,2014-12-21 22:30:03,"Cheap prices, wouldn't buy there electronics, or food stuffs. Clothes is good quality for the most part and they have some good deals, sometimes they have some nice sneakers in stock.",0,0,0
R9FZlp9_3WCg8b5dgkJjCA,Le1o2k53Ha2ilsdee4f5_Q,WV0qLdBL7UYcLA7r27z4wg,2.0,2015-07-05 15:34:47,Oh my I just encountered the scariest loss prevention person ever. My shopping experience should not be uncomfortable. I was so ready to get out of there.  The lines are always so ridiculous is a main reason I don't go. Much rather go to Burlington. Prices aren't as good as they should be for the quality.,1,0,0
KZNQJILPGXedMoZa8fTxEA,gzJBT0Bc5Ffyj1o4cKb1aA,SAmdyW03I05ibW_Jyk6RNw,1.0,2018-08-05 10:03:09,"This location is relatively close to other store so it is a convenience pick for me. I generally prefer to shop elsewhere.   The day I stopped in I found a few good discounts, the store seemed unorganized and messy overall.   My friend and I were patiently waiting in line when the security guard asked us if we were with the people ahead of us in line. We said no and then the security guard asked us to move back in line to give the people ahead of us some space.. We were not doing anything wrong just waiting in line. Due to the security guard being so belligerent and rude, we got out of line put our merchandise back on the shelf and walked out. Customer Service is terrible at this location.   This is the last time I will go to this store location and the chain itself should consider hiring less rude employees. My money will be spent elsewhere.",0,0,0
EuHlkYrOu1ey_zCproBIcQ,_tUW5hBCHwgYv3HEnih6pg,EPcZflWcXeEmAm2XvR9MzA,2.0,2013-04-14 23:45:09,"You have to keep in mind that this is a discount store so you kind of have to search through many things to find one thing that you like. But the prices make it an even trade. For me anyway. However. This Ross store has by far the rudest employees. If they aren't chatting amongst themselves about things I'd rather not hear about, they are ignoring you. When I asked for some help I received a very snarky ""hold on"". If you hate your job that much, work somewhere else! Don't take your disgust with your life's choices out on me.",0,1,0
U8YrdlM5_m4j9VCMgm4nRg,_tUW5hBCHwgYv3HEnih6pg,vBZywpF-vTrS3oayjpjkAA,2.0,2013-03-25 06:06:54,"This is the strangest Ross Dress For Less I have ever visited.   As for most RDFL stores, it's in a strip mall -- no surprise there.  The store is so sparsely stocked that it has the look of a place that is imminently going out of business. The racks are disconcertingly empty, and the space between the racks and displays is so broad that you wonder if they just experienced a run on cheap polyester-blend t-shirts, or if the store is always that way?  Housewares are sparsely stocked, beauty is sparsely stocked...heck, *everything* is sparsely stocked. It was spooky. I looked around briefly and left. Really, there is no reason to shop here.",6,3,4
ccdTY4BFwnJC6tu9mT6M6w,Le1o2k53Ha2ilsdee4f5_Q,ng5jltFcaDA7ZiprOgjB5Q,5.0,2014-02-08 04:01:53,Me fascina esta tienda!!! Es la mejor!!! Siempre encuentro algo nuevo y diferente a precio razonable. De todas las localidades esta es la mejor.,0,0,0
8ipfAp6VWzS32vq4J9pOeA,DG7rpt4xs_WAfIQUzCXvkQ,Amc7J0F3KeAKzOOQrlpqog,3.0,2012-03-06 15:58:46,Super busy since they just opened Saturday. No help in sight and customers out the wazoo... I'd wait a few weeks until the crowds die down. Great prices. I ended up going in to check it out and came out with a toddler chair for $59.99. Some of the stuff is super cute. And they carry Juicy Couture. One of my favs.,0,1,0
ja-9-saigC0Y6GWTczxLdQ,gzJBT0Bc5Ffyj1o4cKb1aA,v2qn2b8SFY5xgW1nY7yGrQ,3.0,2016-03-20 12:55:52,"It's a great place to buy inexpensive dresses and sweaters. But the lines are too long. They also have shoes delivered pretty frequently, so that's good. I'm giving it 3 stars because you find things that last but nothing really sensational- like high end fashion for cheap. They have good brands, though, and good prices, but nothing spectacular.",0,0,0
TqqLLQFDfX34pIAN7_XREQ,AoxoMoRyxVIQlkiWNs4J8A,mVtmlFPxA8cBzhaumweIIA,1.0,2018-08-17 22:51:57,"Very disappointed in this location. Although I understand that this mall has much less to offer these days, people still shop here. The selection is terrible and you only have 2 portable fitting rooms!!!",0,0,0
jl3cNrCsZKyQOfIxfJILhg,gzJBT0Bc5Ffyj1o4cKb1aA,HBLDsdGpWd13cnu6hoeR5w,3.0,2014-05-30 01:42:55,"I'm not crazy about Ross but this one seemed to at least be a little better organized than other ones I have been to. Ross doesn't seem to have to have as good quality clothing as similar places like TJ maxx or marshalls. Also, it always seems like they never having any clothing in a 0 or XS which is frustrating. I have found a couple good deals here before though.",2,1,2
h14w6L1PVSaeWKT3oRkUqA,_tUW5hBCHwgYv3HEnih6pg,pCVdl5RZ4PNfel3wzQxm6Q,5.0,2018-05-01 02:02:01,The northwest Reno Ross store is clean and easy to navigate. The sales clerks are nice and my return was processed easily. The security guard greeted me when I entered the store and I had no problem when I asked to use the restroom. Very nice store!,1,0,1
E4ZJ1lYtimaZTIWbQXomGg,tU7adDo8044h2W_UmWgQDg,hKXHZdm2HbHWOBECeccEqw,3.0,2014-01-03 20:34:26,"Pretty basic rose. Neat for the most part. Things are pretty organized and easy to find. I was looking for shoes and was surprised to find some pretty pricy shoes there for a super great deal. I don't buy em is I didn't need em. But still, this place will definitely save you money?",0,0,1
GsUCCogimufahzxGrtUk9A,AoxoMoRyxVIQlkiWNs4J8A,sEm_QPYnenzqUVOrFrFGZw,2.0,2014-04-05 23:33:26,The store has ok pricing but its very badly organized. I was looking for a regualr t-shirt and i found a shirt in a pair of jeans,0,0,0
NBMYEwSMeOQTNdCRAIZssQ,gzJBT0Bc5Ffyj1o4cKb1aA,nND_W1IE4sWTWmf02JUp2A,2.0,2016-12-26 06:26:22,"Good products but one downside; I would have given an additional star but one unpleasant experience knocked them down a notch. I purchased a small piece of furniture along with a few other items, but was shopping solo, I  asked for assistance to place the item in my car, since they have those non-exit poles on the shopping carts. They refused to help or get staff member to help stating a liability. My opinion, DON'T SELL LARGE FURNITURE ITEMS IF YOU CAN'T ACCOMMODATE THE CUSTOMER TO LOAD. #rediculousness In my opjnion.",1,0,0
78mO44KcEqqb_przPkCnsg,AoxoMoRyxVIQlkiWNs4J8A,Q4_GklBdHkKaFnRulFxmLw,3.0,2017-02-25 04:47:44,"This location has great options in the home department. I think the furniture and home decor section is one of the largest for Ross Stores in Tucson. However, their clothing section is about the same or smaller than other Ross locations. It was pretty understaffed each time I've visited, but that could have something to do with there being less traffic at the Foothills Mall.",0,0,0
IU4QncRv2Xr0iiEF-ubrcw,gzJBT0Bc5Ffyj1o4cKb1aA,lONxXaK-Z9b62dHXWGL7Jg,2.0,2015-10-12 18:44:15,"If there's anything this store is, it's consistent... Consistently terrible, that is.  -Long lines always with one cashier. -Dirty floors.  -SLOW service. Is anyone who works here concerned about the 15+ people in line? -Unpleasant customer service, is anyone here happy ever? There's never a thank you or a smile. Even eye contact seems foreign.  I had to at least give 2 stars because their home & shoe collection, while disorganized, has some gems. You're better off going to TJ Maxx a few stores over.",1,0,0
pQwBd5WKWMAg11AfdGhZWQ,_tUW5hBCHwgYv3HEnih6pg,ZXiiUA_uUSnuwIKLbzT5sQ,4.0,2013-06-05 18:43:05,"This particular store isn't as well stocked as others I've visited, but as usual, I found some killer deals!  Most important to me, is the friendly staff.  The gals at this store were very accommodating.  Will go there often!",1,0,0
Ao4eJzic0xgMfsBz7nM43A,gzJBT0Bc5Ffyj1o4cKb1aA,mZHk_DPbeUTQBZOBOyoqlA,3.0,2013-03-05 20:53:07,"What David said, ""What Ross sells is inexpensive. The workers probably do not make a good hourly. And the store conditions probably aren't the most talked about feature to keep customers coming back.""  If the store conditions depress you, go booze up at the Wine and Liquor store next door before you come.  It's a Ross!  The Jan Brady to its sister store Marshalls and the Urkel to it's sister TJ Max.  I've found some great deals here on all kinds of things.  If you're looking for inexpensive bedding in particular, this is where you want to be.  They also have some really strange housewares.  If you've ever wanted a three foot tall, green, ceramic owl, this is the Ross for you.",2,4,2
PJAxhEHhgFj_cPLEH1BOVg,_tUW5hBCHwgYv3HEnih6pg,vKxOjmeAuA6ZU6jtq8qbfg,1.0,2014-12-28 04:09:50,Came in with my family to shop...had loss prevention following me throughout the whole store. Very uncomfortable!!! Just got a set of earphones for my trip and left this shithole.,0,1,1
4aRDJPOn-k96obBP7DLKCA,R0yS7JKOouL5_sHZhK_CKw,EMrt-kMtnwOYQbHIBLDFag,1.0,2017-08-22 21:13:03,Talked to who I believe was a manager today named Yvette she was very rude and aloof on the telephone. I was planning on shopping there but I guess now I'll have to make another decision.,1,0,0
3kOyH6QCuR_iyV4JUEyLAg,_tUW5hBCHwgYv3HEnih6pg,4zXEET9KfvpC6a2qoN2V5A,4.0,2008-01-21 05:43:36,"This is a fairly new Ross located in West Reno just off I-80.  I shopped here on a Monday around 1 PM and a Wednesday around noon.  On both occasions I found this store to be clean, neat, well organized and well stocked.  This is just what I like to see when I enter a Ross.  They had some nice, inexpensive designer purses, an excellent selection of comforters and other bedding, some high-quality towels and kitchenware, as well as some snowboarding items...both hard and soft gear.  They even had some inexpensive pet beds, both for fido and kitty.  When I return to visit my family in Reno, I will definitely shop at this Ross again.",1,0,0
RL-Y9MAVFWCiCspKwPUo3g,ZpLH0_h283MwUXeBeBKqug,wZe4FORQ3FjF6TFgadb-pA,4.0,2009-09-07 00:13:31,"We spent over 2 hours at this Ross one day. Their selection was larger than T J  Maxx's just down the way in the same mall area and their prices were very reasonable. There were a lot of good bargains to be had in the sale and clearance sections. Just come with a lot of time to comb through all the duds to find the gems. My friend found 20 items including tops, sweaters, skirts, pants, and dresses for about $300, that works out to $14.50 each. Not a bad deal when some items were over $50 originally. Also come with the patience that you only get 8 items to try in the dressing room at one time, needless to say, we went in there a few times. But go and good luck!",0,0,0
a0xIXAP-Wh0bIuI-uwHj7w,ZpLH0_h283MwUXeBeBKqug,3-hJ296EgY9kXsnHBwre4g,3.0,2017-05-04 15:19:43,"I enjoy this Ross and shop here quite often. It's usually clean, the workers are nice enough, and the clothes are at great prices and really cute. However I CANT stand the dressing room attendants. I'm not sure if they pick the newest workers to do that job or what... I get there is a certain limit on clothes, which is annoying and makes me not want to shop here, but the last time I walked up to the dressing rooms the attendant stared at my pile of clothes and exclaimed ""wow that's a lot of stuff.... uh oh.."" like yes that's what you do when you shop... you pick out lots of clothes and then you expect to try them on.. I always have to take 3+ trips to pick up my next set of clothes and the way they have it set up I have to leave all my clothes, both ones I liked and ones I didn't, outside the room just so I don't ""steal"" something... The thought of having to go there for clothes gives me anxiety but I love the stuff and the prices so I usually go back if I have a specific article of clothing in mind.. I never go just to browse anymore",1,0,0
HnHTJUTW2i1kiRJYRHvVdw,Le1o2k53Ha2ilsdee4f5_Q,3r2GQn7QQhlR3CsbIemVBw,4.0,2015-04-08 04:27:48,"Ross rock the shizzl on home good hidden treasures.  Hit or miss, I am addicted to snooping around the bargains",1,0,0
P5kBWyMRw52tUx2uEYnJVQ,AoxoMoRyxVIQlkiWNs4J8A,dR5K7ybTFxf-PobaCwKQXg,3.0,2012-02-17 04:36:25,"This Ross has a pretty nice selection of items compared to other Ross stores. I've looked before for yoga pants and only had 1 or 2 to choose from at other locations. I went to this one this Saturday and was happy to find several pairs to try on. I left with a great pair of shorts and pair of pants for yoga.  Everything else about it is typical Ross, busy, slightly disheveled, dirty dressing rooms. But if I can find what I'm looking for I'm a fan.",0,0,0
QnrdL4L3-Urkjh7jXqTwSw,J4yMOljyWpF35VIGj2gVPA,B-s-8VUnuBjGTP3d01jsyw,3.0,2018-06-04 15:12:20,"Wandering around this area, I discovered this store. Something about this chain of stores lately - it seems like there has been a lot less stock in the stores, lots of empty shelves.  And as I've thought a dozen times before, it's always off putting that the first thing you see when you walk into a store is a security guard eyeballing you.   Clothing quality seems to also have gone downhill.  As usual, look hard and you can find some bargains. For example, a little bed for my cat under $10. Some linens were nicely prices - queen sized coverlets under $40.",1,0,1
5-5oJyhX24Nn3kxpBrQS9g,f9u-mrKG4l8kHqIymE1kxA,PpRKM2R73KAEAfjB6EX6YQ,2.0,2014-12-08 01:18:34,"I'm really disappointed with this store. It's close to my house and I was excited for it to open, but despite multiple visits to the place, it has yet to meet my expectations.   It isn't well organized and is always understaffed. I have yet to find one of those steals that you expect from places like Ross, TJ Maxx, and Marshalls. The prices are very low, but the quality of clothes is pretty poor overall so you get what you pay for, I guess.  The home section is small and sloppy, but I did get cute curtain rods for only $12 a piece so not all is bad.  Worst of all is the customer service.  The store appears to be horribly understaffed.  They typically have one register open, even if there are 10 people in line.  Not great if you're in a hurry. It is also nearly impossible to find an employee on the floor if you need help with something.    Since it is nearby I'm sure I will continue to stop in occasionally, but the TJ Maxx at Lawrence Park is amazing and just slightly further away so it will remain my top spot for deal hunting.",3,0,0
TtloGyDPp9nLGGoObWArLw,Le1o2k53Ha2ilsdee4f5_Q,Um5bfs5DH6eizgjH3xZsvg,4.0,2014-03-06 07:10:13,"I love me a good bargain, and Ross is always the one place I can count on for that rush!  This particular Ross is pretty well organized, they're open until 10:30 most nights, and some nights until 11, so that gives me plenty of time to shop!   However since I'm a compulsive shopper, that means I can't leave the place without spending at -least- $50. Tonight was no exception. 3 dresses, 2 shirts and several new panties later, and my wardrobe has a lovely spring flare!",2,0,0
Os7oqwbIiX67YMMtK-NWeA,f9u-mrKG4l8kHqIymE1kxA,URGsRT8WFCQokyjRjTixEQ,5.0,2017-10-17 22:51:55,I love the Ross Store much better than Kohls. I wish that we had a Ross Store here on Baltimore Pike. Between Clifton Heights PA and Springfield Pa.  If there can be so many Wawa Stores & CVS drug stores so close near each other  They can put Ross on the Pike. The only close one is in  Drexel Hill Pa .  They should take over were Burlington Coat factory has closed. Great Location.   I rate Ross a (10). Thank you  Pattie McGorman,0,0,0
rW8GHJmjAQ4ZYQ7dK1ft-w,Le1o2k53Ha2ilsdee4f5_Q,Av5d6scaNVHlxxe5l4cg3Q,1.0,2018-01-19 03:47:41,The worst attention I've had from a cashier  she was talking with other coworker all the time and charged me 2 times a product,0,0,0
l1bvd9Bz2gks3mAiS_hICA,AoxoMoRyxVIQlkiWNs4J8A,2eOLQcYMjnRnKGZRIFh5MA,4.0,2018-05-12 04:46:15,"I found a dog bed and food/water bowls, a side table for my bedroom and a decorative bowl.  I may return for some living room tables.  They had great prices.  This location isn't too large but they had a good selection.  The cashier was very friendly and waited on my quickly.",0,0,0
IdMqDGDk0yPQnoG3y70cew,_tUW5hBCHwgYv3HEnih6pg,zz-2jnao6J1enCmzs7FBoA,2.0,2014-06-08 05:26:25,"When you go to a Ross, you have to expect that you'll need some time to search through all the racks and shelves to find the good stuff. This store is no different, except, like someone else said, half the racks seem empty so it takes much less time. As with many other Ross stores, the racks are in disarray and nothing is where it belongs. The women's clothing, which makes up the major portion of the store, is still lacking, and the kids and babies sections are practically nonexistant. Back in housewares, most of the items seem to have been opened and tampered with, and several things I purchased from there were missing parts once I got them home. This is also one of the messiest and most picked through Rosses I have ever been in.  They do get a star for their employees, who have always been nice, and for the fact that you can occasionally find stellar deals if you have the patience to look. I'll probably try a couple other Ross stores in Reno though before going back to this one again. Tl:dr- You may find something cheap and cool, but you'll probably also feel strangely depressed after a trip here.",1,1,0
mZOuuLJeECyHRUOKvi-Law,f9u-mrKG4l8kHqIymE1kxA,dqucQwA-CHWhUczwqIxKKg,4.0,2015-07-14 03:20:36,My daughter and i stopped in on a whim as we were both needing a wardrobe update.   We had just shopped at a comparable nearby store where we had a good experience. What we found here were a large selection of summer clothes even though it was after July 4th. She walked away with 6 pair of shorts and 6 tops and a bathing suit for $160. Great price! All were current fashions which provided a nice update to her wardrobe. As for me: 2 beautiful new beach bags for $36 as well as a set of science fiction inspired coffee mugs for my man. This set was reasonably priced at $7.99 and he loves them.  With the lines moving fast on a Saturday because the checkers were both professional and customer oriented I know because of our pleasant experience we will return.,1,0,1
1BUtf2UWn3ByIb5D8B8oZg,_tUW5hBCHwgYv3HEnih6pg,vTprcHGBn9asRfI349M1Fg,3.0,2015-06-13 03:56:21,Great discount store.  But as most.. can't go there looking for a specific style/color.  I usually find my best bargains when I browsing for nothing in particular.  Love to go to their household aisles... always can find a decorating treasure hidden on the shelves waiting for you to take it home.,1,0,2
5rMHpcfHa2r0I4j5WseUFw,_tUW5hBCHwgYv3HEnih6pg,ShKjMaDTPfKDuwzL5WIfgA,4.0,2009-02-04 19:44:44,"I do love Ross stores. I can find great deals on things that would usually cost me a fortune. Their quality of clothing for me has gone down a bit. I still manage to find some clothes I like. I did buy my winter coat there this year. Beats spending 150 for the same coat I seen someplace, I paid 45! I love their home section. They have tons of cool kitchen stuff and very nice frames all reasonable.",1,0,1
kKpo6DZBu5hl1zJDRzN1VQ,Tz4CQChQrO9-MQnUo8CaKw,zgChoqQs4rqYY_mlSYqePQ,2.0,2016-03-28 22:41:09,Management and employees are rude and don't follow store policies. Wouldn't let me return a shirt because the tags we're off even though it wasn't worn and I brought the tags and receipt. I had to call corporate to be able to do the return and the manager returned it as an MOS item which is not the case. The policy doesn't state anything about the tags being attached for shirts to return and the manager insisted she told the employees not to accept the items with detached tags. They don't follow the policies and this type of customer service will drive people away.,2,0,0
ceLhmq04jHPEmFxZQAmkhw,_tUW5hBCHwgYv3HEnih6pg,mwzqlDLB1Iy_kfE3C9oVFQ,1.0,2010-12-03 20:54:57,"I am a fan of Ross stores, I have patronized these stores for a very long time. I recently have had some experiences at this stores that made my tastes change.   I have had a few problems buying products and having them fall apart within a couple weeks of purchases. I think that although they offer some decent products and good prices, one has to look into the quality and durability of the good/product. The return policy at this store makes it very hard to return a defective item.  Yesterday, I got a Starbucks coffee drink at Safeway and decided to get some clothes at this store. The loss prevention officer at the front of the store came charging at me as soon as I entered this store. She rudely started yelling at me that drinks are not allowed in this store and if I wanted to shop in there I would have to leave my drink up front or throw it away. I have shopped at very high end and low end stores and I have never encountered rude employees. Without saying anything I left the store and decided to take my purchases elsewhere.  I think that the employees at this store are very rude and make any shopping experience into a hostile experience. The loss prevention personal look like a bunch of ex-cons, they have no customer services skills.",8,3,1
Ai1mZTY3XAk2szAUsHtoxA,DG7rpt4xs_WAfIQUzCXvkQ,lYIgoWkhj60owBlgqQroRg,5.0,2017-05-10 16:42:18,Have to know how to shop.. When they receive new stock ..  Go great buys,0,0,0
GlrqW6cYuTztAVCYACkAag,AoxoMoRyxVIQlkiWNs4J8A,VlKNRnmHXQ3rtQb3HPlVag,4.0,2009-12-16 18:22:27,"This is one of the busiest Rosses I've ever been to. Having worked in this mall, I can say thats probably due to the location inside the mall. Its located near one of the entrances and the lines here can be horrifying (especially at holiday time). They do have speedy cashiers and most are usually very friendly. The store is kept pretty clean considering all the foot traffic this end of the mall gets.   There's the usual Ross crowd: screaming babies, children running around, teeny-boppers killing time before their parents pick them up, and people who have way too much in their carts to check out who end up slowing down the whole line. However, this is probably my favorite Ross store and having worked in one (in Goodyear), I know that keeping a store like this clean is damn near impossible. And so are some of the customers.   And its true, they do have some of the best deals and finds I've ever come across from a Ross. I've gotten several items here and have been happy with most. If I still lived in Tucson, I'd still probably be withering my paychecks by shopping here (ha!).",0,1,0
2EaW7vwXrJLMWbu-ivuvrQ,Le1o2k53Ha2ilsdee4f5_Q,Um5bfs5DH6eizgjH3xZsvg,3.0,2013-11-11 03:20:50,"Ross usually has a great selection of clothing at a decent price. They used to have a BIG selection of plus sized clothing, but that has started to dwindle. I don't get it. If we make up more than 1/2 the market, why do we not get that much of the racks? Eh.. what ever.   I found what I was looking for and more, I ended up with 4 tops, a pair of shoes and some lingerie. I'm quite happy with my purchases.",0,0,0
SkUWue_TrhNX1j1kcmgspw,Le1o2k53Ha2ilsdee4f5_Q,mVA4IeYyVKPUWRrN5oplMA,4.0,2012-09-06 02:57:06,"I love this place!  I used to buy stuff from regular retails like Target and such but once I was introduced to Ross, I never buy home goods at regular prices.    For home goods like cookware, furniture, bathroom and bedroom products are usually organized and easy to look.  Clothing is a little bit more hassle because you have some digging to do.    I usually buy cookware for 50% off and I recently bought a Betsy Johnson watch for $22 and $1 Nike shorts and $32 DC shoes for my husband.    Sometimes there is a long line for checkout but it is all worth it!",1,0,0
TVCBObPDuf9j8E4fW_WnWA,tU7adDo8044h2W_UmWgQDg,Um5bfs5DH6eizgjH3xZsvg,3.0,2014-10-23 03:20:28,"It's a Ross. It's not the cleanest, it's not the most organized, but it has many of the things that I enjoy.  The hunt for bargains is part of the thrill when you go to a Ross. Sometimes You find some very good things, others you don't. It really is a toss up.  This one willfind me coming back to it on rare occasion though. If only to see what neat new things have arrived.",4,1,2
vDK4dU2vBXvwOq2Cjm7geQ,Le1o2k53Ha2ilsdee4f5_Q,ga5ALrps3q-xp4lRqvo7yA,1.0,2018-08-11 14:10:02,I just experienced some of the worst customer service. Apparently the general manager (Nichole) doesn't understand the concept of good professional customer service . I brought 2 items to return with receipt but missing the tags. I clearly showed her what items they were on the receipt yet she said she couldn't figure it out (again this is the general manager) she then said I need to go search the store to find the items so she could then figure out what they were. She was extremely rude and has zero customer service skills. I did go find the items and the girl in training was very helpful at least and credited back my return. Simple customer  service tip- be kind and helpful not a rude hateful person. It's not my fault you decided to work in retail.,0,0,0
Niymnx-HrYIUTbP3nyIyyw,Le1o2k53Ha2ilsdee4f5_Q,Skbr02RnPTtFO9nv1llgpw,1.0,2017-05-24 13:05:22,Customer service is a low priority at this store. There are never enough cashiers  and the cashiers that I have experienced could care less about the customers. I have gone to this store since it opened and some things just never change.,1,0,0
-ubEgXFlZoapcJVqLNxtbQ,ZpLH0_h283MwUXeBeBKqug,zAO0EB3nFigd9j2JSAJ64Q,1.0,2017-08-26 15:48:05,"AWFUL costumer service!!!! Called to ask about their return policy and nobody was able to answer. They left me on hold for like 5 minutes and still nobody answered my question. I hung up called again, and same thing happened. I was on the phone with them for about 30 minutes and when I asked to speak to a manager the lady said ""we're kind of busy right now so can we call you later?"" Mmmmmmm????!?! What?!? I just have a simple question about a product I got!!!!! UGHHH",0,0,0
AWfYxquJqrBP-T2oXCNt_g,_tUW5hBCHwgYv3HEnih6pg,2l0O1EI1m0yWjFo2zSt71w,3.0,2013-02-18 20:30:41,"The set-up was a bit awkward but I found some killer finds during my 10 minute visit including 3 BCBG sweater, 3 pairs of brand name sunglasses all under $10 an Adidas track jacket (a newer style) and much more... we stopped in because my gentleman friend forget his swim trunks on our mini vacay.",2,0,3
hlVGnNQ47SkTSVM6qANSPA,gzJBT0Bc5Ffyj1o4cKb1aA,OLGQ7alK4VKl3YdQk6UF5g,3.0,2016-09-22 17:36:06,"So this Ross is a proximity pick for me. Honestly, I prefer a TJ Maxx or Marshall's over a Ross any day.  In the case of this store, I'll usually end up there because of a subpar experience at the TJ Maxx in the next shopping center over.   This location is hit or miss, but typically has a large selection and definitely a large space than the aforementioned competitor.   Not my favorite, but totally good enough for some discount buys.",2,0,2
0w6kp1H_a_QkNUlOvQOIWw,gzJBT0Bc5Ffyj1o4cKb1aA,Km4fALsqos2glOBMz5uyeQ,1.0,2017-06-17 02:06:58,"Security guard is nice, he/she will greet you when you enter the store.  But others staff are rude, unprofessional and not helpful. I was with my mom  continued two days shopping here. The fitting room ladies were rude. I greet them and tell them how many clothes we have. They instructed me (like a boss) to placed the clothes there and count. When we need to return few clothes, she don't even look at us until I asked her ""can I place my clothes at the clothes Shelf""，then she rudely said "" no no no, not there."" Even though they were acting like this, mom and I still say ""thank you "" to them.  But this makes me feel disappointed and feel racism. We are same as customers here, is it because of we are Asian and you should be treated like us this way??? And somehow, I was 9 months pregnant. You don't care is fine but you are not helpful. The store is dirty and disorganized. It just near my house so we have no choice.",1,0,0
9OH7DM1TabyFkCWkIPjwSw,Le1o2k53Ha2ilsdee4f5_Q,O_-EMEYwYSq-_v_7NlS5iA,4.0,2017-05-25 12:01:06,"Even tho there was a very limited amount of jewelry, the quality is good and at a better price than what u would pay at Marshall's or TJMaxx.  The quality of clothes is subpar but you can sift through the selection of household things and find some good finds.",0,0,0
76W5x0aEvEnfYxaH8wt3Dg,_tUW5hBCHwgYv3HEnih6pg,KZYfKyOIwcsDNHGJF0OHCw,3.0,2018-02-22 03:58:50,"About what you would see in most overstock stores. Lots of fairly well disorganized selections, not terrifically clean, but if you know exactly what you're looking for bargains can be had!",0,0,0
IldZuaupdvVPSinIVQ8l0w,Le1o2k53Ha2ilsdee4f5_Q,ui6IG2j8UiONd3mnZzprbg,3.0,2015-02-15 22:12:25,This Ross has great bargains and stocked all the time.  The staff is not friendly at all.  Of all the Ross's in the area this has the least pleasant employees.  Pam is a employee there and she has a terrible disposition.,2,0,0
fdvHdCYZa1_vQAxFQgFEeA,DG7rpt4xs_WAfIQUzCXvkQ,gHiL0fB1TL-5IWRGssdvIQ,5.0,2017-05-07 17:12:52,It takes along time to find a something but fun when u find something. You have to have a lot of time on your hands. I can spend five hours in the store searching for stuff. All the employees are so nice and sweet. They look like they are having fun at their job but are always very professional and treat customers with respect and just kindness.  Addicted shopper.,0,0,0
rqmAALUYzP1warsd-pFoEA,AoxoMoRyxVIQlkiWNs4J8A,dv0tt90hWLedDqkuejlVLw,5.0,2018-10-09 05:31:28,"love the products they carry. best place to buy dresses, dishes,  pots and pans excellent prices on Linens.suh a great variery.",0,0,0
bXFlmt2tl7e8qXXHVuDwQQ,Le1o2k53Ha2ilsdee4f5_Q,OUgUo1Wps84UIJwoaUqxIg,1.0,2018-01-10 03:26:05,What a mess! The whole store is dirty and terribly unorganized! The staff isn't very warm and friendly either. I think goodwill is more organized than this place!,0,0,0
uW-FNU-DzJdRl6y9xWz8tw,tU7adDo8044h2W_UmWgQDg,jDVTMvaSWWhkaxbL-KslgQ,5.0,2019-02-02 12:04:46,"Mannnnn.... this place always has the deals. When it comes to home furniture, clothing, cosmetics, or jewelry, you can be sure to find a good deal here. My fine is a huge fan of this place. Even when we don't need anything, we find a great item that we could use in our home.",1,0,2
POy5t62Cx4xn2ZNdj2EqgQ,ZpLH0_h283MwUXeBeBKqug,tuoDDqTDCB-lDgelvMrp5Q,4.0,2018-05-15 09:35:31,"This is a great place to find some deals on name brand items without the name brand price. The staff is friendly, sometimes a little inefficient at check out but overall a good place to shop .",1,0,1
GUjOFylBN6PLE8uZpG87yQ,gzJBT0Bc5Ffyj1o4cKb1aA,vR986-cV86ts62yiXkPjzg,2.0,2010-09-21 23:27:06,The staff is pretty 'meh' and everything always seems disorganized and strewn about. Just not really a fan of this location.,2,1,1
l97bMfzXJjVSedTxafJyig,a7njro5dH3tIlDlOEDscqQ,0v46aO7dG_wzcSigr9dXDw,2.0,2015-01-13 22:30:17,"This Ross is the closest to my home in Seminole Heights. That said, it's not located in a particularly upscale area (being polite). There is an overall lack of organization and the inventory is pretty stale.  I have found some staples here (tights, home supplies, undies) but the shoe department is pitiful. The Fletcher Avenue location really is not a huge step up, but is certainly preferable over this one.",1,2,0
To7KfXfUvAvyGqKkxz3OSQ,tU7adDo8044h2W_UmWgQDg,fcN7ko5x6RZ8L9RhUxeUbw,4.0,2009-06-21 03:00:22,Nice for day to day stuff.  The only one we have visited is the one in Tampa.  Excellent household items and summer clothes.  Love their great prices and home decor.  You can get some good items for kids also.,1,0,0
x5uO20KKy1Gy-gjkPhGdVg,gzJBT0Bc5Ffyj1o4cKb1aA,dis15gz_ui1S6NqfnlgAxg,3.0,2015-02-12 03:23:05,'Loss Prevention' says the shirt the man at the entrance is wearing. I love that. It's a cute way of saying security without scaring the fragile suburbanites that travel onto the other side of city ave to peek inside Ross.  This place is usually a mess. More like a warehouse than a department store. Though once in a blue moon I will stop in and find something worth while.  I end up leaving every time wishing I wore size 13 shoes. My advice: TJMAXX is right down the block. Enjoy.,2,3,0
r28DTNxXnk_Ph_1yqLJkeA,f9u-mrKG4l8kHqIymE1kxA,6pbNMgTnSYrtPHDN07IXwA,3.0,2017-07-22 19:34:51,"Plenty of parking the lot across the street at this ross.  I just say ""OK"" since I found a bunch of stuff that we could use in our home.    Prices are great!  Shelves were a bit bare.  As soon as you walk into the store you will find the shoe section which looks like need to be filled.  I wanted a swimsuit but only found one in my size.   I suppose it's July and it's busy but one would guess they should stock more especially being across the street from a swim club.   The cashier was very friendly.     Will I be back?  Sure if I am in the area but I doubt I will make a special trip.",1,0,0
iXd5YAzZZcSkuIbDl10Qjg,Le1o2k53Ha2ilsdee4f5_Q,kiHby7Jotm24QDM3SB32LA,3.0,2019-04-11 09:42:10,"A kids-free weekend meant my sister and I were able to shop and browse to our hearts delight...  Ross reminds me of a messier, less classy TJMaxx or Marshalls but I still like to shop here nonetheless.  This Ross was definitely messy, unorganized and quite busy but we found some great items for unbelievable prices! (Dress for $15, skirt for $7, dressy blouse for $8, Easter hand towels for $6)  This store was pretty crowded and the checkout line was looooooooonnnnnggggg.   I have to say, I hate how tight the rows of clothing and items are... like, it's quite difficult for 2 people to even pass by each other. You literally have to exit the row to let someone by (only to then NOT receive a ""Thank you."")  Employees were friendly. I went into the fitting room like 4x and they didn't seem annoyed when I'd hand them a stack of clothes I didn't want. Cashier was nice and actually commented that she had been eyeing the skirt I bought.  I feel like you definitely need some time to browse because there are some good items here, you just have to search!",0,1,0
WHCDRimRo3J500H8CZ2gRg,tU7adDo8044h2W_UmWgQDg,hY_uWlNMhCLyQ0-WV_x7NA,3.0,2018-06-01 15:55:45,"I have a love/hate relationship with Ross stores (mostly all of them). I love that you can find amazing deals and steals, but I hate how unorganized and cluttered their stores are, as well as how unenergized and slow their cashiers and employees are.   If you have the patience, then it may just pay off, as you can find some amazing prices, and this Ross location is just as great at finding great deals! You may have to dig a bit and search racks of unorganized and clothes thrown every which way, but you may just find exactly what you were looking for, saving a ton of money in the end. I have found great deals here, from under amour hoodies and north face shirts, to Nikes (free, air max, baseball cleats, etc), to name brand flip flops and packs of boxers/socks, all WAY below what they normally would be. I would say that some of these prices are even better than what you would find at an outlet store, but it's just a hit or miss. There's been times where I have visited the store, and spent $100 and walked out with a shopping cart full, and there's been other times where I've walked in and left a half hour later, having found nothing.   The thing that I dislike about most Ross stores, and this particular Ross is no exception, is that the stores are so cluttered. I don't know if it is because of the layout of the stores, the clientele, the lack of employee enthusiasm, or what. 99% of the time, there are clothes everywhere, lying on top of the clothing racks, lying on the floor, packages of t shirts and underwear opened and different pieces lying about, flip flops thrown every which way except how they are supposed to be, shoes all over the floor in front of the shoe racks, food items where the linens are and pillows and pool/bath towels left where the food and kitchen items are located. You just never know where you are going to find something. I've found amazing deals on an item tucked away somewhere. I clearance pair of Nikes stuffed behind some boxes of food goods, or a really nice under armpit polo stuck on a random rack nowhere near where it's supposed to be.  One other problem that unfortunately plagues any Ross store that I have ever been to is that the employees appear so carefree, lazy, and just all-around like they don't want to do their job, much less even be at work. There will be a line of 20 people waiting to checkout, with two cashiers (both working at an abhorrently slow pace), 10 other employees walking around, either appearing to do absolutely nothing, talking with another employee, or organizing something that could wait to be organized. I don't know if this problem is to blame on management, or even higher up in the company. If I only have one or two items in my hand, and there are a few people in line, then I will put those items back and leave, rather than stand there for a half hour in line. It's just not worth it sometimes. If you don't mind waiting in line and you've found a great deal, then it can definitely be worth the wait, just don't be surprised if the employees don't seem overly happy or energetic.",1,0,0
xuNnnd6t0XvkJ7Iy-dIHZg,_tUW5hBCHwgYv3HEnih6pg,oeOfr_beHjS2L_qh8We0bw,1.0,2018-02-18 05:21:56,"My family and I were on a family trip and we decided to stop by to pick up something we forgot to pack. We're waiting in line and I guess it turns out we were waiting in the wrong line, which was customer service, and the lady in the front named Claudia, told us we had to move to the other line for regular check-out. For once, there was no one else in either line besides us, after we moved we saw her whisper something to the customer she was helping. We patiently waited until someone else was willing to help, then the same lady ""oh I can help whoever is next"" and apparently she was talking to us, so she made us move for no reason and had the audacity to talk about us? My family and I, are Mexican and we didn't know why she was she was talking to us so rudely. I hope never to experience this again and we will certainly will not be returning.",1,0,0
O6kEaotCC_JyZCZc1jh7sw,a7njro5dH3tIlDlOEDscqQ,M2lUZegK_n2CmxRnkyxW3w,1.0,2017-10-22 21:20:00,"An associate by the name of Brigette  works by the fitting rooms and is extremely rude. I went in today to try on some cloths, purchase a bed set and other items. When I went to try on my cloths I was not greeted nor was giving instructions on what their procedure was. Bri told me I needed to hang my cloths prior to entering the fitting room, I was unsure as to why because associates just usually ask how many items I have. When I asked her as to why she just repeated herself and started speaking to me as if I were a child - not even looking my way. I informed her that she did not need to speak to me that way. Bri continued along with rolling her eyes. Finally I hung all my cloths up like she asked and left. I was about to spend a little over $150 today and because of her poor service and attitude Ross lost my business. Especially this location.",2,1,0
Ye-u8oBMtlQG4w9NmF3KqA,a7njro5dH3tIlDlOEDscqQ,YCtZKNsd1BODxfqRQumBDg,3.0,2012-11-07 18:58:41,"I'm not the hugest fan of this Ross because it doesn't seem to get new inventory in very often, it's not in the best neighborhood, and the level of quality in their merchandise is questionable at times. However, I can't deny that I have walked away many times with amazing finds - you just have to have enough time to look long and hard through the store!",1,1,0
CnYPlrcRWiSbFbqNxSWLGg,Tz4CQChQrO9-MQnUo8CaKw,zaBcde5CZFWZ8QOLt3q-Gg,1.0,2017-12-12 22:19:52,"I experienced absolutely THE WORST customer service today by the ""manager on duty"". I found the perfect duffel bag for $16.99 as a Christmas gift for my son who's going to college. When I brought it up to the register the ""manager on duty"" wouldn't honor the ticketed price. Apparently one of her employees reticketed the item incorrectly, so she left me at the register while she looked for another bag, then came back and proceeded to cut off the ticket and attempt to charge me $27 (I believe, I was so appalled at this point that she wouldn't honor the ticketed price that I don't remember the exact number.)  When I pointed out that I had chosen the bag because of the price, and this this was a terrible customer service practice she offered me 10% off.   No way! It isn't my fault that someone employed by Ross under HER management made a mistake. She should have honored it and then had a meeting with her employees about it. Also, it wasn't a sticker price tag that could have been switched by a customer, the price ticket was attached to the item on a plastic ticketing ring.  I told her that I wanted to pay the price that was on the ticket and when she refused I pointed out that on MANY occasions Ross marks down certain items and won't mark down identical items that are a different color because the barcode is different. The other bag she brought up was a different color, so it is safe to assume that its barcode was different. She said there was nothing she could do. YES, she could have HONORED THE TICKETED PRICE.   I told her that this was terrible customer service and I wouldn't be returning to the store, and I absolutely mean it. Needless to say, I left without the ONE Christmas gift I knew my son would have loved.   I've shopped at Ross for over 20 years, and almost exclusively at this location since they opened. Apparently they need to brush up on their customer service practices and be more discerning as to who they hire as management.   The $10 you saved, dear Ross, cost you a loyal customer.   The Marshalls in the same plaza will get my business from now on. I'll gladly pay a little more if it means shopping from a company that doesn't humiliate and upset their customers over an employee mistake.",2,0,1
P6cJl5GO5MAk4iMpFFla_Q,_tUW5hBCHwgYv3HEnih6pg,0jkLS0JLIqeGDXleUw-cDQ,3.0,2015-04-12 06:59:47,I consider Ross similar to a thrift store. I have to be in a certain mood to want to dig thru their overstuffed racks of clothing. I always come in here to look for summer dresses. No luck today but I did browse the home goods section and that was incredibly messy. The store always looks haphazardly put together. It would be easier to find the great stuff if everything was better organized.,3,3,2
KVFtM2ivTm3E2Br5UbMBzQ,a7njro5dH3tIlDlOEDscqQ,asdbqdpAQG41nxPt9ili3w,2.0,2013-02-06 21:00:24,"Not located in the best area, a lot of times things are picked over or they hardly have new inventory. Loss prevention awkwardly stares as they have to be on alert for local thieves ...",1,1,0
nNWtHePGKT9md1WdgqMXDQ,Le1o2k53Ha2ilsdee4f5_Q,FH-usu-WBnEVhwh1DSBOTg,2.0,2018-06-22 01:39:07,When listening to music everything seems wonderful. Some people were glaring at me though....and you know what? There are not any specific area of the store with benches and mirrors to try shoes on. I kept getting told to get off the floor and sit all the way in the back where the metal table and chairs are. Those items are also on sale so it felt weird to sit on that chair. Meanwhile I have one shoe on and I am half hopping half walking to the other side while TRYING out shoes that are being sold at this store! They don't have a better system for this kind of merchandise?! People are a bit weird at this store. It seems like the comfort of others bothers them. If someone is daydreaming and wandering around harmlessly what business is it of you? If I am not hurting you in any physical way don't assume I'll hurt you at all! I really don't like negative vibes either but please don't think that daydreamers are evil undead creatures. God is an artist too and heaven may be a state of mind. I am working on myself constantly to think positive things. And I am on disability and poor myself! The cashier was very rude. Giving me a side glance and not wanting to look at me in the eyes then quickly saying thank you in a sarcastic tone to hurry me off to the side with a sideway glance. It wasn't just her eyes but the tone and infliction of her voice! At least she has a job!!,0,1,0
J1ikNfPILiukNl62qO-UXA,gzJBT0Bc5Ffyj1o4cKb1aA,sIH5HbEwhbxt-4waYoDUBw,3.0,2015-12-16 15:03:45,"I will give an update that, this past weekend (perhaps for the holidays?) the staff seemed a lot more efficient and the line wasn't unbearable. They were moving people along and *gasp* there were 3 whole registers open. Not to mention the registers even looked like they were brand new! The powers that be must be paying attention to Yelp. Here is to hoping this Ross moves in the right direction in terms of better customer service and efficiency.",1,0,0
Cn8pDN2I0Fujgqt482P7cQ,AoxoMoRyxVIQlkiWNs4J8A,UI22qrdULOccVyWGhYDI8A,3.0,2014-01-12 10:08:02,"Okay...it's no Marshalls or TJ Maxx. But it is one of the better locations for Ross. Their merchandise isn't quite as disheveled as the Oracle location. The handbag selection is better here as well. They do seem understaffed, especially on the weekends. But I still receive relatively good customer service. Nothing above and beyond, but they are polite and friendly.",0,0,0
yJ7bk0G7O6UjIH-pqKXobg,_tUW5hBCHwgYv3HEnih6pg,M0A1uObDVKagveFLzyMD6Q,1.0,2014-04-12 02:10:01,"Worst experience I've ever had by far shopping.  Waited in line for a good 10 minutes and was the next person to be helped a couple walked in to the store and got into the return line about 8 minutes into me standing in line.  Meanwhile a woman's screaming child whom she gave no fucks about carried on and the other couple behind me in line argued.  Already on edge because of all the commotion and the wait the clerk kid sees me standing there for 10 minutes and calls the return customers over who've been waiting maybe a minute or 2.  I stormed over to the fitting rooms and asked for a manager.  What I got was a laughable manager on duty.  I explained to her how the kid just skipped over me and she pretended to apologize and act like I was being irrational in complaining.  So after she finally goes to help the kid get through an enormous line she proceeds to make me wait very last in line. So after another 10 minute wait I'm boiling over.  I ask to speak with her manager and she tells me that she's it.  Not only is the store being run by what I assume is an over glorified clerk (having worked in retail and knowing what manager on duty means), but they don't even have an actual manager there to over see how shitty they're being run?  After I talked to her she about how I was frustrated that she proceeded to make me wait seeing as I just complained to her about being skipped over and not even given a thought, she acted like ""oh well what are you going to do"".  I have never wanted someone to be a man so that I can knock their block off in my life.  I will never go to that shit hole again.",0,0,0
DncddtmNn_6XPT4Oz5V55A,AoxoMoRyxVIQlkiWNs4J8A,1Mg6dBktceR27KFx4zarKw,4.0,2009-09-30 07:23:44,"This store has great prices and more name brands then most of the other ross stores. I love the jessica simpson shoes they have allways.If you know about those they are $100 dollars or more .Not at ross $ 20 .Great deal They have brands like bcbg, hurley, tilt, and so many more name brands. If you like ross try this one it rocks !!!",0,0,1
BILawGdfNqPAU91wrZMhog,gzJBT0Bc5Ffyj1o4cKb1aA,sIH5HbEwhbxt-4waYoDUBw,2.0,2015-11-14 16:45:22,"I only go here out of necessity; times when I need to grab something quick and know I can find it for cheap. Generally, I prefer the TJ Maxx up the way.  What I don't get is how there almost always is a long line. Don't let someone in front of you be buying multiple items, you'll be there a while. Like half the registers look like they're collecting dust. Today my cashier was nice, but I'm almost certain he's the same guy who does security. Are they that short-staffed? Meanwhile, an actual Ross cashier, his co-worker, stood at a cash register without opening up a line.  Just stood there chatting with the nearby cashiers. I'm seriously wondering if their cash registers simply don't work here. They're apparently just for show.   One time I went and some random kid was just playing around at an empty (probably defunct) register, but the staff didn't even say anything.   One pro: I had no problems with the staff today, probably because it was the security guy.",0,0,0
HajuKMb5PVsOKLic_SJObg,ZpLH0_h283MwUXeBeBKqug,qjfMBIZpQT9DDtw_BWCopQ,4.0,2015-09-19 03:52:25,"This Ross is pretty good. The other Ross's in the area consist if Zephyrhills and Land O Lakes.  This time around there was barely any clearance racks. That was sad. Where did they all go?  I like shopping in their shoes, clothes, home, and doggie stuff. So many interesting finds here.  They also keep up on their holiday decor which is quite cute.",2,0,3
goEcGNQ5NbZlWeWs_0jxKg,_tUW5hBCHwgYv3HEnih6pg,Njf7ZCmrI0IjX0cKlHQpGw,2.0,2011-04-16 07:12:10,"This Ross kinda sucks. Though I did find a dress for my night out, I couldn't find any shoes. Every shoe was either a flat or stripper heel. They barely had any shoes in size 9. WTH?   And the kids clothing area is SO scarce! They really need to restock.   Not good for first impressions!",2,0,0
79NwybevUtEGNZoz1rS2bQ,_tUW5hBCHwgYv3HEnih6pg,TrwPmSLH8wmWS5utTT3k3w,4.0,2009-07-11 06:32:26,"The thing about Ross is that you have to know what brands found in Ross are the best. Some brands fall apart quickly, while others seem to last a long time. If you know which brands are the best, you will love shopping at Ross. The prices are great, and the store is always clean. The customer service is not exceptional, but is far better than a lot of other stores in the Reno area. My favorite thing I ever found at Ross was a pair of Lucky Brand Jeans - for $12.",2,1,2
aAqJm5wWF-3SCIADl6nwtQ,R0yS7JKOouL5_sHZhK_CKw,Ch759-9JBBu-UafQ2-abYQ,2.0,2016-10-09 18:52:07,"I tried and tried and tried again but I can never find anything in this place..NOTHING!  I know it's fairly new BUT but now they should of have those shelfs stocked. There is no customer service, only person who ever speaks is security (loss prevention) and I'm not sure if he does that so your aware he is there or he is just being friendly..If your looking for some major deals I would look at a different location.",5,1,1
tqTZ89GEYW5k1tER1phxGA,AoxoMoRyxVIQlkiWNs4J8A,-0jJcs05h1ySi3GcmfoFYQ,4.0,2017-03-26 21:21:29,"It always pays to look here because the selection changes. I've found some good bargains in kitchen utensils, housewares, and decorative items.  This particular location is much less crowded than those in large cities. The staff is courteous and helpful, and the wait time at the checkout is short.",0,0,0
o5-r2CPIBwIWdI6b1xqC7w,Tz4CQChQrO9-MQnUo8CaKw,GVLsUFxv84CtNrL5rZQyEg,1.0,2019-09-15 22:07:39,Since this is the only Ross near my house I had no other choice to go to this location. I try to avoid going in there because of bad customer service and they barely have anything stocked. I wanted to buy some pants and ended up finding a dress and shoes. At checkout the girl was about to put my dress and shoes in the same bag and when I politely asked her to put my shoes in a separate bag she stoped what she was doing and looked at me like I asked for the most difficult thing in the world. Not sure if she doesn't have common sense not to put shoes people have tried on already and been on the floor in the same bag as clothes. Needles to say the associates there are terrible and they really need to get a whole new staff. Will never be going back and rather spend the extra time to travel to another Ross,0,0,0
3aNyZk_VyeKxr4FmS-IuEQ,Le1o2k53Ha2ilsdee4f5_Q,VnrDcwrOuxkH_9OdE1KwoQ,1.0,2015-02-27 23:10:42,"Just left and was nearly shoved out of the way for the next customer.  I understand they need efficiency but to shout out instructions to customers to assist the cashier then call the next customer before you've been handed your receipt is just tacky.  Nothing is in any sensible order either.  If you're looking for a ross with nice selection, good atmosphere and thought out product placement this is not the one.  I almost feel apologetic to the employees for shopping there. Definitely felt like i was a nuisance.",1,0,0
bB05KnIsr0yIExQpggf13A,AoxoMoRyxVIQlkiWNs4J8A,F76i3Syqc_jTR2m2vXGwuQ,3.0,2016-06-10 06:04:00,"This Ross is relatively clean, but can get pretty packed during the weekend.  They do not have a great selection of clothes, but again everything here is cheap so that makes up for it.  Definitely one of the nicer Ross' in Tucson.",0,0,0
lGnCbE5opylA14O5IQUcmg,_tUW5hBCHwgYv3HEnih6pg,jHDNsUH-goluRxo7X6WLLw,3.0,2017-01-23 22:02:37,"If you have time and want great products for cheap this is the place to go. You can't beat the quality of products for the price. Normally I have ok customer service, and the security guy always greets me, but I'm a pretty independent shopper so as long as you're not insanely rude I don't mind. However the past few times I've been in the store I've received exceptionally mediocre to poor customer service. I was going to try on a pair of pants and literally watched to workers sit 3 feet away from where I stood (the only person waiting for a room number) and they didn't even acknowledge my existence. I get it; they probably have to deal with crummy customers making demands all day, I don't mind if you can't help me, just give a girl a holler saying it'll be a minute! Maybe the employees are disgruntled because they aren't paid well or something? Idk, give those ladies a raise or something bc it was like jumping thru hoops just to get out of that store. While I never did end up trying on those pants, I will certainly be back because like I said, good products at even better prices, plus it's not too disorganized so you can browse with a fairly aesthetically pleasing experience.",2,1,0
fTltbURlURMDCtdNF0UTbQ,_tUW5hBCHwgYv3HEnih6pg,T46BA9GqSKY2BkkKbqamVg,3.0,2009-07-17 09:53:06,"Anne H. is apparently way more knowledgeable about Ross's brands than I am, but I know enough to shop here.   I've purchased clothing, art, bedding, gifts and housewares at this store.   The Prices are great! The customer service is not! Return policies are horrid. Return lines can be sooooooo slooooooow!   Nevertheless, if you are a bargain hunter in Reno, and shopping for new as opposed to used goods, Ross will show up on the list of your top four places to check along with Marshalls, Tuesday Morning, and TJ Max.   Since I HATE TO SHOP, my shopping trips are generally one store affairs. If I go into a store I'm pretty certain I'm going to find what I want or need -- or something I didn't know I needed.   Without fail, I find one of the three each time I visit Ross. The problem is that I don't really enjoy the atmosphere or employee attitudes.",7,6,6
JkVT5edRQZeEEzhYrT2gUQ,gzJBT0Bc5Ffyj1o4cKb1aA,D_pSCCzes0LwGuYEwyk5fA,4.0,2011-11-28 01:53:47,This is a very clean store and well organized.  The staff keep the merchandise well stocked and your can find some REAL nice deals here.,0,0,0
qqKciyr0IXXEtgUkSrClZA,Le1o2k53Ha2ilsdee4f5_Q,Q9RuvGeYwYARCdkNa6B61Q,1.0,2018-04-11 15:19:34,"This is a perfect example of see something, say something! Do not shop here! Especially if you're a woman shopping alone. I have never actually feared for my safety while shopping before today.  There is a extremely overly aggressive theft prevention employee that works there.  I went into this store to simply exchange a rug for another color that I had purchased for my daughter.  I did not have my receipt, which I didn't think much of since I used my credit card and the tags were still attached.  The the cashier was completely ok with this as well (As I would think should be) but the guy in the black vest, not so much.  He actually stopped me and said ""you don't have a receipt?!"" So strongly that I thought he must be joking. He wasn't.   I did some additional shopping, all the while keeping an eye out for that man in the black vest that made me so uncomfortable. I went to make my purchase and exchange and guess who was there..one of the most aggressive and rude people I've ever come in contact with while shopping.  He stood at the counter next to me while I completed my transaction. He started making comments""What is that smell?!""  ""Oh it's that rug you brought in!""  I said "" oh no, do you guys not keep your merchandise clean?""  Bc that rug has been in my bmw in a bag for a few days. He continued to make comments about myself, the rug, etc in front of several customers.  I asked to speak to a manager, which may have only been the 3rd time doing in my entire life.  He stood at the counter making non stop eye contact with me. I told him to please join our conversation if he had something to contribute as he was again making me extremely uncomfortable.   He mouthed off in front of the manger who shook his head and told him to stop.  He then called me ridiculous and walked away. As I was getting my items out of the cart, he stared at me the entire time.   As I walked to my car, still in disbelief of the situation, I warned a woman walking in who actually shared a very similar story!  Why is he working here?  It takes a lot to frighten me. I will never enter this store again, and I hope no one else does as well until he is fired.",2,0,0
ssTzIiAFcjXaFQZSffO6AA,Le1o2k53Ha2ilsdee4f5_Q,7rULEZMof7FRaJTFk1Wkgw,3.0,2014-07-09 18:32:13,"There is a reason they have the slogan 'Dress for less.'  The quality of clothes at this place is crappy, no bones about it. I've never found 'designer' clothing either. On an occasion or two I've found a great pair of yoga pants or a work out shirt, but that is the extent of the clothing. They do have branded children's clothes at decent prices. You have to be careful though because I've spotted holes in the clothing where the security tag is. Now if you want a deal on a bath mat, towels, or kitchen utensils, you  may be in business. The store is very clean. However, who wants to walk into the store and be greeted by a 'mall cop.'  It makes me feel uncomfortable.....""I'm watching you....bwah ha ha!'",1,1,0
oG7LjfMkW3dCaJ6wVSCqWw,Le1o2k53Ha2ilsdee4f5_Q,d3z40rmIJ5vbAW_2d7kDjg,3.0,2013-03-10 17:32:05,"Well, it's a Ross. Cheap designer clothes. The problem with offering these clothes for such low prices is that you attract a lot of less-than-savory individuals. Other than that, it's a great deal and you'll find all kinds of useful things in there. Just make sure you wash them before you wear them.",1,0,0
Dkw9oVjnpgkM619YRvgVxg,_tUW5hBCHwgYv3HEnih6pg,1zaBvrsRh5txOgsByrmLEQ,3.0,2015-05-06 22:15:51,"I really teetered between 2 and 3 stars on this one so I took out a handy piece of paper and started with 5 stars.  From that point I went through the experiences I had and either added or subtracted a star until I came to the end of the trip and it totaled to 3 so 3 it is.  I might prefer to say 2.5.  I wondered into this store with my daughter because I had 1 1/2 hours to kill and I was trying to find stuff to spend money on.  We walked around the entire store and ended up filing our basket with random stuff we didn't really need but decided we wanted.  Included in the basket were two pairs of Guess shoes, a dress for me, a huge piece of canvas artwork, hair stuff for my daughter, a lap top pillow, a journal and some other things.  The store is like any other Ross - sort of clean and sort of not.  A tad disorganized but nothing that screamed ""thrift store"".  Reason #1 that they lost a star (and this has already been mentioned) is that I caught the Loss Prevention guy following me around.  Not only was I insulted that he thought I was going to steal something (come on dude - am I going to shove this canvas artwork that's taller than I am in my purse and make a run for it?) but he was kinda creeping me out.  I started walking around faster to try to lose him.   Reason #2 that they lost a star:  I went into the dressing room to try on a dress which ended up look super awesome.  I went out to my waiting cart and asked if I could take the shoes in to see what they look like with the dress in the full length mirror.  I was told no by Tatiana ( I think that's her name and how to spell it ).  She was not very nice about it and when I told her that I didnt understand why I can't take them in another 10 steps to see she rolled her eyes and walked away.  Wow.  After Tatiana crossed the eye rolling line my daughter and I put 99% of the impluse purchases back.  I ended up buying the dress and hair ties.  We spent a whopping $30.00 instead of the $150.00 we had in the cart.    I can't deduct anymore stars because the place was not dirty or baron.  I might go back or I might go somehwere else - just not sure.   I could have overlooked the security dude and given it a 4 star raiting but Tatiana really bummed me out.",3,1,1
Wvoghd1wNNCOmsFHwgF0wQ,Le1o2k53Ha2ilsdee4f5_Q,TjXHdW8E-9Jk74mSwZOvjw,3.0,2013-07-22 14:37:53,Nice store. Last time I was in here the loss prevention kid had no idea what to do except follow around attractive women and stare. Store has a lot of merchandise that it keeps well rotated. Staff is helpful which is a nice change from other locations in the area.,1,2,0
6FFGMmstbooL9XNrQtMv9w,DG7rpt4xs_WAfIQUzCXvkQ,fmbySdwv00cdHgg6aONmgg,3.0,2020-08-23 21:45:06,"Store was very disorganized with items on the aisle floor. Home decor section shelves were bare.  Directional signs on the floors were beginning to come up which left dirty, sticky spots on the floor.  Shelf signs were posted asking shoppers for patience while they restocked.  I have to wonder how long customers were needing to wait? I will try back later this year.  Maybe then this Ross will be back to the high standard I had become accustomed to.",1,0,0
AdyJQ2JhLWssoDE3Hut5Zg,R0yS7JKOouL5_sHZhK_CKw,yhWRLfupfd9nTN-ugRW8Vw,4.0,2020-01-30 21:54:45,This place is clean. Its pretty well organized as well. I wish there was more childrens clothing thou.,0,0,0
Zf1bxazAAK7J76_GceDUYw,Tz4CQChQrO9-MQnUo8CaKw,B_valwhRHxv_W-bFRZjOJg,5.0,2020-02-02 00:40:07,"I love Ross stores, but some locations are a bit disorganized and have rude employees.This location is always well-organized and the employees are always really nice. Tonight we were helped by Sandy in the dressing room and again at the cash register. She and I chatted while my son tried on clothes and I watched her as she helped other shoppers. She was friendly, even after some of them were a bit discourteous, greeting each one with a smile. Great customer service!",0,0,0
SsTZq0-RTSZZrreU-qfdnA,J4yMOljyWpF35VIGj2gVPA,a2UCbcJz6dbEEdUL-wwHRQ,3.0,2019-08-20 12:00:09,"This Ross is clean and organized, however the cashier is always missing and has an attitude when she notices someone is waiting for her. She is an older woman with short dark hair. Not very pleasant. They have a great selection of well EVERYTHING of course. Customer service is a little on the iffy side especially back in the fitting room area.. u bring one item up hold it up tell them it's one item and they still wanna hang it and count it themselves. This Ross tends to be very busy when I am in there and honestly this fitting room ""Clothes gotta be hung here So we can count them"" deal has made customers just throw their items to try on - on he nearest rack from where they are standing and leave and head next door to Marshall's because doing this causes a line when u can just simply state the # of items u have. Yes I understand it's an LP thing but your losing customers and also the fitting rooms are way too hot . U sweat your ass off in there makes u not wanna even try things on. Keep the fitting rooms nice and airy so customers will want to try things on and make purchases instead of getting agitated dealing with the tedious fitting room attendant and finally the annoyed cashier that I guess forgot what her job consisted off.",0,0,0
tFDHE3HpbvoHD9X0fpS-JA,f9u-mrKG4l8kHqIymE1kxA,fEtWwhNKSoTqIWTSEwGIvg,3.0,2019-06-23 02:31:10,Today I was in the area of wind up stopping at Ross to find out was there anything that I needed or wanted or something new in the store I walked in the store to the shoe area which I love shoes but it was a funny smell in the store like a funky egg so I continued to walk around in the scarves and hats personal items and then proceeded down the steps the smell had faded away. Then I walked over to items for my car nothing was really there so I walked up and down the aisles which was for the home and bath area and again it was nothing there that impressed me to say oh yeah I need it I want it and I need to buy it so as I was walking near the sheets I forgot my niece was having a trunk party I backed up but again there was nothing there to buy because you know the college students beds are XL didn't see that either so walking to the ladies dresses again the smell of on funky egg appeared again I don't know if it was someone passing gas but they need to get their self together or was something in the air vents and the store I couldn't even walk down the aisle with the dresses was there I decided just to walk away and to leave but before I left I saw bathing suits and it wasn't anything that I like so I walked up the steps went into the men's area again could not find anything walked into the gadget area which is earphones sockets things of the nature nothing that I wanted to take home so I proceeded to the door and then I left I probably would have to wait until the middle of the year or when school start back that's when the new items might be coming out but at this time it was nothing that I wanted in this store. Oh and I forgot some of the things there should have been Mark there and some of the racks was empty.,2,0,2
JCF3S9jNgyhMELLvRk1_ag,ZpLH0_h283MwUXeBeBKqug,jB9P3KKPENhK0a2U7wWcmg,3.0,2018-05-06 22:23:03,"It's a love hate relationship with Ross. If a store is located in a nice area you definitely can find some good deals and steals. On the flip side, if located in a lower income area, things are definitely picked through. Not saying you still won't find good deals but maybe the options are not as plentiful. I didn't get a chance to go through the whole store at this location but I was able to pick up some gardening tools for 1/2 or 1/3 of the price at other stores. I also had some really good finds on planters for my indoor plants that I really like for close to nothing! Super excited to use my gardening tools and repot my plants.   I also found some tea tree 100% Dead Sea bath salts as well as cleansing charcoal bath salts. Excited and really curious on using these!  Ross is convenient to stop by when you're in a rush and need to find something that will quickly hold you over. Or if you're in a budget and need to pick up a quick gift for someone. One stop shop!  Now I have to go to another Ross to find other unique planters and Knick knacks hahaha",1,0,0
iI7J_lk9vEePIWUrovFLNg,ZpLH0_h283MwUXeBeBKqug,CXglwkLHim9jRyVOqGSUog,1.0,2021-05-21 20:58:24,Dont come here anytime soon.  Ladies if you're wanting to try something on you can't.     Fitting rooms are closed.    I had a basket full of garments to try on and no fitting room.    I asked the clerk what am I supposed to do she said buy everything take them home and if no good bring them back.    Lol yeah right lady.  You just lost a sale.    Marshalls across the street the same.     What a bunch of losers,0,0,0
R4YpR5FfkNxzTM3gXDPlaw,J4yMOljyWpF35VIGj2gVPA,98jv8gu7kAwa2WzIPdw6-w,2.0,2020-09-06 17:44:08,"I'm now on a nationwide search to find pants since Sears closed down. So far been to Walmart, Old Navy, and even Goodwill to no avail. First off it seems some of these places only cater to midgets because I can barely find things my size. Here I found 1 pair... but the dressing rooms were closed! What is it with New Jersey closing all the bathrooms and dressing rooms?...",0,1,0
cchyuaLUK38i4wpk0WXCwg,tU7adDo8044h2W_UmWgQDg,_ZaUWlM2j3VOaUBvju51-w,1.0,2021-08-24 21:50:21,"Terrible customer service, the lady running the fitting rooms was extremely rude and made multiple sarcastic comments, out of jealousy I guess. It was the worker with the British accent, the other staff workers seemed nice. Experience ruined by one worker.",0,0,0
ClgydvA3mcrshgVYNvpsaQ,a7njro5dH3tIlDlOEDscqQ,KwRH-AC-R077WT4pfkiYLw,2.0,2013-12-05 22:03:14,"This location is kind of a disaster. Never fails to be a total mess and have a super long checkout line. Not surprisingly, I watched a mom smack her kid right in front of me just because she was pulling on her arm for attention. I feel like I see that a lot in Tampa.... yikes....  Anyways, the racks are quite a treasure hunt, but it's usually worth it. I found an oversized sweater and a long sleeve mini shift dress so I went home satisfied.",2,2,0
N9MPpzXguoDo3QUF9Pjz7Q,_tUW5hBCHwgYv3HEnih6pg,mQ038_uAk7LOUJ4xQTwWIA,3.0,2019-12-07 19:38:41,"Noon on a Saturday before Christmas and only one cashier?!  Oh wait, they have two, but one of them is not at her register. When I asked them to add another cashier, Joana, associate 902170, said they had it under control.... 20 people in line and 1 cashier is not under control.  When I called and spoke with an associate, while still in line, Operator said she would get someone else to help; she called  the front while Joana was ""helping"" me, and Joana told the lady ""we have two cashiers and we have it under control"".  Meanwhile, there are more people getting in line and the other ""cashier"" was still not at the register.  How rude of Joana to ignore our pleas and not ask for help from her associates for their customers. Usually, they are pretty on top of it, and I was able to find exactly what I was looking for today.  Which is nice when they stock up.",0,0,0
iofaMuDTggZ4_qiW-37l8w,_tUW5hBCHwgYv3HEnih6pg,MbSWp4U_VV1Fsy0qUDvdbQ,1.0,2020-07-21 04:29:36,Very rude customer service. Saw a cashier hold up the line after a guy wanted to pay with his five dollar bill instead of the 20 she had already grabbed off the counter. This cashier lady was seriously upset about this. She didn't hand him back his change for over a minute. Meanwhile they're yelling over the loud speaker that the cashiers are closing up. He even told her how much it would be. 3$ and some change plus his 20$ he had first given. She said with an attitude it was messing with her count on the cash register. She pulled out her cell phone as a calculator and possibly replied to some texts too. This did not happen to me but I witnessed her literally throw back his 20$ bill at him and have unnecessary attitude making him upset as well. This lady should not work as a cashier if she can't handle simple math and customer service. Another employee put his hands on his hips and watched the customer leave in an intimidating way as if the customer did something wrong! I do not recommend. Wish I got the employees names...,1,0,0
R2GdJL4zGx0Ko8qsRec11w,DG7rpt4xs_WAfIQUzCXvkQ,NhaMChhKmAjiA7nu7KgauA,1.0,2016-11-15 00:15:42,"ROSS sucks!  When my wife and I go there, they never have the cool stuff they show on the commercials!!  And, the workers are rude and snooty!!!",1,0,0
qnkJdsF9ESZb_awaPOLUng,J4yMOljyWpF35VIGj2gVPA,_p9_GXbJNUJLkieaOFfhHg,5.0,2019-05-23 21:06:02,"This ROSS was very neat and organized. I travel to alot of different Ross's and this was one of the neatest Ross's. All of the aisles were neat and tidy down to cashier lane.   As I entered the store the Loss Prevention security guard greeted me with a smile as I entered and exited the store. The lady working the area near the fitting rooms was alright I suppose. My cashier ""ALexis"" was great, she smiled and thanked me for my business.   If I had to name something I disliked about this store it would be that Alexis was the only cashier and the line was long. It wasn't Alexis's fought at all-but that's the only thing I didn't like was that there was only one cashier station were available for use.   Great Ross store though, I shall return!",3,0,2
3NYY2RptIp8PSO56KOJOPw,Tz4CQChQrO9-MQnUo8CaKw,I8RuSNAXcc_RG0-cWeZR2Q,4.0,2019-06-26 20:52:39,I love this store they always have good prices and great products.. the staff is always friendly and helpful.. there are tons of clothing items to choose from and new stuff all the time..,0,0,0
166gFEUwTdjWrT2Us-M1Kw,_tUW5hBCHwgYv3HEnih6pg,F3ELBqGgDCX9YEhz_oS0xQ,3.0,2014-09-19 01:48:05,"Ross is my next favorite for getting glam on a budget. Marshalls, TJ Maxx, and Marshalls are all owned by the same parent company, but they are all VERY different and require different strategies. For whatever reason, this is my favorite Ross in Reno- I'm convinced it's because of this neighborhood's suburban demographics, fellow shoppers are not looking for the same stuff I am, so I WIN! Checkouts are pretty smooth and they have more people here now, avoiding the snaking check-out lines that can plague Ross stores. This store is always super neat and tidy, too.  Rules of Ross: 98% of the stuff here is just HORRIBLE. Vile fabrics, awful cuts, things that someone dumped out of a semi and drove off. Avoid, avoid! 2% of the stuff is GREAT. I have hit Calvin Klein gold mines here- beautiful sleeveless blouses, sleek layering pieces, work-appropriate separates. For about 50-70% off retail. I've also noted their workout clothes can have some hidden gems- yoga tops and the like for good prices. You can also find some beautiful Polo/Ralph Lauren shirts for men ($14.99!!). The key to find the great stuff is to drop by and do a quick scan at the front and do a fabric/brand check, going down the aisles and spending about ten minutes to screen. I have dropped by the store more than a few times and left empty-handed, but keep your sleuthing skills up and you will be rewarded. A fun modern-day treasure hunt!",2,1,1
4gDmF8cLF1IDOm_S5OBh4g,68guZonHEj6YvGqGERSOJw,EJ8eADVSFjDlnfkqKqcwJg,1.0,2018-12-28 19:16:34,"I was sooo HAPPY that I had a Ross 4 minutes from house been new to the area, but this is the WORST ROSS when you get to the cashiers.... They shoved everything on the bag. They don't even take the time to fold your clothes (a simple 3 steps) I thought it was my cashier but it's alllllll of them.... I'll be making my 30 minutes drive to the one at Brandon....",1,2,0
FncxR51FE-W5K2KuYdxogg,ZpLH0_h283MwUXeBeBKqug,CpxsBwzRglwsYFCmHKpmPw,1.0,2018-11-27 20:02:53,"I will literally NEVER shop at the Ross Dress for Less (Wesley Chapel, FL) again! Bought two - 4 feet folding tables , and a card table for my house....MIND YOU, IM OVER 6 MONTHS PREGNANT....so I had to put the tables one by one into my car. The cashier stops me as I'm leaving, telling me I can't take my cart outside, another lady stops and offers to help me, but the cashier ""CARMEN"" decides she wants me to leave my cart and bring my car up. So trying to not let myself get angry, I bring my car up to the curb( which is EXTREMELY busy with traffic and unsafe considering the tables had to go on the drivers side of my backseat), put on my hazard lights, walk in.... and then as I proceed to take the cart , literally from the curb to the my car ten feet away ...the rude employee stops me again!!! Telling me to wait until she finishes checking customers out,  And tells me I can't take the cart LITERALLY ten feet. all of the guest in line , are now staring, and shaking there heads in disbelief, and telling her to just help me bc this is absolutely ridiculous! I've probably spent hundreds of dollars in that store over the last two months for the new house, NEVER AGAIN!! Absolutely ridiculous , I will be calling and speaking to the manager not only For the absurd customer service, but the fact that it unsafe for not just a pregnant person but for anyone!",1,0,0
rsQfpKnjR0sQEPkw1zm9hg,tU7adDo8044h2W_UmWgQDg,Q3vR_w-UY8xjQfJXgtR6fg,1.0,2016-06-06 00:04:52,"Looking for a place where the cashiers can easily steal from you? This is it!  The way their counters are set up allow for them to steal your items. It has happened twice to me, I am determined to check my receipts and the contents of my bags every single time in front of these thieves before leaving the store. It's funny how they have cameras and they count the number of items you are trying out but they forget to put cameras on their personnel I guess. No bueno!",1,0,0
1tr9dshNUob3IVUMc3W69A,Tz4CQChQrO9-MQnUo8CaKw,qjfMBIZpQT9DDtw_BWCopQ,4.0,2015-07-18 15:51:09,"I like this Ross. Lots more selection then the nearby Grove Wesley Chapel location. It's nice and clean and organized. The service is nice. Manager is helpful. This is a one stop shop plaza. Ross, Marshalls, Bealls Outlet all in one place. You don't need to leave. Just shop!!",4,3,4
ns1gjwkRAWX8USUgyBbFmQ,tU7adDo8044h2W_UmWgQDg,jvqdSM4jVTTR-vJJml3URw,1.0,2017-09-13 01:48:40,"Ghetto ghetto ghetto!!!!!!!!! The staff is rude. Avoid this place at all cost!! Place was dirty, felt like I was at a flea market",2,0,0
BZlT9W6HOn_q-u8aX1kteQ,_tUW5hBCHwgYv3HEnih6pg,9OT3-uj5akBhwdAZyvqZOA,1.0,2018-05-01 04:55:53,"Associate number: 654970 was extremely disrespectful. She left a sour experience. It's 9:45 and knowing I'm the only guest in the store says the store is closing in 5 minutes. I went to bring all of my items to start paying with her. A man comes in and security tells him ""Sir we're closing in 10 minutes."" And both ladies starts laughing. So what time do they really close? Plus is laughing necessary. If it was something they were discussing prior to me coming up, clearly customer service was not needed because they decide to continue with the conversation while I was right in front of them.   To put the cherry on top, she starts texting while I put my pin in, receipt prints out, while still staring at her cell phone says have a great night and hands me the receipt without any eye contact. Why say anything at all when whoever you're texting at work is much more important than your paying customer?   I'm not asking for a red carpet, but the lack or integrity and plain decency I experience at this location during this visit is plain unacceptable. Spend your hard earned money elsewhere.",4,2,2
J7wPg8LMZLFwfGQpTJWtfg,Tz4CQChQrO9-MQnUo8CaKw,How400tgmS48fbXKdDCO9w,1.0,2019-07-27 14:17:49,Today I came in to EXCHANGE a dress that had a hole in it and I didn't realize it when I bought it. I lost my receipt with the millions of items I buy from Ross. The lady told me I would only be receiving .53 cents for it ARE YOU KIDDING ME. where in the damn store do they have something for sale for .53 cents? SCAMMERS. I asked for the manager CALVIN  to see if there was something he could do and he was RUDE and looked at me like I was stupid and there was nothing he could do. I promise you I will not give ross a single cent of my money ever again. Terrible customer service.,3,0,0
xHSj37rca3VuARKiTECcIQ,DG7rpt4xs_WAfIQUzCXvkQ,aKHJUBWI2nNhAc3khFC_6Q,1.0,2020-10-31 11:52:48,"This place needs to hire someone to organize, it is a total cluster trying to find anything in this store..",0,0,0
XukktnMytDmdzFeprFWpXA,68guZonHEj6YvGqGERSOJw,ifUa7WQSz9TEM6fNepZTrQ,1.0,2018-11-10 15:03:16,"Have closed the back dressing rooms, the front two rooms are so small you cannot turn around. have one cashier and in line for almost 39 minutes on a Saturday morning.  Have experienced this before. So sad, it is a great store. Staffing very poor.",2,1,0
vkM_poCYsX4Ebo1ijuBxng,gzJBT0Bc5Ffyj1o4cKb1aA,GhGn4svo4e3a1_cOuEUumw,1.0,2020-10-22 22:42:27,"Let me just start by saying I LOVE Ross but there is a  associate who doesn't were a name tag at this location who is SUPER GHETTO.  I had to bring back a area rug they forgot to take the security sensor off.   The person was super rude, unprofessional and combative. She had the nerve to tell me that unless I had my store receipt that they would not remove the sensor.....does she really think I walked out with a area rug without paying for it? I tried to reason with her and asked her how is this my fault/ problem. After making me wait finally the sensor was taken off.   This particular sales associate  is in for a rude awakening when she is replaced by either online shopping or automated cashier.",1,1,0
7UkYu6KIrbe-gpDF9ZK-Hg,_tUW5hBCHwgYv3HEnih6pg,jpaBV6e6Sf3_CgvShteDSQ,3.0,2017-08-10 23:33:50,My trip to this Ross was okay it wasn't anything special I found a nice top that I like and I bought that I looked at some of their perfumes and I didn't find anything that suited my interest but they do have a large selection of women's clothing most of it is pretty cheap but you can find some nice stuff in quality manufacturers mixed in with the more generic playing manufacturers with the more plain clothing. There seems to be more security workers work in the aisles than there are helpers and that is an indicator to me that I may not want it too much more shopping at the store since there's so much loss prevention folks all over the place. Luckily I found the top I like and I hope it lasts for a while because it fits perfect! I would say that if you're going to come to this Ross to come during the weekday because on the weekends I've been here and it's super busy even today on a Thursday the line was 4 people.,6,3,3
AhxWNm994RzEVNClBQGN0A,ZpLH0_h283MwUXeBeBKqug,-WCT0t4EgwEHA9td0fM6Tw,5.0,2020-06-07 22:09:39,"Managers and associates are very friendly in wesley chapel, Florida  location . I used to work for ROSS in California and I just recently moved to Florida. Florida people are wayyyyyyyyyy nicer than California people.  The store was very clean and they are extra friendly. Their shipment is way nicer than California. I applied for this location and I hope I get it soon",0,0,0
UDagA6PuEGOxShy-bt-vSQ,Le1o2k53Ha2ilsdee4f5_Q,P4GpZbyFxzL-uJQ3Pp-QiA,1.0,2019-12-15 19:12:31,Christmas time 42 people in line only 2 cashiers open. For a big box store very poor management.,0,1,0
37JOTVndIIp4p3hVaOKcFw,_tUW5hBCHwgYv3HEnih6pg,240-JcL4aTrT_mmpV8ETDA,5.0,2017-04-05 01:51:16,I almost always find what I am looking for at Ross and for reasonable prices. Today we went to get shoes for the kid (17) and they had just what he needed and in his size! This store does not feel too crowded like some discount stores and they always have new items at the front to look through.,3,0,2
rGZhRFGp4YjIJV9gQ3htBw,a7njro5dH3tIlDlOEDscqQ,NUTOp061S36xUIhCRstD4g,5.0,2018-08-19 13:40:15,"Great staff, they work very hard and do very well dealing with fluctuating merchandise and rude, entitled customers.",0,0,0
pyyBhjnKaeoSGe18HPXllg,J4yMOljyWpF35VIGj2gVPA,zUk_Ww2q1At1QSyRbUjIGQ,3.0,2021-02-21 20:26:08,Crap crap and more crap selection.   We wound up buying hair bands and some chocolates.   I will say that it was clean and well organized .,2,2,2
QuBR0bqUinwPAEPU0V1jCw,a7njro5dH3tIlDlOEDscqQ,DhTBP2i8Pqj9abqRrWsYRw,1.0,2019-11-03 23:53:23,"Perhaps if they could afford to hire more workers, more people might shop here.  15 people in line to make purchases with 1 cashier and no one available for returns clearly shows the MOD is probably focused on keep his/her labor hours low for a bonus than taking care of customers.    I wonder why every time. I shop in this store or actually any other Ross, they NEVER have enough cashiers on duty for the volume of business they have.  Returns/Customer Service should always be staffed by any and every retail enterprise.  Then there is always a back up for cashiers.   I guess being a manager no longer requires that common sense skill.  Sad but true.",1,0,2
uD7K7wFT_1-yZqbYEgSEGw,DG7rpt4xs_WAfIQUzCXvkQ,IcowqfUjDSmdwtT0vp4pRg,1.0,2019-01-08 01:08:05,"This place I soooooo rundown!!! There are terrible unprofessional associates working here. This Ross needs to retrain all their employees! Why? We decided to come here on a Thursday night to see if we can find some foam mats for a bargain deal. We were able to find some but it was cheaper than other places by 2$ so not a huge discount. We were waiting in line for a very long time. The lines get really long and there are only 2 cashiers. A customer got into an altercation with the cashier and they started being belligerent with each other. They were both cussing and yelling at each other and it made us feel unsafe and management did nothing but told the girl to take a break....seriously, I would of called the police. Never again will I step foot in this dirty, unorganized, terrible employees, poor attitude store ever again!",4,0,0
6d1lgsdtZ60668jGOFw_QQ,Tz4CQChQrO9-MQnUo8CaKw,q8bVb99MkJSIqq-TwUXRbQ,4.0,2020-08-24 15:04:12,"Ross is my go to for a lot of my clothes shopping. I was stuck wanting to change clothing, but not willing to make the hour long round trip to do so- so we left for an hour to shop- lol. Makes sense I think. I grabbed a pair of jeans and a top and then perused the dresses- because I always buy dresses from Ross and found one right away! Navy blue with aqua and teal flowers- gorgeous. I found mom and headed to the front. It was a decent size line crawling along and a slow pace. Mom continued to look around as I stood moving back and forth on my feet waiting to go to the next social distance marker. Finally I made it to the register- yay!!! A friendly face checked me out quickly. I guess I haven't clothes shopped in store in a long time- because I didn't realize dressing rooms are closed. Kinda caught me off guard. Mom teased me about it. At least everything fit!",18,9,19
02SkdMWCZpazW40shXPQUg,Le1o2k53Ha2ilsdee4f5_Q,-kLVfaJytOJY2-QdQoCcNQ,3.0,2017-07-21 12:03:49,"Not the cleanest store, but I found what I needed.  If I was looking to browse, this is not the store where I would want to do it. I'm a clumsy person. I tend to run into door frames and trip over my own feet. When there are tons of racks strewn about the store, I can see death and dismemberment flashing before my eyes. Also, it's just not very nice looking seeing all these empty racks out and about.   This didn't bother me too much, however, because I was on a mission to find an oatmeal bowl. As many friends have pointed out, yes, I do own more than one bowl, but I only owned one bowl big enough that my slow cook oatmeal doesn't bubble over in the microwave. I like to live on the edge, thus the singular big enough bowl. I recently shattered mine (my husband jokes what is all the working out good for if I can't carry a bowl) and since I eat oatmeal at least once a day, I was on the hunt for a new one.   My husband stopped at Home Goods and couldn't find a bowl that fit my standards (although I question how hard he tried, but that's another story) and the bowls at Target were expensive! As we were pulling out of the Target parking lot, I spotted Ross and decided to make a quick stop.  We power walked in at about 9 p.m. and there were still quite a few people shopping. Ran to the home section and I found two bowls that fit my bill! One was prettier, but it was flimsier and only said: ""may get hot when microwaved"". So, I'm pretty sure that means it is microwavable safe, but my husband filled me with doubts. Therefore, I ended up with the bowl I lovingly call ""the pineapple"" since it is yellow with a pineapple texture. The flimsier bowl was $4.99 and this bowl was $6.99 and clearly stated ""microwave and dishwasher safe"". It also says it is handmade in Portugal, but I question the authenticity of that statement. After my sticker shock at Target, this price was perfectly acceptable.  They only had one cashier, but when the line got long they called in another. I was in and out in less than 10 minutes.  So, again, I wouldn't come here if I was browsing, but since I was on a mission, I rate this place A-OK.",2,3,4
MOgu7nziPgaUkjQPbqN-wA,68guZonHEj6YvGqGERSOJw,wCac3pxmvF16CEjCbBDECw,1.0,2020-05-25 18:28:22,"Poorly maintained and poorly managed. Dressing rooms are small and smell, and there is constantly a  ridiculously long line to the cashier.",0,0,0
j08O8O0j2pyCwddnvL8w8Q,68guZonHEj6YvGqGERSOJw,IJJETLhfEVvuUF_UfA7Hug,5.0,2014-12-24 02:31:00,"This is a newer Ross.  It's well maintained, clean and the staff are actually really nice.",1,0,1
cZFYI4BmWCt0SSze4oyKYA,_tUW5hBCHwgYv3HEnih6pg,TUcXv83k1MBHO4HHt0hztw,1.0,2021-08-13 19:03:19,By far the very WORST place I've ever have been to in my entire life! I don't recommend anyone to go there! Horrible customer service and I was disrespected by a lady at the cash register after I asked if I can purchase one of the hand bags and wouldn't unlock them so I can purchase one of them   RATE: 0 stars it's horrible in there!!!!!,0,1,0
BHqyBLffTVDEkouDRemvGw,DG7rpt4xs_WAfIQUzCXvkQ,GQDKEfq56eLXuPtdyiLhPg,5.0,2021-07-13 18:31:09,I went in for some t-shirts and found some great deals throughout the store. The employees were very friendly.,0,0,0
6YixGhgZFJW8AMxyo6yyTg,tU7adDo8044h2W_UmWgQDg,5UowAg35JaQX5DBQ4v7_Vw,5.0,2019-11-30 03:33:41,It was colder than I expected while my time in Tampa. I was searching for a close by place for warm jackets and I found Ross. I found so many warm jackets and shawls. I'm so glad I came here. Lines weren't big at all. Highly recommend them if you're looking for warm sweaters and/or jackets,2,2,2
JnzB6I6slonlG8ZP4qHJIA,tU7adDo8044h2W_UmWgQDg,N1sp9wXLotuufQuRANhPGw,4.0,2013-06-18 15:45:56,"I am a Ross junkie. But not all Ross location are created equal, this one is an O.K. One, organized (an important factor in choosing the right Ross store)  but it doesn't have the best selection of household items, but would I be back? Sure, how could I resist passing by a Ross store without stoping to say hi?",2,2,2
mLdj_p2y1NlQi-Clzk-J0A,68guZonHEj6YvGqGERSOJw,T6_VM-d3_GvvyOpLuUStuA,3.0,2020-09-27 01:12:21,"This is the closest Ross to my house, so I've been here a handful of times... And I'm not that big of a fan! The selection is usually poor... Especially for anyone that wears over a size 12. Even for toddlers, you can't find much. Decor? Not that either. Toys? Nah. I'm really hoping they can get more items in soon, but until then while the dressing rooms are still closed, I'll go buy my items from a different location and return them here if they don't fit! That's about the only use I have for this store right now.",0,0,1
sVezbEFtgXTgLPMLXjCVrw,f9u-mrKG4l8kHqIymE1kxA,QOIqH25Cp31Z8D9sQmGZUw,4.0,2019-06-27 15:55:54,"I've been to this location several times at different points of the day (opening, mid day & evening) & within a 2 month span. They have a variety of items to choose from:  household goods, kitchen & bath, luggage, family clothing, candles, pet supplies, garden supplies, furniture, jewelry, watches, perfume/cologne & condiments. (Whew lol) The staff for the most part will help you if needed. There was 1 young lady (not naming her or her position yet) who seemed to be having a bad day on two of my visits. I'll update on her if it continues.   The items are discounted pricing which is lovely. I had to return 1 item because it fell apart after 1 wear. I had no issues there as I miraculously retained the tags along with the receipt. (The universe must have known. Lol) The reason I gave 4 stars is because it seems like they're either always rearranging sections or are understaffed/unorganized in the stocking aspect...ALLEGEDLY LOL. This can be a bit frustrating but hey...I like the prices. Overall, I will be visiting again & update if necessary.",4,1,0
1JIZqyWi3BRoSMPd2wd1aw,gzJBT0Bc5Ffyj1o4cKb1aA,OxPwTirxr6jsthULWBAuZg,2.0,2017-12-05 00:48:31,"I am not a huge fan of this location primarily because of the customer service experience. I was looking for some items to decorate my office space and luckily I was able to find a nice selection of office decorations for reasonable prices. I will say this section of the store was probably the most organized. I walked down a few other aisles and there was no organization, items on the floor, and misplaced items throughout the aisle. In addition, I noticed that for clothes, mostly referring the the woman's section - the sizes of the clothes were not consistent with the signage which is annoying and makes the shopping experience that much harder. Once getting to the register, not one of the cashiers smiled, greeted you, or even showed a care that you were supporting their establishment. She also just threw all of my new items purchased into a bag with no care. My cashier talked so low I had to ask her to repeat the price more than once. I purchased items that were heavy but could not take the cart out of the store. I asked the cashier for a suggestion since I had too many items to carry in my hands and instead of offering to help, considering there were other store associates standing around talking to her, she told me to make more than one trip to my car.   I will say this is a nice size store compared to other Ross', but not sure I will go back. It's nothing worse than horrible customer service.",2,0,0
PN6j0TWDID7hPrStgzv2Hg,R0yS7JKOouL5_sHZhK_CKw,TtuLyYy4Gf41XA2JUQgY8A,3.0,2016-03-12 04:22:12,"New, Clean Store but cashiers are unfriendly. Barely muttered a ""hi"" after I said ""hello, how are you?"" Also it was a long line with only one cashier.",1,0,0
pVGT7oWjGIjF0xD-OrFkbQ,_tUW5hBCHwgYv3HEnih6pg,oTyEIOtAvDBxMt_rM9ugVg,4.0,2021-07-16 19:18:35,"I went there to find some new sandals, and although the shelves were pretty empty, I found the perfect pair of Clarks in my size!  Staff were very nice.",1,0,0
weqAGLWFi5BWsZyVy_843w,_tUW5hBCHwgYv3HEnih6pg,ZeGERU_o7xbKyEhh2QN0rg,2.0,2019-12-02 01:33:26,"Wow very disappointed in this store. Bare, messy, & cold. Not one employee acknowledged me at any point in my visit to the store. Seems like this place is going out of business and fast. So messy I don't even think I could dig through the piles to see what I wanted. I will not be back.",3,1,1
hq7zC_tHbZcQX5ajRfsc3g,AoxoMoRyxVIQlkiWNs4J8A,4QNd7NI0lji_5W74sGZgWQ,1.0,2018-11-16 17:17:49,"shopping carts filthy ! shameful ! ross does not allow their shopping to be cleaned but only  "" once a year "" !!",0,1,0
aZuaVbTxCwf3noi4-Q0O7Q,_tUW5hBCHwgYv3HEnih6pg,87S0AGlgY7HDU_KkTbMHHQ,3.0,2016-05-27 22:44:07,"I find this store takes a lot of patience and time in order to find something worthy of purchasing. It is a great place if you don't have anything specific in mind.  Not much to offer as far as customer service goes, since workers seem to be scarce, except at the dressing room area. They are strict on the amount of items you want to try on, and yes that bikini counts as two pieces.  Shoe prices vary from a great deal to over priced.",3,0,2
ZhX6tt4Q8RtmmWHweVd5mw,gzJBT0Bc5Ffyj1o4cKb1aA,oxJJ0N82GFZeBCxBi6vH1A,2.0,2012-05-31 20:01:38,"Most staff here isn't happy to be alive let alone to be at work.  There are a few people that flash a smile when entering or checking out, but they are rare and hard to find.  Items here are usually beat up and kind of dingy but lets me honest, it is SO fun looking for that diamond in the rough. Build some morale on staff and stock the shelves a little better and you're looking at a 4 star store.",2,1,1
7JdfiVm5hR1gHxjx0kWy-A,gzJBT0Bc5Ffyj1o4cKb1aA,zwS98cPMHu4BYAWYSPMQtQ,5.0,2021-10-02 17:34:59,"I am not a huge fan of Ross usually, but during my recent travel I stopped in with my sister and Kiana (i think I spelled it right) was AMAZING. She helped us to carry the mirror we purchased to our car. She was very friendly and kind and exceeded our expectations.",1,0,1
TawyieKFkkV-76yh4tVlUA,DG7rpt4xs_WAfIQUzCXvkQ,eGGHbN1It7j291gyQQh66Q,1.0,2019-09-05 03:41:27,"If I could give zero stars I would and not because of the clothes selection. What I witnessed tonight was unacceptable, and down right disgusting.  I was being checked out this evening and couldn't help but notice the lady next to me in a wheelchair trying to get her money back for a pair of shoes.  They not only made her wait  30 mins while checking everyone else out, but by  the time "" Jasmine "" came to the register she was nothing but rude, not listening to the customer she wouldn't even make eye contact with her.  This lady in the wheelchair was the sweetest lady just waiting her turn. No matter how rude Jasmine was she never raised her voice she was very pleasant.  As I watched this I had to say something. I said it very quietly asking her politely not to be rude to this lady.  She then told me to mind my own business and a lot more that's not even important. The rude things she said to me didn't make a difference. I just wanted them to take their time with her and show her respect. The customer service that I witnessed today should never happen. I don't care if it's because of race, disability you are to treat every human with respect. After waiting outside I kindly told the cops (yes they called the police on this sweet lady)  I explained exactly what happened in there. I for one will never let another human being treat someone with so much disrespect nor could I stand there in silence as it happened.  If this is the type of employees you keep on your team this will be the last time I ever shop here again. I cannot even put into words how appalled I am that a young person (your employee) would treat a customer like this and not only a customer a disabled one at that! And after being called out she just got nastier and ruder. I will be calling more and explaining this experience to every corporate person I can.  I'm disgusted and appalled by this behavior and this women deserves an apology!",0,0,0
kMO-uWKAT112zZGCRpQyyw,_tUW5hBCHwgYv3HEnih6pg,67-eXvw0LDHAXssi_oq0zw,2.0,2015-02-15 22:38:47,"Everytime I visit this Ross, I am disappointed. Is there a reason why it's always so empty? Are they closing soon? All of the shelves look empty and have random things thrown everywhere. Everyone is very friendly though, but I have seen a few employees texting all though that doesn't bother me too much.",0,1,0
uip9U5J1Gd7hBLOsfEzlwA,J4yMOljyWpF35VIGj2gVPA,ynGuNnkKtajGjW2CwH3mmw,5.0,2021-08-20 23:12:36,"Tonight I ran into Ross with intent to be in and out. I was able to do exactly that thanks to Dani!! Although they are extremely short staffed the girls at the counter are super polite and helpful. They also work well while under pressure which is always nice to see! I had an issue and they were so accommodating, very happy I stopped in!!",0,0,0
AiRFnxTvBhYnpQg_CuN6Wg,R0yS7JKOouL5_sHZhK_CKw,7-daAMnlIiRXxo5zTlXsLQ,3.0,2019-07-17 00:07:20,"I am a fan of Marshall's, TJ Max, and Home Goods. I guess had a lot of clothing for women, but that Is not why I go in there. I buy everything but clothing. Although I have made many purchases there I am not impressed with their level of inventory, plus this place looks like it hasn't been fully stocked yet. Also they never have high end items like Breville, All-Clad, Ralph Lauren drinking glasses, among other things. The store is clean but overall very empty. Look out Marshall's here I come.",1,0,0
C-mbWCv1ovc4jAcS5_Zn9Q,_tUW5hBCHwgYv3HEnih6pg,f8W2Qv9QosVaP-dRQwLEyw,4.0,2015-01-01 19:35:52,"This was the cleanest Ross that I have ever seen. I am still astounded by it. Friendly service, clean floors, clothes actually hung in the racks that correspond to their sizes.   They had a great selection of shoes including a bunch of doc martens and Steve maddens. Heck this store even had all of the shoes where they were supposed to be organized by size. Insane!  The kitchen area was what I came in here for and it was just as clean as the rest. I was very happy to find a 5 pack of bamboo utensils for under $4. Let alone nothing was broken or out of its packaging.   The staff was friendly and helpful. I was able to try on several pairs of shoes without the beeper tags tiring them together easily by asking and then they asked me if I needed additional pairs freed. So I was able to try on several ore pairs very easily.   Thanks for having such a customer centric store.",13,8,9
qQGXu0R9MO9lfh1FlR7PdQ,HYnVng9EYOckm4cp_2QPjQ,NiHToxa8Fzx5yM1NYAEgaw,3.0,2013-01-27 22:10:57,"If you're not expecting Macy's when you go in, you'll be fine. :)   Along the lines of Marshalls, TJ Maxx and Goodwill ;), you have Ross.  The selection can be hit or miss.  My cart is either empty, or overflowing.  Picked up a couple white elephant gifts for a couple bucks, and they were a big hit at the party.  I can also almost always find at least one dress to buy, and I'm not a dress person at all.  I think each location has its own specialties or strengths, so don't give up after one time, or after one store.  It's worth going back again a time or two to try it out.  TJ Maxx has a better selection of home goods around here, as does one Marshalls...the other one doesn't.",0,0,0
lBDQmGB-AbQcOoGVyBAcEQ,8t33UzQWLhDdOKQG9MBt9Q,mIM2MksPdKXSDOegsf5ZXA,1.0,2014-07-13 19:38:05,"Didn't appreciate that MOD would not give us a discount on an item that said ""2-piece"" and we only had one piece. Said that she could take our name abd if found someone will call us byt we had to pay full price. Will not be visiting this location anymore.",4,0,0
gDAO_-0eyJ-Bp30Io9BeJA,HYnVng9EYOckm4cp_2QPjQ,1VS1FGKEsPTMdO1Rn7QAJw,4.0,2013-04-10 18:41:23,"I really like Ross. I'm not from St. Louis and in my hometown we only had Ross. We didn't have Marshalls or TJ Maxx; just Ross. Ross is similar to these stores but it's also got some differences. I personally prefer it to these others.   I was really happy to see this one in Sunset Hills and even happier when I saw that there is one opening up in Wentzville. Super excited. Ross isn't my favorite store but it's nice to see after being without it for the last 4 years. It's familiar and I missed it.    Ross is a great option for affordable clothing. I recently left with 3 tops (Michael Stars, Michael Kors), 1 large giraffe print beach bag and a 5-pack of monkey-themed Carter onesies for my newest nephew.... all for about $35.00! I mean, really, you can't beat that. I really regret leaving behind a beautiful gold shimmer scarf by Calvin Klein for only 12.00 but as my husband loves to tell me, I can't have everything I want.   It's a great place for home goods; everything from dishes to mirrors to quality sheets. They have baby, kids, teens, mens, womens, and plus size clothing. They have pet supplies (including some really nice pet beds), luggage, sunglasses, jewelry, beauty products, handbags, shoes, and other accessories.   This one in particular is actually the cleanest Ross I have ever been to. It's bright and airy. The floor was clean and everything was arranged nicely. I didn't see a layer of dust on anything.   A few negatives;  -The fitting rooms are old/dark/dirty compared to the rest of the store. I can't remember what was in this location before Ross but I feel like these haven't been redone in a very long time.  -Even though this is a large store, there seemed to be a lot of empty floor space. I'm used to Ross just being absolutely full of stuff. That's kind of the fun part.. Looking through everything. This one, not so much. Then again, this is probably why it's so clean and bright so..... -I also didn't think the selection of designer was the best but there were some nice clothes, bags and shoes.",5,1,2
MYWVnQcGzwZjjCDOtwKtFQ,qqpMdHsQEmUZwFtEdp63AA,SXkbxv6WvqSPClS-9OziFQ,1.0,2017-06-17 17:02:21,"The cashier here is super rude, and unhelpful! We tried to return a dress for my wife that did not fit but we did not have the receipt we paid $16.99 and they wanted to give us $.49 cents because that's what they sell for, and we found the same dress still selling for the same price.",0,0,0
gsf7Wd8Om42JwSmZ7BYXYA,pYYNjwSs_pZbMaiBzZJU-Q,WGvF_H55RUOXLVKaXOWdPw,1.0,2015-06-09 00:27:53,"Well to start off, the dressing room attendant was quite the power tripper, thought she was god yelling at the customers to put their clothes on a certain rack? why do they even have someone working back there if they are not going to do any work?? and the loss prevention guy kept going into the girls dressing rooms and standing around like perverts.....i would not recommend this location if you care about customer service!!! DO NOT GO TO THIS LOCATION PLEASE",1,0,0
AH9t-d9pq90RjTt5fILieQ,OOpYM-E9jwpMP5pF3MVqgQ,Um5bfs5DH6eizgjH3xZsvg,2.0,2013-12-29 03:58:47,"I like shopping at Ross, but this Ross.. I don't even know what to say.   There was precious little in the way of organization of sizes, the store was an absolute mess. I know, it's just after Christmas, so that might account for some of it, but LORDY! Spend some of your valuable time out on the floor getting it spruced up.   I did buy a dress and a shirt for $30, so I can't truly complain, but really... this place was a disaster, especially in their check out area.",0,1,0
NgY1skYdtuPONjdSrow3pg,c4Ga5mqXZzzQOXYylbSMkA,wyTgqlmSOkQ9S2I8yn_lOw,3.0,2017-01-03 06:11:44,"I shop here a lot.  It is really the only place you can grab something quick and get fair prices and avoid down town State Street shopping.  The place is hit and miss and usually a bit messy.  The holidays were a joke;  extremely long lines, very unhappy cashiers and dressing room workers.  I recently went and found a sign in the window CASH only.  I bounce back between the SB and Goleta store and they both need work on customer service.",0,0,0
U74aWkKwMSPWeVruar-5kQ,qqpMdHsQEmUZwFtEdp63AA,iT7AsxbMViq2kWRxqgB15w,4.0,2017-04-19 19:04:02,Love this Ross. As usual you walk in looking for something completely different then what you walk out with. I got the best spring summer dresses from the clearance section.,1,0,0
t-Ndfafs0a6H75ijYYl5Hg,dqJ1121ixqjegjE3B5rMnA,kA6H0FTukkmTXv5H3S9XCg,4.0,2017-12-02 23:57:04,"Hands down has got to be the best Ross in the Tucson area. Visited on a Saturday, midday and not flooded with rude patrons or crazy lines winding around the store. Instead, there we're shopping carts available, things were neatly organized, store associates were available and ready to help, and best of all the line was super short and there was only two registers open.   My main purpose in going in was to find some vases to put some previously purchased flower arrangements in. I was happy to find two matching ones and even received 20% off one because it was slightly bent out of shape.  Stuff was neatly organized and you could actually walk through the aisles without trampling over thrown items or crowded with people. They lost 1 star because I felt there toddler clothing was limited.",0,0,0
CTnZIk8aC-JPDLtrDYKw2A,c4Ga5mqXZzzQOXYylbSMkA,gyYv2pJvt_14wSLGNg2wsA,5.0,2010-07-10 04:46:07,I visit this place at least a few times every couple months. Reliable for home wares for those with a tight budget.  I always end up spending an hour here going through everything and coming out with 5 more things that I didn't know i was missing.   New store in Goleta opens Friday 16th! Super excited!!!,0,0,1
gy2a-A8vTLdlfYxVnbpobQ,JzrwB91Q3QQXsA31qFILhg,iK-bjhh1GjHKlWb-HHrAJw,3.0,2015-05-27 02:52:08,"Good selection  n prices,always closes early thou says 11 pm. Kick  u out at 10:25 pm.?,rude.workers.all the  time!",0,0,0
LgHIbQd20SH8JxZo7sjRUQ,q92IcfNdr392c_XlxASh1A,IsSAN8LbZDzAv8d5xfre5g,1.0,2018-05-30 04:34:57,Terrible. Messy store all the time. Food.is old and stale  Should not be at clothes store. Messy toy isle and broken too.   Save the headache and go elsewhere quick!,0,0,0
HCJLy1fI_pEKLrml8r-BHQ,8t33UzQWLhDdOKQG9MBt9Q,Fk82SScAmXLxByMq_akXWA,3.0,2014-09-11 17:25:40,"I like to shop at Ross.  It's like a scavenger hunt for bargains.  This location is hit or miss.  Sometimes they have a good selection, sometimes it's meh.  It's fairly clean and well kept up.  Staff is average to decent.  Much better store than Cheltenham, which is poor and poorly stocked.  It's the closest one though.  I've been to better ones and been to worse (see Cheltenham).",2,0,0
xnbUxUFMmITbjAI-oHwtLg,q92IcfNdr392c_XlxASh1A,zdmgX3KCWjoG8dYR2zbqtQ,1.0,2016-02-12 20:33:52,"If you're thinking of child care before shopping here, don't bother, kids are roaming like herds.  I even listened as someone was playing a movie in the dressing room stall next door while mom shopped.  If you are brave enough to fight your way through the aisles, you'll find a large selection of clothes on the floor to sort through since it appears this place is never picked up.  Be sure to check the actual garment's tag as the hangar is typically off by two sizes.    Once you have your selections in hand, proceed to the dressing room. Check in with the nice young lady for the number of garments card & be sure to verify your Plain Jane stall actually has a latch installed.  If not, enlist previously mentioned small army of children to pull guard duty.    Once you've found THE one garment that fits out of your 37 selections, move on to the stupendously long line to pay.  Thankfully that part is pretty painless once you get to the register.  Finally, gird your loins & brace for impact as you attempt to leave the ultimate in international speedway style parking lots, brakes optional.  Good luck.",2,3,0
DlwJQhPspPtYME3VKvJL5w,HYnVng9EYOckm4cp_2QPjQ,rTKK_-3W3gIQEohj0QSFWA,2.0,2016-05-19 22:18:41,"I have stopped into browse Ross several times and I end up leaving disappointed most of the time, the store is heavily focused towards women, and offers an extremely limited selection of men's wear. I will admit that I have purchased serval items here, mostly home or pet related, and I will say that the prices are very reasonable and the staff has been friendly.   Overall I am sure that others may find what they are looking for here, however for me the store is average at best.",0,0,0
fwjsPsndi5qiMBJv9J599Q,c4Ga5mqXZzzQOXYylbSMkA,WBmqTb2IrJu9_nIWgZu21g,3.0,2007-07-02 16:02:03,"Overwhelming with clothes and shoes all over the floors.  In the junior's section, which I am too old for, but like to peruse anyway, the clothes racks are double decker.  It's crazy! They don't make em that way in Atlanta.  Too many small unattended children underfoot as well.  Not a fufilling shopping experience, but I did get some cute cheap Pumas.",1,0,1
qEzND3VGn7wWMGWRnC6iKw,q92IcfNdr392c_XlxASh1A,w_OXUiqhP8hXZsBV77AMRg,1.0,2014-01-01 00:04:24,why is there such long lines ? if there s three cashiers and one guy standing by the door checking your bag's and purse's making sure you don't steal anything.,0,3,0
V7vdsA11ccz_56uvEjM-LQ,c4Ga5mqXZzzQOXYylbSMkA,OGWKmoaM9BbHZZuL096cXw,2.0,2013-02-27 09:42:50,"Stressful, disorganized, so-so pricing and sub-part customer service.  I have been here five times (sometimes for hours at a time).  Have landed only two really good finds (e.g. $70 athletic shirt for $20) and a pair of very cute shoes.  However, there is no full-length mirror in the shoe dept and they will not let you take shoes into the dressing room.  You have to stand at a mirror at the entrance to the men's dressing room to try on shoes in front of everyone while looking into the men's fitting room.  What kind of weird ""how badly do you you want those"" torture is this?  So weird.  The best part of the store is the housewares dept.  Have gotten some bakeware there that worked out very well.  The staff are not very friendly, they mostly seem over worked or unappreciated or both. Makes me sad. I don't think it's the people, I think it's the place (maybe the management).  Seem like good people.  Anyway, I often leave here stressed out and not overly happy with my purchases.  Will go back for housewares.",0,1,0
F_LGHL6r2U_kSfEYN4m6pg,8t33UzQWLhDdOKQG9MBt9Q,gr21D6PGzkZDH-Agn7fHyw,1.0,2017-11-20 01:51:19,"Visited this store early last Saturday.. only a few ppl in the store and one cashier. It seems when it's busy there are two lines-1. Regular check out 2. Returns/exchanges. Being that there is only one cashier, she should have only utilized the regular line and direct customers who walked in the returns line to use the regular line.   I was third in the regular line and during my wait a couple of people got in the returns line. When it came to my turn to checkout, I was direct by the black cashier(she wouldn't give her name) to wait so she could service this white lady. The white lady knew she was wrong and looked and said I only have a few things. Not the point. Fair is fair. When I addressed this issue with the manager, she nodded and made comments about the weather.   I hate poor customer service and it was demonstrated at this store. Neither the employer nor the manager cared about my concern. Of course I didn't purchase my items and I will never go back.",1,0,0
GJMWsEA8VtslqOZGyui04A,OOpYM-E9jwpMP5pF3MVqgQ,n0JjbhmSsqGvrBFIK43PkA,1.0,2018-08-16 23:53:06,"My cashier, Giovanni was incredibly rude. Smacking her gum in her mouth while ringing me up. Carrying on a conversation with Matthew the ""loss prevention"" the manager Carissa isn't much help either. An air head if you ask me. Giovanni was just rude in general. The loss prevention was only watching people of color. I watched an older white lady steal while Matthew was watching a young black couple. Carissa and David(another loss prevention)were flirting and not doing their jobs. The line was long as heck and Carissa was just flirting away. This store hires awful cashiers. Clean store. I like the women Gerri in the fitting room she was very pleasant. Other than her I hate this Ross.",0,0,0
6BLTweWGJ6Mk7igEqaeBVQ,qqpMdHsQEmUZwFtEdp63AA,vRAiJEeZZgtsSaPbAnGQ2Q,1.0,2014-08-13 05:16:11,"Store location:  5550 E Grant Road Tucson, AZ 85712 Store #: 1152 Store Manager: Edgar Store Supervisor: Sherrie Cashier: Janese Date/time: 2014.08.12 7:15pm  Their customer service skill was extremely lacking. My mother tried to return/buy back the item she bought and was treated with disgusting lack of manner, the supervisor (mexican woman) insisted that she could not let my mother return/buy back her one item. We decided to go to another store and we were treated with friendliness and was able to do so with no problem.  Both the cashier and supervisor lack even the most basic human common sense and are beyond the help of any CS training or any education. They are certainly not fit to even interact with the rest of the civilized society.",2,1,0
uDI2iYyp8N0UaAmHEETFhg,pYYNjwSs_pZbMaiBzZJU-Q,ysbB1_X7L7qvtHy0bomhmg,5.0,2015-11-23 21:30:56,"I love this store! I have bought here my 2 favorite pair of boots, I'm wearing one of them today, btw... and they were around 35 dlls... just because they did not sell in the original store... AND one of my favorite leggings was bout here for like $4.  Some stuff may be a little bit too expensive for me, like 200 dlls for a pair of pants, but still, imagine their scary original price.   I go there mainly for the footware, hubby goes for the jackets and jeans... we love it!",0,0,0
Ks6DAcg6xp4Ob0n9uMuR7g,dqJ1121ixqjegjE3B5rMnA,kA6H0FTukkmTXv5H3S9XCg,4.0,2017-12-06 15:36:44,"Hands down has got to be the best Ross in the Tucson area. Visited on a Saturday, midday and not flooded with rude patrons or crazy lines winding around the store. Instead, there we're shopping carts available, things were neatly organized, store associates were available and ready to help, and best of all the line was super short and there was only two registers open.   My main purpose in going in was to find some vases to put some previously purchased flower arrangements in. I was happy to find two matching ones and even received 20% off one because it was slightly bent out of shape.  Stuff was neatly organized and you could actually walk through the aisles without trampling over thrown items or crowded with people. They lost 1 star because I felt there toddler clothing was limited.",1,0,0
2UjGkp2K5dDBXS2QEvgjnQ,8t33UzQWLhDdOKQG9MBt9Q,D2Oj0HPSY4MjK2_VTYgnRw,4.0,2012-06-03 12:35:46,"I am giving this Ross location high marks for women's dresses alone. There are racks of dresses that you can't miss upon arrival and while, yes, you certainly have to pick through the racks, 9 times out of 10 I walk out with at least one piece I am really stoked about.  I always check Ross first if I am in need of a new work dress or an outfit to wear out. The prices are super reasonable, so I can justify a quick splurge. They have a large supply of Calvin Klein and a few other cheaper brands that product the trendier styles perfect for purchase there because it's much cheaper than a department store.   The rest of the store is agreeably sub par. I have found household items I need (decorative plant pots, a bathroom throw rug, etc.) But compared to Marshalls (Doylestown) or some of the nicer TJ Maxx locations (go to the one on Lancaster Ave!), they have a terrible shoe and handbag selection.   The absolute worst thing about this location is the check out. They never ever ever seem to have enough staff on hand and there are always lines, even at an ""off"" hour of the day. They need to revamp that process because I have actually put back that one dress I found and left empty handed because they lines were redic.   So, ladies, if you need a dress then go here first! Chances are you will find one for under $40, and then you'll spend more on the rest of your outfit elsewhere...shoes, jewelry and a new pair of Spanx. :)",1,0,0
GFSxsfvHU9yVmsb_488g3Q,JzrwB91Q3QQXsA31qFILhg,WrhHPJnasnHPLJNBz9bHpw,4.0,2018-03-17 17:18:30,"Pretty good location,  nice variety of clothes ,employees are helpful and always willing to assist .",0,0,0
VvO3yUjvyxd-Dsqhg4n7jg,2jY1cZxE9_RFAJQXQZ62cg,I4cfBoRWEhB90HBdjh8z5Q,3.0,2017-02-11 14:46:10,"My wife and I have been fans of Ross stores for a long time. This one is nice and quiet, but a bit sparse. Maybe they still haven't recovered from Christmas season. Other than that no complaints. If you like short shopping trips, this is the place for you.",1,1,0
ZOASGDVt7mx8anhZllm1Vg,JzrwB91Q3QQXsA31qFILhg,ei3O4gS4YaEfQW2vpDdYkA,3.0,2016-06-02 01:33:44,"I've always been a fan of Ross. This particular one can be a bit sparse, though, when it comes to their men's selections. Women's dresses are in abundance atleast.   I also found a lot of empty boxes while sifting through the accessories. I know it's odds and ends, but, really? I otherwise wish you a happy shopping trip.",0,0,0
VpLclxvNzxCBM8oIDFxe8w,pYYNjwSs_pZbMaiBzZJU-Q,JUT0U3HTSB3kz9Wh7N0GqA,3.0,2012-03-08 07:29:39,"And no shoes, Jennifer E is right. Read up from the bottom and you'll see that the times they are a changin'. Maybe product ebbs and flows and it's a weird off-peak time right now? Or maybe there are so many locations in Tucson the demand is up? Whatever the case, I'm not certain I'll return for the usual things I always had luck finding.",1,2,0
bdbyq-nXjn1TmA1fER8NXQ,OOpYM-E9jwpMP5pF3MVqgQ,Q6xZi7HkyDEvB-cjsUziag,3.0,2011-08-05 00:51:11,Simply two long lines and they didnt consider opening another register.,0,0,0
kn3AM7peQvHfJsRikyzQoA,JzrwB91Q3QQXsA31qFILhg,6pbNMgTnSYrtPHDN07IXwA,3.0,2017-07-31 19:00:17,There is plenty of parking at this strip mall location.   It's located right on busy McDade Ave.  There were a lot of empty spaces which made me worry that they needed more stock.  I found a couple of cool things.  Will I be back? yes,4,0,0
BEWQ5Qed1us5gt50vVeA_Q,OOpYM-E9jwpMP5pF3MVqgQ,n0JjbhmSsqGvrBFIK43PkA,1.0,2018-10-01 02:34:35,"My cashier, Giovanni was incredibly rude. Smacking her gum in her mouth while ringing me up. Carrying on a conversation with Matthew the loss prevention the manager Carissa isn't much help either. An air head if you ask me. Giovanni was just rude in general. The loss prevention was only watching people of color. I watched an older white lady steal while Matthew was watching a young black couple. Carissa and David another loss preventionwere flirting and not doing their jobs. The line was long as heck and Carissa was just flirting away. This store hires awful cashiers. Clean store. I like the women Gerri in the fitting room she was very pleasant. Other than her I hate this Ross.   Wanted to update this I went back to this store today and had a very pleasant experience with Kassie the new store manager and Ash at the check out. Kassie helped me find several items. Ash I think her real name is Ashley was very fast and friendly the fastest cashier there. We had a quick conversation and it was next customer time  those two ladies know how to do a job.",0,0,0
CrwaSZEqyrzS6rWrE0RABA,8t33UzQWLhDdOKQG9MBt9Q,C-uaST57XsYVlG_Y2o_w6g,1.0,2015-04-08 01:09:18,Awful customer service. Particularly the supervisor Maria. Maria was not helpful and was not solution oriented. She had an attitude and didn't seem to care for customer satisfaction at all. Will not return to any Ross due to this experience.,2,0,0
DGntamd541EZro4ENh2P1A,OOpYM-E9jwpMP5pF3MVqgQ,AaHfldSosYA_kghB-M2F8A,3.0,2018-06-28 19:50:56,"This Ross is packed! Both with shoppers and items. I like that there is a wide selection here, other Ross locations always look like they are going out of business, such low inventory!  I visited recently after avoiding this location for awhile after a rude manager experience. I'm not sure if she is still there, but the cashier I had today was very friendly.  Another negative, the music is so loud! I felt really overwhelmed while shopping, but there were a lot of people shopping around me and talking, so that contributed to the noise factor.",2,0,0
aSxEpcrmQ9XZeZqu1RjzAA,hpphItQ51PZrmtFVLkCNCA,I4cfBoRWEhB90HBdjh8z5Q,3.0,2017-03-30 20:16:57,"This is one of the emptiest Ross stores I've ever been to. And I've been to a lot of Ross stores (ask my wife). Usually I can expect to spend a lot of time with my wife in the shoe section, but the shelves were quite bare. We were barely in the store for 10 minutes. You know... maybe this isn't such a bad Ross after all...",2,3,1
J_fsxC-CAoEmsfY8s3u8Gw,pYYNjwSs_pZbMaiBzZJU-Q,tysFdnnFa72xumJ-oIQbTA,2.0,2017-02-02 20:07:10,I try to avoid coming to the Ross because I always have to wait to check out! I don't mean s short wait either. I've just now been waiting over 10 minutes to buy one item. Avoid if you're in any kind of hurry!,0,0,0
EyNEuLiN6i89c0pFg6jopg,8t33UzQWLhDdOKQG9MBt9Q,eSWQZG30kYuB-FopzeasMg,1.0,2016-04-04 00:25:15,"Manager ""maria"" is by far the worst manager ever, i witnessed a lady drop her cup of coffee on the floor (accidents happen, nothing you can do about it) and when Maria came to clean it up, she looked at, and ask her employees in the most ignorant way ""which customer is responsible for this mess"" &. guess what the employee responded, ""that white girl over there"" (ITS 2016!!! I didnt know we still referred to people by their skin color) but aside from calling her a white girl, the manager proceeded to tell the girl that she needs to learn to hold a cup. HA. Im so confused as to how that manager still has a job. She proceeded to clean the mess with the worst attitude ever. Made my night. Thanks for the entertainment Ross.",2,2,0
uFVWfFkqHJCD-tGKBUsjSQ,pYYNjwSs_pZbMaiBzZJU-Q,VAp8XyPBGImtVkjuVmz_JQ,4.0,2009-03-21 14:56:19,"Heres the thing with ross: you have to have your game face on.  You cannot go in there for casual browsing or you'll freak out and punch someone else's screaming kid.  But if you know what youre there for (baby clothes, slutty tops, shoes for work, skater brand tshirts) you can get some massively good deals. Until yesterday i was strongly considering letting my 9mo old walk around in a diaper only until she reaches a more stable size.  I just hate spending so much money on little baby outfits that she cant fit into in a month.  Thanks to Ross, its no big deal.  I can spend $2 on a dress, thats cool.   Also, i'd never in my life by a name brand tshirt.  ever. but my husband thinks they are cute. he likes the little skater/surfer brands.  So since ross sells those shirts for 5-9$, i'll buy them for him.   Put on your big girl panties and you'll get some crap done in Ross, i promise.",2,6,1
n5fPlNUI3IoKeR7mut0Shw,8t33UzQWLhDdOKQG9MBt9Q,T6Yv-YFQ3HTqhuNhCBNTTA,1.0,2015-09-05 16:16:04,"If I could give this Ross no stars, I absolutely would. Literally 30 customers in line with over 10 items and only one miserable cashier. Sometimes there's some good finds, but an hour wait to purchase? Not worth it at all. Also, the store is dirty.",0,0,1
ZIk0Myvj-xUbFGiFVjcnkA,pYYNjwSs_pZbMaiBzZJU-Q,JUT0U3HTSB3kz9Wh7N0GqA,3.0,2012-02-15 04:29:27,"No rolling pin.  No yoga mat.  No microplane.   What's happened to you Ross El Con? When you first opened I had so much love to give for your neat and organized shelves, stocked with the one off items that plagued my ""must get but don't want to spend gobs on"" list, but now the inside is like a poor reflection of the dumpiness that's going on outside at the property. Maybe I'll head down I19 to Irvington, that's the next closest.",6,1,0
Q4CAyTIus4IBlca2oVXiOQ,OOpYM-E9jwpMP5pF3MVqgQ,5bOwdx3kUmxtDVcTD4zhQw,3.0,2012-12-20 18:39:20,"It's Ross.  The Walmart of discount outlets.  Snagged a $10 pair of slacks, so, it serves its purpose!",0,1,0
TXbjphqKjraXHBOD2vaSRQ,pYYNjwSs_pZbMaiBzZJU-Q,PlWN_4cIqYfjT8CkS6aWRg,3.0,2012-08-29 14:04:31,"Ross isn't the most organized store, but I can generally find good deals.  Recently I got a great quality yoga mat for 10 bucks! score!",0,0,0
MqigVxH2yxHKY8pEIdC9dg,8t33UzQWLhDdOKQG9MBt9Q,_-o4AuWL2tHoYhs4JSKIvw,2.0,2016-10-22 11:37:59,Customer service is not in their vocabulary. They are very rude and makes you not want to shop there. The clothes are nice but they need to restock their shoes.,1,1,1
7al3ucb8cpwVdC8nutil5Q,yrSInKbQE6muPNpBNU0USw,mivYt-sr0OyYsnwpLFuXDg,3.0,2014-05-14 20:04:59,This particular Ross is a little less organized and didn't have a lot of merchandise to sell. I was a little disappointed that the inventory was so low. The children's clothing was not arranged by size you had to do a lot of searching in order to find what you were looking for and the women's lingerie department was exactly the same. The store was clean and the personnel were friendly but they definitely need more items to sell.,2,1,1
vl-qGEy45anFfcqc9dvJwA,c4Ga5mqXZzzQOXYylbSMkA,2l0O1EI1m0yWjFo2zSt71w,4.0,2010-06-08 18:09:51,"When my sister declared that she left a whole bunch of her underwear at home (Monterey) I was on a mission to find her a new panty wardrobe while she was taking her final.  I thought, quick and affordable... Target!  Only because VS charges 3 for $30 for their lace thong and Tarjay offers a comparable one 5 for $20.  You do the math.    Then I realized why I never got into Tarjay until I moved to Denver in 2005.  I wasn't into discount anything nor had I stepped foot into a Walmart ever for that matter but when you don't have money or cute shops to go to you become accustomed to these type of places.  Anyways, I realized the closest Target to SB was either backtracking to Santa Maria or heading south to Ventura.  Um not so much so Rossi's it was.  My mission of picking up 5 or so small pieces of cloth to cover my sister crotch became an hour of shopping bliss.  I went to town on leather flipflops galore, purple rugs, fish bowls, fish plates, tops to sleep in etc... No I'm not kidding, sterling silver earrings, comfort cover with matching decorative pillows and even Dr. Scholl's clogs (although yellow and plastic or something, I can garden in them right (question mark).  I actually went twice last night, yeah I'm that nuts.  The staff was very kind and helpful (when I needed help opening the jewelry cases) and a few looked familiar.  Loyalty.  I remember them from when I attended UCSB from 1998-2002... no joke!  Although I used to be a brand name whore (can't afford it anymore and I'm fine with that, you still can find BCBG, Ralph Lauren, Quiksilver etc...if you look hard and if you are a student this is a mecca for finding cheap good quality bed sheets, bath towels, bikinis (I've bought VIX, Roxy, Raisins and more here in the past), laundry hampers, headphones, pillows, down comforters... you name it, they might just have it!",10,9,5
zYkII7h5e_HodrOLc94OYw,GCjEGpVWgtJtRRSBuidRJA,UjzOSjzFFgoCLegI98G7hQ,4.0,2016-11-17 21:41:12,"Oh, Ross is now in Indy.  My sister will love this.  Opened on Oct. 8, but not having a grand opening celebration / special.  Little sad.    Typ. Ross.  Looked around.  They have unique food.",1,1,1
qHLbzWGB_XYeMMbr5zZRtA,OOpYM-E9jwpMP5pF3MVqgQ,5n0RBj3XssnMSpc9wpnAkQ,1.0,2016-09-12 03:32:37,"am absolutely shocked and saddened to report that my first experience of shopping at @rossdressforless was one of the WORST of my entire life. The assistant store manager, Elizabeth was so incredibly disrespectful that I am actually taking the time to write this as well as a long letter of complaint to the corporation.  I'm a nurse and new to the Tampa Bay Area. My coworkers had recommended Ross to me as an affordable  alternative to Home Goods, which I love. Unfortunately it ended up becoming a nightmare when I forgot an $8 pillow at the register and decided to call back even though I didn't have my receipt. Elizabeth told me to come in and said she remembered a customer leaving a pillow, but when I was there in person she basically called me a liar and was so rude and inappropriate that I literally took a step back in shock. After she accused me of lying, she then added, ""I did speak to a customer on the phone about a pillow but it wasn't you"" and ""I see plenty of customers every day and I've never seen you before."" I was willing to count my losses and forget the pillow- after all, it was only $7.99- but I cannot and will not forget the way I was disrespected. And by an assistant store manager at that! If this is the way managers at Ross treat their customers I want nothing to do with this place. I'd much rather spend my money at a cleaner, nicer place where I'm treated with respect and dignity. I guess you get what you pay for. I will be telling everyone I know not to shop here. And oh, that's right...I never got my p",1,2,0
htqZkKH4B1ZaYcQpXJ7yhg,HYnVng9EYOckm4cp_2QPjQ,gHiL0fB1TL-5IWRGssdvIQ,1.0,2017-04-16 04:13:13,The bathrooms smelled so bad and I waited about 20 minutes to look at bracelets behind the counter. It was close to closing time but still was not time to close. The girl just kept looking back at me and didn't say anything. I was so fed up I just put my stuff on the counter and walked out. Will not be going back to this location ever again and Ross is one of my favorite stores love finding bargains.,0,0,0
wRenUCtxIOqMX52dABG5zg,EI94VsRztUbpgHsb7LqX2w,Um5bfs5DH6eizgjH3xZsvg,3.0,2014-01-25 04:39:36,"It's a nice Ross, not as ... unorganized as some.  They have a decent selection of clothing, some nice home goods. I can usually find something unusual where ever I go. And this one wasn't any different there.  I ended up walking away with a new dress, some pretty lingerie and of course some jeans. I absolutely love Ross.",2,1,2
6Uq1F5xLpLp6eM0pZ-n_wQ,GCjEGpVWgtJtRRSBuidRJA,h7i2y-jc52oEgtI2zU8IwQ,2.0,2016-11-16 21:56:32,"Nope! Not for me! Everything seemed like it was made cheaply, so nothing really tickled my fancy. The prices were too high for how poorly made the items seemed to be. I wouldn't have paid the price marked on any item in this store.",0,0,0
qrcUDJEd8Z63oNuOLk7-IA,q92IcfNdr392c_XlxASh1A,ZwV5N-8z8AEeR9nYbOncYg,1.0,2018-03-23 04:24:27,"What is going on in this store? By the looks of it, it does not look like management has a control of this chaotic but circus like atmosphere. Yes, I understand that it's impossible to have it cleaned because of the amount of traffic but damn, if you guys work with more urgency to help customers in line, you would have more time to utilize organizing productively. The short female manager had an attitude with me when I tried to return a bagpack. I had a receipt and she tried explaining to me that it was fake... Ugggghhhh! Girl  Really! but kept insisting that Ross didn't carry that brand. It took me 10 minutes arguing with this person who unfortunately is in charge but no clue to what she is doing and what the store carries in inventory. I had to step aside and look for the same bagpack in the store to prove to this MANAGER that Ross sells it. Then as she approved the transaction, she said something in her frog like voice as she walked away. Don't go to this store unless you already have a bad day!",0,0,0
EEaCXlUqwIlLFqwJS98WaA,c4Ga5mqXZzzQOXYylbSMkA,rTyn3YHLhXyIJwRfqeRxEg,3.0,2015-01-02 16:30:25,"Went here for after Christmas shopping the other day with my mom and my sister.  Ross is definitely good for a few laughs.  I think my sister found some shoes that she likes.  Sanuks. Prices are good, but as others have noted the goods can vary quite a bit.",0,0,0
aeWn0MWp_I4Hc8JRE5zfOQ,OOpYM-E9jwpMP5pF3MVqgQ,JSzIwMqdSI74_ztnbWzsEA,3.0,2014-07-08 19:10:53,"The problems that this particular Ross has are in no way the fault of the store. In reality it's the patrons. They must assume that because it's in Citrus Park that's it's swanky or something, but it's actually the same crap as any Ross store, except nicely organized, not dropped or damaged stuff. I was in this store when a fire broke out. We were orderly ushered to the doors while the kids who started the fire grabbed what they could and jumped into their getaway car outside. Too shocked that someone would actually steal from Ross with their already low prices I was unable to grab the greasy kids as they ran past me. I'll always regret not having my boot in their path, but certainly hope they were punished to the full extent of the law. Security presence certainly helps, I mean how much more can they possibly spend protecting five dollar shirts and ten dollar dresses?",3,5,1
G922PEY0zuuuhYEoZYlcFQ,pYYNjwSs_pZbMaiBzZJU-Q,olKHTqB0pydLHO3pnOFZcQ,5.0,2011-06-16 04:02:08,"I always find all sorts of goods here for fantastic prices. This place beats going to the secondhand stores who would charge you the same price for used clothes.  I have found 10ft. X 6ft. Rugs there for $15, brand name shoes for $10, and other brands for good prices too.",1,0,0
AHyh_IiU30h03xM8ib0Kxg,OOpYM-E9jwpMP5pF3MVqgQ,ICLJvx2aUaedy3DOPmlG4A,1.0,2015-01-14 03:21:04,"The dressing room attendant Diane called me ""uppity.""  Does she realize I'm shopping at Ross?",0,1,0
VVqO0j2un_MRixSWk9Ow_g,OOpYM-E9jwpMP5pF3MVqgQ,Hqh3__TgG8hNSGnnmuEYhQ,4.0,2016-07-10 18:29:12,"Out of all the Ross stores I have been to in Tampa bay this one is the biggest, most organized, and clean. Their home selection is very wide and they have many different things to choose from. I will come to this one from now on instead of the others. Better than the one off north dale Mabry in the same plaza as target.",0,0,2
rnglP_duhAB-GDnUlP1Khg,pYYNjwSs_pZbMaiBzZJU-Q,mw6qAGwllm9QCUsAFGDs7Q,1.0,2016-12-16 20:31:53,"Great selection, good prices--but there's two cashiers and 50 people in line currently. There's more security people than cashiers. Very frustrating.",0,0,0
TxlJ5lwK_TCdxmUFIA6JyQ,GCjEGpVWgtJtRRSBuidRJA,OIDpKC2p61qVO_spPqw1qA,3.0,2018-04-09 21:23:55,"This Ross is your typical Ross, so if you've been to a Ross, you'll know what to expect.   This location is convenient because it's located in the same shopping center as a Trader Joe's, which is nice! However, this Ross is a little bare bones. There doesn't seem to be as many different kinds of clothes on the racks. That being said, I was able to find what I needed in about 10 minutes, and I was in and out in no time. (Which is great for me, a person who does not enjoy shopping for clothing.)   The person who rang me up was super efficient and on her A-game, which I appreciated. Overall, this Ross is A-OK!",2,1,1
eceVJVbI9NfGlVYj7I0lxQ,EI94VsRztUbpgHsb7LqX2w,HwTpjgAlauwFKDNv87U76Q,2.0,2017-02-02 19:10:09,Where is everything??? Not a lot to choose from so you won't be in this one very long.  I only had to return did anyway so no biggie...,0,0,0
7fsauuMxpafOMzueQdhDgA,8t33UzQWLhDdOKQG9MBt9Q,v30lltDFuDUEqBR4kQ_53A,1.0,2015-05-23 14:42:43,"I like the fact that you can find a lot of beautiful dresses here, BUT costumer service is sooooo RUDE, I was shocked! No respect for costumers at ALL!!!!",1,0,0
akNml0RPygWrw0TPUVtMLw,OOpYM-E9jwpMP5pF3MVqgQ,kDHdOGNbJIc3wR2UpV21vg,1.0,2017-03-12 03:26:40,"I must start off by saying the Ross is one of my favorite stores to shop at. HOWEVER, I am APPALLED by this particular location. I went in tonight it was about 9pm. I browsed through their clothes and found 3 items. I was very pleased with their selection, as the one closer to my house does not have much. I took the clothes (2 shirts and a pair of pants) back to the fitting room. There were 2 ladies back there talking and one of them came up to me and asked how many items I had. I said 3 and while she was reaching for a number placard, the other lady, named Esther yelled over to me to hang my clothes up. I thought that SHE thought I was giving them to her to put back so I said ""oh no I want to try them on"" Mind you I have NEVER been asked to hang my clothes up. She very rudely told me ""I know what you want to do and you need to hang them so we can count them"" I ultimately told her to just forget it and that she did not have to be rude. I proceeded to the front to tell the manager who basically said nothing but asked if I could describe the woman and asked if I wanted her to put my clothes back, no sorry no nothing. I understand that working in a department store can be a bit frustrating at times but none the less, it is still a job and should be done with at least some respect to the customer that is spending money there. I will be calling the district manager on Monday regarding their store and will never step foot in this one again.",0,0,0
HiCQ9VbREXGOUCQsevqk9w,hpphItQ51PZrmtFVLkCNCA,nOYYEzs9YCause69YMLewg,3.0,2017-01-27 17:01:36,"I love Ross Dress for Less! But, when I go, I am usually most excited about the shoes. And, to put it plainly, they didn't have many. The women's shoe shelves were bare. I would say about 90% empty, which is unusual where I live in Florida. I was just visiting New Jersey so I'm not sure if this is their norm. I know it's after the holidays but its almost February. Where are the shoes? Other than that, it's a typical Ross store with great prices.",0,0,0
faCoyQDXaotlNaH9MLcqBA,q92IcfNdr392c_XlxASh1A,dLqqoqayWNAMbZKJRM_5rA,1.0,2014-08-22 16:59:00,"HUGE issue with this store. I spent an hour and a half of MY strictly planned out time going through aisles picking out clothes for myself, and when I get to the dressing room I am told I cannot go in with my child in her car seat attached to the cart. I am told I have to not only go back and forth for my clothes (typical rule) but I need to lug my 7 month old and her carrier back to a room first. Now, you may not think this is a big deal -- but I am.5 foot nothing 100lbs -- this is not just a simple task for me. Approached the manager and he would not budge on this. I am a mother of 2 and never have a been denied this, alone yes, but never when I have either of my babies... I feel it's just a complete inconvenience on a customer who does not have time to waste as it is! They lost my money, and my service. I set all things down and walked right next door to MARSHALLS where I am now in a fitting room, with my child in the cart! Thanks ross for my wasted morning. 1 star isn't even deserved here but since it's the only choice I'll give it to you.",2,1,0
5M94tkZ4vFhI_yRGe55JaQ,OOpYM-E9jwpMP5pF3MVqgQ,vALpp2IgoeeyiRoH1qRMuQ,3.0,2014-05-23 21:15:50,"I'm somewhat of a bargain shopper...so I frequent these stores for good finds. Sometimes I can find the Hawaiian Host Macadamia Chocolates that I grew up eating for a reasonable price or a nice gourmet coffee.   The areas of the store I frequent are gourmet foods, home, and beauty.   I don't really like the clothes or shoes in Ross, so I rarely bother going through clothing there unless I'm looking for something specific and I'm on a hunt.  During Christmas I buy toys in Ross. It's such a pain to get price tags off of the items...I almost think they don't want you to buy gifts for anyone.   Not all Ross stores are created equal. There are a few that are open until 10:30 PM now and this is one of them. You'll go to others (on the other side of town) and they can close as early as 8 PM during the regular shopping season. This one is not the most organized, but it's not terrible.",0,0,0
zjL8Uzb86vMw6mmXxYekUw,HYnVng9EYOckm4cp_2QPjQ,mR6zlGK5I-MZeyD1y_KHjA,4.0,2013-03-02 03:31:22,I love Ross and first found them in Las Vegas so was very excited when they moved to St Louis.   I actually live closer to the Chesterfield Commons one but of the two stores I have to say I like this one better.  The merchandise is just better and they have more of a selection at this store.  Ross tends to stock for the area it is in.   I found a beautiful Jones NY sweater valued at about $118 for $39 and my friend found some Michael Korrs jeans for less than $20.   You certainly have to look.  My biggest complaint is all the Ross stores here are higher than the ones on the strip price wise and the one in Chesterfield seems to have a very limited selection.   I do however think the Chesterfield store is more well organized and looks a bit cleaner but I think that is the building they are in on Lindbergh more than anything.   I love Ross and up until they moved her I saved my pennies to shop in Vegas.   I always found great stuff.  Its a lot like TJ Maxx or Marshalls but to me better and I do like the fact that our stores sell housewares as well as clothing.  I think Ross is one of the greatest stores ever if you are willing to really take the time to look around.,0,0,0
FOJDVvvpMfBtu0F_XK9suw,hpphItQ51PZrmtFVLkCNCA,_hPjqzQDiyw1-4U_IAETpg,4.0,2012-06-15 20:06:08,"Yep Ross .. what can i say the wife knows where to go for the deals... We went here looking for gifts to send and i think this is where all the women come.. wives/mothers/sisters/all kinds for the deals. I and maybe 2 others were guys in here.  Place has almost everything what you are looking for and you're not gonna spend an arm and a leg for the item.  Clothing, perfumes,trinkets, houseware, shoes, and who knows what else.. Its not everthing you can find.... I think everyone stops here first before they go to the mall/department store to see if they have it for cheaper  wife likes it",0,0,0
pbqLEAbg9736zf-7itps8g,OOpYM-E9jwpMP5pF3MVqgQ,RRYFQo17zogtYBbiUK4l_A,3.0,2014-06-25 20:35:00,Not my usual place to shop for clothes but my daughter likes to find bargains.  They do have a pretty large selection of clothes at decent prices but don't like their shoes as they look cheaply made.   This Ross is directly across from Citrus Park Mall so that would be my first choice. But sometimes you just don't feel like spending the time it takes to do the mall thing.   They do have senior discount on Tuesdays. Yikes!  I'm still a kid at heart but will any discount I can get!  Old age does that to you.  You have to ask for it though.,1,1,1
qppvxsPKp8Dx6iQCgCqpxQ,c4Ga5mqXZzzQOXYylbSMkA,1YMoMYGTS8GUmVI3Qe83Lw,4.0,2007-10-31 07:45:29,"As Fergie vouches, ""Drive through, Ross, hell, I don't care...""  This place is one of the tidiest and cleanest Ross Stores I've ever visited! There's an army of friendly workers combing the store. They're open until 9:30pm on weekdays!  Great selection of handbags for the Monday blues.  Sure there's a bunch of last year's fads, but there's also some designer clothes that offer timeless basics like white cotton shirts and black skirts.  Stop hating!",0,1,0
y-yD7hK7nArKEsPYYpJJUw,pYYNjwSs_pZbMaiBzZJU-Q,MkRwNgv4TqTBgtOkJYXE_Q,4.0,2014-10-25 05:37:33,"This Ross is probably one of the nicest ones around. The clothes are neat, the aisles are well kept, and the staff is decent. Many of the other stores tend to be messy but this location is usually always pretty clean, which makes it easier to browse. It's smaller so it has less of a variety.",1,0,0
CayZmD3srqX2XAfJwdmXXg,dqJ1121ixqjegjE3B5rMnA,Yc6a2OWvbtbW4_rchRZ6xg,1.0,2018-05-16 04:36:38,Cashier Carol very rude person.  She was offering  and giving 10% discount in 5/15/18   I went with my Aunt and Cousin they bought at lest $300 just on a Tuesday and around $500 during The Weekend. I asked her why she didn't have them the senior discount my aunt is 69 years old. She said because my cousin was paying and she's not senior. This lady Carol saw my cousins using my aunt credit card to pay.  She was really upset since we got to the register when she heard them speaking Spanish.  Carol is a very rude person. And it's wrong to treat any Spanish customers like that. She probably forgot that most of Mexican clientele pays for her salary,0,0,0
EC_rWujx0m0jgQFa3DaZMg,GCjEGpVWgtJtRRSBuidRJA,fD6FZMW1V5l0oRD-fICb3w,4.0,2016-10-09 21:44:32,Fell in love with the Ross stores in Vegas so I was pretty excited to find out we were getting one.  Came in opening morning to find it well stocked and ready to go!  Cane back 2 days later when I had more time and the place is packed with customers.  However haven't found anything that was an amazing deal yet.  Yet.....,2,0,2
uN1k6DL6mHkrBQAzExJ9SQ,GCjEGpVWgtJtRRSBuidRJA,ic-tyi1jElL_umxZVh8KNA,3.0,2017-07-07 05:22:38,"The day we went, minimal clearance.. Pretty poorly maintained and organized.  Dumpy looking.",1,0,0
59g4T8GIKLWQQi6VM3RdyA,wudNbKux2vdP4y8LHTawAw,V5zfFgXVQ9m6Lsr89BDYAQ,1.0,2016-08-04 20:26:53,"Will not be going here again. Love the store in general, but most ladies that work at this location are so rude and make for a bad shopping experience. Go elsewhere",1,0,0
LNIz0ersCP_aCmBhK8ajdg,8t33UzQWLhDdOKQG9MBt9Q,H7y2a9tvDBeYSz0-elZ2Sg,4.0,2014-03-29 21:02:40,Good place if you like to bargain. Can't really stand searching through stuff but must say you can find sum really good clothes if you take your time.,2,0,0
O9bffAqix2qUixdzAnf3DQ,wudNbKux2vdP4y8LHTawAw,scXyMLg7q2eSlzcm-LYYtg,1.0,2017-06-09 17:41:25,"I go to ross's at least once a week and really I think they forget to ship home décor to this store, the selection is lacking and it does not have many items.  2 weeks ago this past Tuesday I went to the checkout line (I was the only one checking out), 3 employees (1 in returns, 1 in jewelry and one hanging out in the front) all seen me and not a single person said a word. So after aprx. 5 min I left the items and left the store, the same 3 ladies looked at me and never sais a word.  Poor poor management and lazy employees.",1,0,0
vQvX3FNb-PrMgusxowZ-Xg,wudNbKux2vdP4y8LHTawAw,2ZIQAP_ZOzm0f8ivEKShwQ,1.0,2015-12-22 22:05:05,Horrible. Messy. Lazy employees.  The line went to the back of the store by the dressing room. Only 2 people at the register. I can see employees walking the floor but not doing anything. I told them to come do their job and get the manager.  Finally they got 4 people at the register.. Only AFTER I told them. Lazy lazy people. Your job isn't hard. No excuse!!,1,0,0
LmygrzswZ_oIRephDEoPOQ,8t33UzQWLhDdOKQG9MBt9Q,RIuaL3maRxTIxXFjltGkuQ,1.0,2016-06-08 20:28:04,this Ross is awful. I've been waiting in line for 10 minutes. They have 2 people working the registers and there are 15 people in line. Don't shop here unless you have a few hours to kill.,0,0,0
HrEN9i8tASEBePxww7joTA,GCjEGpVWgtJtRRSBuidRJA,0PotTnpeT7Fc2eTHf9X0yA,5.0,2018-03-18 18:00:52,"Stopped into this Ross on Friday before going to Trader Joe's.  The store was spotlessly clean, super well-organized, the people working there were very nice.  Got a great Calvin Klein down vest for $8.99!!  Almost bought a couple of nice table lamps, they were $20 each.  Very good selection of shoes and home goods and a huge children/baby section.  Will definitely be back.",1,0,0
vnRxecxKZ0_AOzVKxCRzCQ,c4Ga5mqXZzzQOXYylbSMkA,kbzr1kEPTsUHsPLHUAjK2g,4.0,2009-05-10 16:36:23,"It's Ross... what would you expect?  Shoes in shambles? Check. Clothes sardine-packed and disorganized? Check. Super-long lines and apathetic employees? Check.   Cheapest clothes in Santa Barbara? Check and Check.   Ross is the best place for clothes shopping in SB because it is the ONLY place you can find inexpensive clothes, shoes and handbags. The only other options you have in town are Macy's, Nordstrom's, Saks 5th Avenue (yah, right) and countless boutiques.   You can call it a glorified flea market but I would rather dig through Ross than overpay for a better shopping experience.",2,3,0
B9L-ywtPa-crIhtsMgJ-ZA,wudNbKux2vdP4y8LHTawAw,w_OXUiqhP8hXZsBV77AMRg,3.0,2014-01-01 00:15:32,the only thing I like about this location is the they never have a line but the men  selection could use  some expending.,1,0,0
42Yn0llfQ3vtGedLPtP12g,c4Ga5mqXZzzQOXYylbSMkA,1dsgHLMcog2o7KsWmxK3Uw,1.0,2019-04-10 21:59:45,Today I went in to Ross   I like shopping there but not today I had to wait for a return only one person for returns ??? Need to have other people helping with returns too .,0,0,0
jpRvflmDX0N0w6SwCz6vzw,q92IcfNdr392c_XlxASh1A,oBDxI7aBhfjvNmriYEu1ig,3.0,2019-04-12 22:53:34,Things are a mess in this store. Also restrooms are out of service!! Where do employees go?,0,0,0
Tj6vFccX6gm-VrOO2ysuGg,OOpYM-E9jwpMP5pF3MVqgQ,IlRPJq1xQYVveMP-429-uw,1.0,2013-06-19 02:01:14,The only positive thing I can say about this place is you can get a few essentials for a great price; some items for the home in particular. My boyfriend made out well with some shorts and casual shirts; but overall it was crowded and dirty with awful customer service. It's going to take some convincing to get me to ever take a trip back here to look for a bargain.,0,0,0
K_KTuMgJ0P8guiYLmC4-4A,c4Ga5mqXZzzQOXYylbSMkA,wbyfIWDpQBKoo3Lm9NUtMw,1.0,2017-08-07 18:06:18,"I hate coming to this Ross, with 20 people waiting in line, only 2 cashiers open! Ridiculous! One cashier for return merchandise and one for buying!!!  They need better staffing!",4,1,0
_FKJmr3Fu1DX62lKImL6XQ,8t33UzQWLhDdOKQG9MBt9Q,ZEzHmOhhISToHgrtMCyP9g,1.0,2016-05-28 20:18:59,"Whenever I go here I need to decide if the thing I want to buy is worth the line. I've literally walked up to the line with something, put it back, and then walk out the store because the line is so long. They'll have one person at the registers and the line will be 15 people long.",2,1,0
E5y5ipYemRIWJ9Z2QAwuIg,c4Ga5mqXZzzQOXYylbSMkA,-NnBFf5fosrLMeqkEwVLHg,3.0,2010-03-11 05:21:00,"This is one hoppin' Ross Dress for Less. I've never seen so many people in line at one Ross Dress for Less, so the first thing that may strike you is the space-age system they've devised where a recorded voice directs you to the next available cashier. Very sharp. Given the volume, they do a good job of keeping the clothes racks relatively orderly. The merchandise is the usual hodgepodge of clothing that's irregularly sized, comically ugly, or flagrantly emblazoned by designers that you've never heard of, making it a great place to buy shirts for work. This Ross Dress for Less is also a hot spot for animated bible stories on DVD.",1,2,1
fDwoh57s3ODvpvltjKZrQg,EI94VsRztUbpgHsb7LqX2w,EnJ_5CKV8WmTuaNEdijQOg,3.0,2019-01-18 15:32:08,You find treasures in the haystacks. I like shopping at Ross stores. $$$ will be saved,0,0,0
_9cBWtYN70S5N9o0ykSYEg,yrSInKbQE6muPNpBNU0USw,I4cfBoRWEhB90HBdjh8z5Q,3.0,2016-04-08 18:08:03,"The men's section is really sparse. The same goes for other sections. I've been to a lot of Ross stores, so I know what I'm talking about. I guess the comparatively small inventory allows them to keep the store so clean and orderly. Not the best Ross, not the worst.",2,0,1
pRrwTgT7-_D6KqRfbEs9Jg,c4Ga5mqXZzzQOXYylbSMkA,5FgWswuxsksmQnUFP1OtVg,3.0,2019-04-06 18:32:17,They have a large inventory at least. The store is okay clean and organized. The checkout line is super slow and the dressing and restrooms can get downright disgusting.,0,0,0
JLFUDRNUHJC4xPhSifpZMQ,OOpYM-E9jwpMP5pF3MVqgQ,gDnJveKiqe7Ff_SVSX70qg,3.0,2019-04-06 21:13:28,"Went here to browse around. This is one of the most unorganized Ross stores I've been to. I understand you have to ""find your treasure"" but things just piled on each other in every aisle. It was pretty early in the day and not busy so just looks like the store was not faced before opening rather then customers messing up the aisles.but I could be wrong. Honestly it gave me anxiety so I ended up leaving after ten minutes.",1,0,0
q_GvVn-yPv4AxSwxtVEWBg,c4Ga5mqXZzzQOXYylbSMkA,Wwdyz_DaKIHtZ8cWOc4ylA,2.0,2010-07-13 19:53:57,"I've got one big heaping steaming problem with ROSS: Baffling inconsistent pricing.    I found a pair of shoes I loved. They were way too big for me, so I spent the next hour searching through the chaotic hell of the shoe aisles to find my size. After much pushing, shoving and sore lack of manners by fellow shoppers, I could not believe it, there they were! One pair, my size, in a sea of mismatched mayhem! One problem: the size 9 shoes were on sale for an unbelievably low price, the ones in MY size that I found after nearly an hour of searching were a different, much higher price. SAME SHOE, SAME BRAND, SAME COLOR, even, so I took them to the customer service desk & asked for the sale price. I was informed that no, they could not give me that price. There was no good reason for it. I was miffed.   If you want a good deal, it certainly can be found at ROSS, but long lines, loud obnoxious mechanical voiced customer cues for ""next in line"" and pushing shoving crowds of moronic mannerless classless cretins are not my cup of tea. Neither is a customer service desk that cannot make a change to something so simple as my request for the sale price on a shoe that was already marked down to sale!  LAME. Also, this store is pretty dirty. They really could learn to clean it up a bit. Nasty!  Don't even get me started on the parking lot!!!",4,5,1
Llsk8ab7_OGbEz4kH0qSjQ,c4Ga5mqXZzzQOXYylbSMkA,QqWWzs895aSsG9wfqeDqdA,1.0,2019-02-17 20:30:23,"Generally I love Ross, however many of the employees seem to loathe their jobs and do not pay close attention to checking out customers and removing the heavy duty security tags with the ink attached to items such as rugs and clothing. Last week I went in got some jeans for my three year old, for some reason the security tag was placed inside the back pocket of these toddler jeans. Unbeknownst to me I took the price tags off and put the jeans on my three year old. I couldn't understand why she was screaming crying bloody murder until I took them off and found the pin needle from the security tag in the back pocket of these children's jeans with the stabbing needle stick thru the inside of her pant leg. Needless to say I guess I can't rely on people to properly do their jobs. Poor kid has a gash on her thigh now.",0,1,0
UjH_5Ui1JSa5r3Fz7o_Alw,c4Ga5mqXZzzQOXYylbSMkA,PBdR6eRzypFyYMIgZgrDoA,1.0,2019-06-11 23:29:38,"The customer service here sucks! Wasn't able to try on Spanx/shorts, they told me to purchase them and return them if they don't fit. What a waste of time, so I definitely didn't buy anything. The Ross in Goleta is a lot  better, they let me try on Spanx, but didn't have my size. Consistency is key to running any business. Get it together Ross",1,0,0
gQhvbTcKl6WBWMztHZTMKg,GCjEGpVWgtJtRRSBuidRJA,qo5b_AymeTnMkwsjOrj4UQ,1.0,2018-12-19 19:04:17,Worst experience ever ! The cashier slammed my bags down and was rude didn't greet me at all horrible customer service! I'll never be back to this location! Not to mention I called and complained to the manager and he didn't care at all!,1,1,0
tTRNODFqN2ut899H8PleZQ,GCjEGpVWgtJtRRSBuidRJA,oz2yVSDZZ_TkEhHrX85myQ,1.0,2018-04-21 20:41:16,"I think it is weird to have to rate a department store so low but this one has been given many chances. Every time I try to shop here, it's something ridiculous. First let me mention that it's a product ghost town compared to other Ross I've visited and actually enjoying shopping at. And then there's the employees. There are three that always seem pleasant (three young ladies, two with short haircuts, wish I could remember their names) but everyone else is always trying to make their bad day your bad day. Then I've actually had a male worker not try to give me the price that was on the tag. Unbelievable. Another time, a young lady would not take my return, although I had my receipt, product unused and still in bag. Shenanigans. And another time I was followed and watched throughout the store. Disgusted. I've shopped at Ross since like 2003...but I am never coming back to this one.",1,0,0
MO0__h0hq8sQPDKly7iSxw,c4Ga5mqXZzzQOXYylbSMkA,OIygI2H2N74-O88rtFrQVg,2.0,2017-09-17 16:03:55,"In the 80s and 90s Ross was one of my shopping hubs.  Back then the buyers would score collections by well known department store brands. I could put together cute mix and match outfits at great Ross prices.  Now, this kind of offering seems to be no more.  You might want to go with zero expectations and just see what catches your eye.  I'd say that you could be luckier with accessories for home or personal fashion than for basic items.  Stopped in to this previous favorite location last night and was surprised to be greeted by a young man in a suit out front.  While he was very polite, I had the sense of being welcomed by a bouncer.  Then inside the door a security guard was the next to welcome me.  Hmm, something has changed!  Once I made a few selections and walked the gauntlet through parents' worst nightmare - racks of snacks in the register line (!), I had to wait to check out.  They had more security personnel working than cashiers.  Not very helpful.  The overall effect felt like shopping in a minimum security prison.  Weird vibe.",4,0,0
mseTJPZTKM1qAwsUV2MRlA,8t33UzQWLhDdOKQG9MBt9Q,7MAcXwF-SVaWFjqblw9fCQ,2.0,2017-06-23 15:40:15,"This Ross is located in very nice location with a variety of shops.  Pros: They had a great selection of items and clothing and it was very clean. No line but very slow...only one cashier.  Cons: There was no one at the fitting room so you help yourself to a number to try on clothes. Also, there's no one in site to help you find anything you are looking for. No greeter at the door (usually a security always greets you at other locations). The cashier had no customer service skills, she looked tired and unfriendly (never utter a word).  Gave it two stars because they have a good selection.  If there's another Ross in the area go there if you want a nice and friendly environment.",1,0,1
D7w6_a5V999QLlPYf1ag_Q,GCjEGpVWgtJtRRSBuidRJA,UMMt4n-TXTuNHG4PbjYEgw,2.0,2016-10-26 19:50:46,"Ross Stores is along the lines of TJ Maxx and Burlington Coat Factory, except that it's more haphazard and disorganized, at least for this location. This store is the first in Central Indiana, and it just opened recently (October 2016). Perhaps they are still working on its operations and getting the inventory in order.  Just like similar retailers, Ross carries brand-name goods at discount prices. Expect to find apparel, accessories, footwear, and household items. The selections were just okay and I didn't find any compelling buys, although prices were competitive compared to other discount stores.  If you are doing some shopping in the Castleton area, you might as well stop by Ross. Perhaps you will find some unexpected deals there. Other competitors are nearby so you can always bundle your trips together.",2,0,1
K1ZxMv7lo5WdOgDAnCGLKA,GCjEGpVWgtJtRRSBuidRJA,AVyU4MC9ucdgCFRaLNpePQ,4.0,2018-12-31 02:17:36,"I enjoy this store, it's located off of 82nd street in Indy by the Trader Joe's. Ross is something that I was never exposed to until I moved to Indiana. This Ross is a good size in my opinion, right in the middle, not to big not to small.  Wide selection of products, bath and beauty, and I think you find items that aren't always in target. There is also a great selection of shoes that usually go with the season as well as purses and luggage options. woman and men's clothing options are all in the middle, and I have found a great selection of different pieces each time I've visited. The home goods section is also worth checking out, they always have a unique selection of sauces and spices, and different decoration options as well. Prices are great, and you always find something fun and useful. I'm a happy repeat shopper",2,0,1
l2aGPTnaDFOrv5Vq0gqGrg,yrSInKbQE6muPNpBNU0USw,178lUNiULUgxi8fdm1zXmA,2.0,2013-01-14 22:13:37,"With Marshall's right next door, this place should go out of business.  While Marshall's gets the out of season stuff, Ross get the damaged, ugly, cheaply made stuff 90% of the time.  Sometimes you'll find some pretty cool stuff, especially in the home section, but for the most part I try to avoid this store.  It's so dusty (possibly moldy) and dark, that it's not even pleasant to be in at any time.",0,1,0
3eqttBumC0K-_uOJiA4OBQ,8t33UzQWLhDdOKQG9MBt9Q,n6N4dh0ZVjTgfHfjG1lIIA,1.0,2017-08-30 12:14:43,Ghetttttoooooo....this store should be an SNL skit. The workers do not speak proper English and hate their job and the customers. They only have one line open always. The one line is so incredibly long that I have seen people come into the store just to take a picture on their phone and leave. They have LOTS of affordable dresses but u have to block out extra time in your day to wait in the mile long line. The children's section is always empty with a few broken toys. I wish I could shop here for their great dresses but I have kids and can't make them wait 30 min+ in a line.,0,0,0
9yaSqHanqjWw_R_VKp19tg,c4Ga5mqXZzzQOXYylbSMkA,bwr5uzJHnK3v9VnOFNdDXQ,2.0,2019-05-22 19:29:28,"I'm not a huge fan of this Ross. The discounts are for sure worth all of the digging, but this particular store can get pretty dirty and cluttered.   Also, ever since the bigger Ross opened in Goleta, I feel there are better quality items being sent to the Goleta store than to the Santa Barbara store.   I'll still continue to shop here and look for deals on items but it's not my first choice. Some of the nicer items I've found have been destroyed from being tossed on the ground or a sticky child got to it. Too bad, with a little TLC, this could be a great location.",3,0,1
FeOVDVwb0EvEbCJJb6Gz7g,c4Ga5mqXZzzQOXYylbSMkA,mngAq_ySH-uFP-GVVQdS_g,4.0,2009-09-25 00:06:00,"Ross can be overwhelming at times, but you have to weigh the pros and cons.  For our first reviewer, his con list obviously is the only list he has.  But for me, there are good and bad aspects, like any discount store, but overall Ross has good prices on a variety of clothing.  I love finding oversized cute handbags for $13.00 and Steve Madden shoes for $17.99.  Sometimes I go and find a ton of stuff and other times I don't find anything.  I've stocked my kitchen with high quality cooking and baking items for an average of $5.00 each so that in itself is worth bypassing KMART for any starving college student in need of kitchen basics.  All in all, if you've got an hour to kill and you're in the mood to find some discount clothes, shoes, accessories or home decor - stop on by Ross and don't forget the Starbucks next door - friendliest staff in my opinion.",0,0,0
BaMwvDnw7RQiBJqueepmsg,EI94VsRztUbpgHsb7LqX2w,mQe_MSlYXsssssg0u8AkNQ,2.0,2018-09-09 17:04:53,Was in there Saturday night.  No AC on in the store at all. Was an uncomfortable oven.  Even the employees were not happy about having no AC.  Not sure who the manager was Saturday 09/08/18 was but............you suck!! Don't save $$$ and kiss corporate *ss at both the customers and your own employees expense. Was so hot it there I started feeling sick.  Not cool. Also only one cashier so wait times to check out are longer. Poor management on Friday and Saturday nights there should be more than one cashier.  The rest of the employees are hiding elsewhere in the store acting like they are doing something important.,1,0,0
JeBNLaYP2JFdGNlHaii-mQ,GCjEGpVWgtJtRRSBuidRJA,cZ99uO88wKfmogwP2OSfIg,1.0,2017-03-24 01:45:58,I came here at 939p. The store is suppose to be open until 10p. Their doors were locked and unable to access the store. Very disappointed in their customer service. I just had to pick up one item before my vacation tomorrow.,0,0,1
8dbyYDjh74JIWps10ZLEXg,2jY1cZxE9_RFAJQXQZ62cg,vR986-cV86ts62yiXkPjzg,4.0,2010-09-21 23:21:35,"I enjoy this Ross location. The staff is pretty friendly and I've been able to snag some good finds in here. No complaints!  At first I couldn't find the proper entrance to the shopping center off of Rt-70, because there are like nine other entrances around one little area, but it may also just be because I'm a moron. ;)",2,3,1
9-bv3vQ0squXV040gEiXxQ,GCjEGpVWgtJtRRSBuidRJA,ikWD8meznb14w9yNie3bwQ,3.0,2018-12-30 02:00:20,Meh. The K-Mart of discount stores. Not so organized. Decent prices. Cheap housewares. Okay if you don't want to fight the traffic and madness across the street at TJMaxx or Burlington.,0,0,0
LSjbvnlil8GnKOTUFqABbg,c4Ga5mqXZzzQOXYylbSMkA,BuTGpDPsikkJ7OWXowD2Eg,1.0,2016-06-10 18:20:19,"WORST STORE EVER!!! With Really BAD ""Securities"" Acusing People Of Stealing Things With No Proof!!! With Securities Like That Your Store Is Going To Start Loosing Customers...",1,1,0
Lo_ToCIVRypDdP6_StFMWw,OOpYM-E9jwpMP5pF3MVqgQ,oa4k9TbPQFkBX72-SMfCJQ,1.0,2013-05-23 14:35:41,"It's cheap, that's the only good thing. This store is always a wreck. It's dirty. It's disorganized. The checkout lines are always long when I go there. I'm glad I'm making more money now and can shop somewhere else.",0,0,0
OZCnb-2AuYJ58z6hq6L28w,hpphItQ51PZrmtFVLkCNCA,5NYKtXyyKp4AcqU8NwRgGw,5.0,2019-07-04 00:04:30,"The new manager is really great. I wanted to buy a rug but couldn't figure out how to get it in my cart since it was so big. So when I got to the register I told the woman and she said the manager would help me but he's out helping another customer load her car. When he came back in,  he carried the rug to check out, rang me up and took a little money off since the rug was unwrapped, AND helped me load it into my car. I appreciated the extra customer service on top of the great prices. Kudos to the manager!!!",0,0,0
eOlVwo77t9xK-oBeC_pSrA,8t33UzQWLhDdOKQG9MBt9Q,n6N4dh0ZVjTgfHfjG1lIIA,1.0,2019-10-31 01:10:14,"This Ross has the best dresses but the line is so long u have to bring a good book bc u will be standing in the line for 30 min. One time I watched an entire Friends episode on my phone while waiting in line. Sometimes they will put two cashiers up there but usually there is only one. They have lots of other scary mean workers lurking around the store that are unwilling to help the customers. Also they shut down their dressing rooms often and open these 2  pop up dressing rooms that are really small and smelly. And there is a long line for those also. The store is actually the worst store I have ever been in, but the dresses are so good and cheap and women love a good deal so..",0,0,0
QqLwxM47CegbITS9apMMcQ,qqpMdHsQEmUZwFtEdp63AA,fDKdGPtBtgWw8dJGmj8Q_Q,3.0,2013-09-01 17:16:23,Me encanta ir a Ross porque de vez en cuando me va súper bien con las cosas que encuentras ahí .. Marcas caras a medio precio como quien dice .. Lo único malo es que es como buscar un alfiler en una montaña de paja ...,0,0,0
Y5oDx09d6ghybPir8-k-_g,c4Ga5mqXZzzQOXYylbSMkA,xFPKppSQCsxCQUP-bagnIg,3.0,2019-05-19 21:28:07,They have a good selection here but the reason for my 3 stars is based on customer service. I had a guy named Kay as my cashier. He was very rude and unprofessional. I'd ask him a question and he'd roll his eyes before he answered with a low voice. He doesn't have great customer service skills and shouldn't be working with customers if he's going to have that attitude.,0,0,0
AHsnlsL7KlznwncprULvWA,c4Ga5mqXZzzQOXYylbSMkA,4mPTS_pp10nIqD5TsdzYSg,1.0,2019-01-27 03:20:54,"This Ross USED to be my favorite, but has gone down hill. Loss prevention stereotypes you and follow you around the store. I understand they have a job to do, but don't make it obvious. Loss prevention employee acted like they were looking at kids clothes while I was looking at kids shoes. Management fix this issue ASAP",1,1,1
p3Mhw4HQF2rwomugHmCyhg,EI94VsRztUbpgHsb7LqX2w,HwTpjgAlauwFKDNv87U76Q,3.0,2016-03-03 05:21:49,Disappointing. The store was practically empty. The best part of the store is that it's neat but that's only because it's EMPTY!  Very disappointed.  I even went twice.  Couldn't even find stemless wine glasses.,0,0,0
lEknSAqxqIZt-HoiWOCocQ,8t33UzQWLhDdOKQG9MBt9Q,9y-c-H3QKZbwNVQEdKy_7g,3.0,2017-12-28 18:39:54,I really only go to Ross for dresses and for homegoods. Ross itself is not known for having very nice stores but they do have good deals! This particular Ross normally has pretty long lines when you are going to check out but the people who work there are always apologetic. I just wish they had more cashiers!,1,0,0
zNlgLkbQirK9oKom7mgAxw,8t33UzQWLhDdOKQG9MBt9Q,8wQIoFapkegkC5fcVYg_Iw,4.0,2009-12-20 05:26:00,"This place is very hit or miss. Tonight was definitely a hit when it came to the bargains I found;perhaps it was due to the fact that no one else was crazy enough to shop today.  I found a gorgeous dress with cream top and black lace skirt for the low price of $6.99.   On my way to the register, a rack of shoes caught my eye and I found the most gorgeous pair of boots I've ever seen. They were taupe thigh-high boots with quilted gold and brown interior and topped off with a bow in the rear of the top of the boot. Originally $39.99, I got them for $22.99.  It's days like this that make shopping worth it.",3,1,2
dTPDNMI0U2Uci-FEIrBC6A,JzrwB91Q3QQXsA31qFILhg,SacwBSe_gx0DKofbuEZ6DA,5.0,2018-11-29 13:27:00,Ross has lured me away from the way too expensive Khol's.  I like the MacDade Store in Glenolden.  The store is clean and I can actually find pants that fit.  I'm petite and finding pants is tough.  Ross has great pants at a great price.  The only downside would be the stocking of the store.  It is either hit or miss.  The racks are either very full or very empty.  I have received compliments on the lovely fall capes and tops I  have bought there.  I've become a loyal customer.,0,0,0
5PGqj0ByT3NRf6i-9uzJ0w,c4Ga5mqXZzzQOXYylbSMkA,rX-_i1Wm_d1nr_qlTvxFEg,1.0,2007-01-10 00:12:01,i'd rather be eaten alive by rabid coyotes than shop in this glorified flea market.,0,6,2
wKb4G16AJ3qE0oTJVAmJMw,8t33UzQWLhDdOKQG9MBt9Q,bVajjVwe-c0wYRFrdLQxvw,5.0,2013-10-23 20:46:31,"Good selections.  Abundant stock. Well categorized. Lots of toys for the tots. One of the best Ross stores in PA and it's tidy. (CA stores are quite a bit bigger overall, I noticed)",0,0,0
P6fcEDAil4llco9zn9wUmw,EI94VsRztUbpgHsb7LqX2w,q8bVb99MkJSIqq-TwUXRbQ,4.0,2018-10-20 16:12:05,My favorite place to shop for dresses at a bargain price! Yesterday was no different! I have a formal event & needed a great dress on a budget- $30 for a gown- Heck YEAH! BRING ON THE SEQUINS! Mom and my daughter helped me pick & the dressing room associate broke the tie!,0,0,1
j_TWfsIKu1fQU2wyow9k1w,wudNbKux2vdP4y8LHTawAw,1L-Bnekr2TiGtrZKpAgfUQ,1.0,2018-05-01 02:41:56,"I only go to this store if I absolutely have to.  Occasionally I will step in to see if it looks any better or if they got new management.  But yeah 3 years now and the store always looks junkie.  No merchandising skills at all....just throw it on a hanger or toss it on a shelf.  Really quite disappointing, you can still have a store that is closeouts and have it look good...just takes some pride in your work.  You can never find help if you need it here and no matter what there is always a line at the register.",1,0,0
UmW7xVGr4sU1IzMuhG8dIA,GCjEGpVWgtJtRRSBuidRJA,44OsalmmRDEAJGBDGZLp2w,1.0,2017-10-29 16:51:27,"Was shopping nearby, so I thought I would check out the new store. Never was in a Ross and will not be returning. I had purchased a few greeting cards (picture an eight by 6 inch transparent plastic bag) that I was carrying when I entered Ross. I was greeted with the clerk asking me to tie the bag. If a store is more worried about me ""shop lifting"" then shopping, it is not where I choose to spend my time or dollars! I was in and out in less than two minutes, not a great way to greet or welcome prospective customers.",3,0,0
feibR50PKIKupj-DjzHSMQ,wudNbKux2vdP4y8LHTawAw,w8b4jtoQVczsYVUsY9a48w,1.0,2013-08-06 19:10:40,"I thought they were with JUST opening...or, closing ...they had THAT little merchandise.   I've NEVER seen a Ross like this...how do they make their bills and payroll?  I'll probably never visit this location again...how sad as its with other stores that draw in shoppers. Ross corporate needs to shape up.",1,0,0
FN7YXGIjTnYnIAUr7r6MPg,pYYNjwSs_pZbMaiBzZJU-Q,orpDjEu_SZwxmr--W03_0Q,1.0,2019-05-02 01:40:17,"Lines longer than LIZA and only one cashier, obviously a manager up front and she didnt jump in a checkstand. BOO",1,0,0
t_WhwqIQ4PJ9aT-6vJHz2Q,JzrwB91Q3QQXsA31qFILhg,D9zlGcA7-iJRW_AU3SXMoQ,1.0,2019-11-07 19:19:54,It's so disappointing to go into a fitting room and no one's there to help you because the company doesn't want to hire people,0,0,0
YZLkJlvM4UuGfCRvNkp9xw,pYYNjwSs_pZbMaiBzZJU-Q,edkxAW2LxurfsBR4uReeDQ,3.0,2009-07-19 19:16:26,"I don't shop at Ross very often. I only go there for household items and cheap basic shirts. I got a really nice white cotton shirt for under 10 dollars, perfect for Tucson weather. The shoes are not very organized. You might find some size 7s in size 9 isle.",1,0,0
u-hzs9rLP8hfvQlcd92EqQ,OOpYM-E9jwpMP5pF3MVqgQ,8HTLLRW71WTdZdwDZhDMSQ,1.0,2017-05-30 21:29:35,"Not much to look through. There are more ""loss prevention"" workers than cashiers. You would probably getter faster service if you tried to steal something than waiting in line to pay!",0,2,1
U3oJHRJnCWqP2qJ1dOPgww,OOpYM-E9jwpMP5pF3MVqgQ,MmEYowrsA4j3K4gc9Th53g,2.0,2015-05-24 04:19:58,"A friend in the golf business told me that I would be stunned at what I could find in the way of high quality major name brand shirts for low prices at these locations.  Well, he was right. What he failed to add was the crap I would have to deal with to actually make the purchase.  I was barely out of my car in the parking lot and a couple approached me asking if I knew of anyone hiring. Seriously, you're in a mall parking lot. So why don't you go into a store and ask a manager!  Upon entry to the store, I walked past not one, but two security guards very carefully watching the front door.  My friend instructed me exactly where to look for the golf shirts and I must say that I easily found a gem from the Nike family that ran 2/3 less than original retail and about half what I would have paid on Ebay. Maybe I just got lucky, but the sizes on this rack were very well organized...unlike what others on Yelp have said about this store.  Checking out was not nearly as efficient and I sense that is almost always the case based on how things are set up near the cashiers.  I'm happy to get the shirt, but was even happier to get the heck out of this place.",3,5,2
zjZZX-uV6o79lZbHQ17S2w,GCjEGpVWgtJtRRSBuidRJA,qdhkngCKn-qwiBJF03oMOw,2.0,2017-03-22 06:38:33,"Upside: it has improved greatly since my first visit Downside: there's still room for improvement in stock and quantity   This store is suppose to be comparable to TJMaxx or Marshall's. I feel that those stores have better quality and definitely more quantity. I'm able to find a large plethora of designer and name brand items at those stores. Not so much at Ross. Also, this location is severely understocked. They have quite a few empty shelves throughout the store. However, they were more empty on my first visit a few days after their grand opening. This store looks nothing like the generic store photos they uploaded here. I've been to other Ross locations in northern Indiana, North and South Carolina, and Vegas. They were all better than this one.  I was able to find some home decor items at good prices, but it seemed as though I could only find one of everything. If I wanted two or more, I was SOL. In my opinion, this store is no match for TJ Maxx across the street. It needs to be stocked better to compete. One good thing, you don't have to wait in line as long in Ross.",3,0,0
TyXKDsqayG2qAwik8EiWEQ,wudNbKux2vdP4y8LHTawAw,pV-zk27LoaY3sQiSr9kImg,4.0,2015-01-17 17:45:41,love the discounts. Once in awhile you can find amazing deals. My size is not an easy fit so ...... I like the wide selection. Easy to return if something is not right.,3,1,1
tuYBTmZc5UT1NO2u5g0s7Q,OOpYM-E9jwpMP5pF3MVqgQ,kcsj7gUiql5rYeLVPugrcg,5.0,2018-07-23 12:10:55,Clean and Organized. It's nice not having to scrounge through every single shirt to find sizes from the tag. The hangers already have the sizes on them and they're mostly all put together closely which makes finding clothes a breeze and efficient. Shoes aren't on random/other shoe size location and they're not everywhere on the floor like other Ross. They seem to always get new things in every week or two.,2,0,1
eO5MNRlhQhr7F3yKHNlh3Q,8t33UzQWLhDdOKQG9MBt9Q,CdLXjpRWqUw8_s5elG_aZg,2.0,2018-04-14 20:50:48,"I went in for some new clothes. Wasn't going to spend much money to begin with. I went to check out and the line wasn't super long. I ended up waiting in checkout line for 25 minutes. I only had 14 dollars worth of product to purchase so I almost put it back and walked out. There was only one cashier. The other associate was waiting for a manager for the entire 25 minutes and didn't bother checking people out in the mean time. The other associate was just slow but that's not her problem. Multiple associates kept walking by, paying no attention to the ever growing check out line. Kind of ridiculous!",1,0,0
_EMPEVEGpJMR9zbPWbZD4A,wudNbKux2vdP4y8LHTawAw,yDANN46ZSGNOZQSzLFhP1g,4.0,2017-12-31 05:17:58,"This is my first ever review after using yelp for years. I am a ROSS fan and after being to many in many different cities, I appreciate this one even more. Just had to give this Ross and the employees here their well over due thanks. This store is very busy and most of the time with Mexican nationals not US citizens. No problem there, but more work for the staff. They keep moving and working hard and though not always the most cheerful, never rude! Thanks. Keep up the good work!",1,0,0
AZq11E2Bfd2lG7czarz2ZA,q92IcfNdr392c_XlxASh1A,f3SqF_cVEEfavcQkCOk3hQ,1.0,2018-04-25 03:22:06,"Keeps getting worse. Always a long check out line. Only about 10% cheaper than Target. Can barely fit one cart down the aisles, let alone two. Someone in a wheelchair could really bring down the ADA hammer on this place. They need to get rid of about half their clothing racks and cut prices by a third.",1,0,0
MPkU_7Jgdzl9Em7Q12oB1A,q92IcfNdr392c_XlxASh1A,JRH1nIm1GvHvoy5G5kjBtw,1.0,2019-12-18 20:47:19,Christmas Holiday & only 2 checkers?! Over 30 people in line behind me! Totally ridiculous! Ross is my daughters favorite store & she is in town so we thought we would grab a few things! 25 minutes in line! Come on!!,0,0,0
KAi04DGVE9CpHy2zw4MrEw,q92IcfNdr392c_XlxASh1A,zSAyfbBSEZzfzggwTb-CbQ,1.0,2019-12-15 02:38:46,"I gave one star but honestly that's being generous! I live near this Ross and it's always been a good place to shop if a little crowded at the weekends. My son and I went here the other day and we were both in shock at the state of the place. It was overcrowded with the racks shoved together so you could barely get one cart down an aisle let alone one in each direction. I went into one aisle and couldn't even get out the other end because it was blocked by a pillar. The line for the checkout snaked halfway to the back of the store because only two checkouts were open. We couldn't believe how bad the store was and we ended up just leaving and going next door to Marshals. Unless they improve drastically, I won't be going back.",0,0,0
Z94cNk3g46EwXYG7igh8GQ,GCjEGpVWgtJtRRSBuidRJA,p-IxlfX42v5jX_PqhRysHA,1.0,2020-08-25 17:04:45,"While the store and the employees were really sweet, the store manager, Haley is absolutely a horrible person. She is outright disrespect and in her position pretty foul mouthed. I wouldn't ever go back to this location.",0,0,0
sSNzRN0_KCh2Ypqr0fkbWw,q92IcfNdr392c_XlxASh1A,JLW2uULP_Q1KXHhToNljcQ,3.0,2017-05-12 04:05:22,"Typical of Ross stores a little chaotic; but if you have the time to dig & look around your sure to find some really good deals.  They have everything from clothing for the entire family; shoes, household items as well as luggage & some exotic treats. If you find it buy it because it'll be here today & gone tomorrow name brands for less.",3,3,3
W6ZWUXs6gXmlwc6FuspiAg,2jY1cZxE9_RFAJQXQZ62cg,B-s-8VUnuBjGTP3d01jsyw,4.0,2020-09-14 15:04:46,"Hurrah!  I went next door to a crafts shop to pick up a specific item - they had a limited supply and were pretty expensive. On a whim, I popped here and found exactly what I needed, and for the same price, I got four of them. SOLD.    Ross can be hit or miss with products. Seemed to be less home goods these days as shelves were a bit bare.",1,0,2
BeWLXfmvFDeJNyCad9Bmuw,dqJ1121ixqjegjE3B5rMnA,mVtmlFPxA8cBzhaumweIIA,2.0,2020-10-23 03:58:25,Fall and Halloween Decor already picked over. Very disappointing. Most often it's hit or miss with this location.,0,0,0
cVTncav87GGpMCrFWrZ7Dw,pYYNjwSs_pZbMaiBzZJU-Q,jRoqkmGabAGLtnK1ffEa3g,1.0,2018-10-03 12:30:41,"This Ross has a pretty large selection of inventory and sometimes ends up with cooler stuff than the other places in town, but it's also messier and a lot of the staff are really unfriendly.  I was just perusing the racks tonight looking for some deals on summery dresses now that it's fall, and after I excused myself when passing this employee (a pregnant blonde woman) she started making weird comments about how I was fine as long as I didn't mess up her hangers or move the dresses. I was being perfectly polite and not messing anything up or moving anything. Anything I touched I put how I found it. After a few minutes, she randomly said to me in an aggressive tone ""If you need a fitting room, let me know."" I said ""Ok, thanks."" She replied, completely unnecessarily, ""Yeah, you can't go in there without me there to let you in."" I've never seen her before and I wasn't trying to get a fitting room so I don't know why she was treating me like some kind of troublemaker. I walked away because I was uncomfortable but came back to peruse the dresses on my way out of the store. Same employee said loudly on the Walky talky ""Ugh, this girl is going through my dresses AGAIN. I just worked really hard to make sure they were all perfect."" I hadn't messed anything up! I didn't move anything or knock anything off the hanger and if I had I would have cleaned up after myself.   As a former retail employee I totally understand that making sure that everything remains organized in the wake of customers can be a frustrating task, but that was just so rude of her. Throughout the rest of the store every employee but the cashier gave me the cold shoulder. Just weird.",2,2,1
S5wM3xewDEsbLKF7HJj0sg,2jY1cZxE9_RFAJQXQZ62cg,B-s-8VUnuBjGTP3d01jsyw,4.0,2018-01-22 15:29:35,"Always a good place to pick up bargains - if you dig deep enough.  Plenty of parking in this huge lot.  I needed some basic kitchen gear and they had it at a steeply discounted price.  They also have a good selection of clothes for all sizes of women.  Don't plan on a quick rendevous here, you really need to spend some time poking through the shelves to look for bargains. They usually have a really good selection of bedding and towels and things for the bathroom and kitchen.  Shelves in pretty good shape.",5,0,3
t0cOcAm4x70VVhBMz_e-5w,8t33UzQWLhDdOKQG9MBt9Q,n6N4dh0ZVjTgfHfjG1lIIA,1.0,2018-06-11 00:01:28,Errrrbody loves a Ross! They have the best dresses ..how've the line at this one wraps around the store sometimes into the aisles with maybe one or two cashiers working. And they look ANGRY! There are other unhelpful workers lurking around he store but no one comes to help. The line is brutal and never ends and no one cares.,0,0,0
YOsFae7nBRy31hQD7RYSVA,OOpYM-E9jwpMP5pF3MVqgQ,fNl6sSoLJULQmq4uW_MjhA,1.0,2021-10-21 19:22:03,"The worst ROSS store you can go to! First of all, it's not organized as other reviewers mentioned. Secondly, one of the workers was REALLY rude to me. Long story short, I went to the fitting room to try on 2 dresses. the worker was standing there in an angry way. As I approached her, she pretended that she is doing something. I said, ""Hello, I would like to try these on."" She just ignored me for a couple of minutes. She turned and said to me, ""what."" I repeated myself, and she started shouting at me in an angry way, ""hold the number sign of how many items you have."" I was really shocked because I was polite and talked to her nicely. Thus, I just left that area, she continued yelling, ""yeah...go.""  I was looking for a worker to ask why, but there was no worker to find around. So, I waited in line to talk to someone at the register. I told the person at the register about what happened and the person said to me, ""oh, she got a problem hearing."" I said back, ""I understand, but that's not how a person with hearing problems talks because I've dealt with people with hearing problems for so long. That lady was shouting at me and her angry body language says at all. That lady was really mean."" The person said back to me, ""I agree. She is also mean to us"". Avoid this place at all cost because no one wants to be treated disrespectfully.",0,0,0
ArUjZSO2QCN3Wwkw7ssdMQ,8t33UzQWLhDdOKQG9MBt9Q,1EIRPuQGpuQZD43B8_0eew,1.0,2019-08-17 23:34:27,"The absolute worst. Not my first time here and it hasn't improved. Back fitting rooms were closed for what reason I have no clue. They had two stand alone fitting rooms open in the front with a long line. Then you have to wait in another ridiculously long line to check out. Not sure who or where the manager was, but they seriously need to get their priorities straight. Felt bad for the cashier as she was the only one who seemed to care. Corporate should clean house and start over.",0,0,0
JGlObtJ6KUVWAv7wCsmBEQ,c4Ga5mqXZzzQOXYylbSMkA,sJGVRi-mcAX3ntXAjHXLEw,1.0,2020-01-26 04:30:52,"Monica was amazing. Parisa, one of the cashiers,  was sitting there talking and not working. To the point that two young men walked up and cut off the line and enter straight to her and she just finally decided to work. Of course the rest of us were upset. She did not apologize and continued to help the young men, that she seemed to know,  and disregarded us that were in line. Someone mentioned that when we said something she made a rude face.  Truly disturbing to see the lack of customer service this young lady has when she is working next to someone like Monica. Monica was apologetic and very attending. Never stopped working.",0,0,0
WL3-148l15hRuXJJkX5gxA,c4Ga5mqXZzzQOXYylbSMkA,WoEP4xNo9DvwevoYKp2QSw,4.0,2020-10-06 17:56:35,"WOW, I usually hate Ross stores but this one was super cute things and I found so many cute items at a discounted price! I was able to find some uggs and some robert loafers. Not to mention some cute sandals for under $15!   I found so many steal deals here and possibly could be because they are down south. In NCAL there;s not too many great findings but here in SCAL they got all the steals deals! Gotta come and check them out! You may find something u like in store too!",3,1,2
BaqecS9h1JEGBmTwlbZEvw,GCjEGpVWgtJtRRSBuidRJA,7efkraYgHaqhZlDjBvfdGg,1.0,2018-05-29 17:37:46,"Wow, I know they have some pretty low reviews but I didn't think their customer service would be this bad.   I called to see if their lost and found may have my prescription sunglasses.  I was told that they probably put them back on the floor to sell them or threw them away!  She said they only keep lost and found for clothing and credit card. This was in the last few days so I'm trying to understand.  I thought she may offer to go and look but no!  I'll go back by there myself and see if they have them out for sale",2,0,0
0LkaqLeaC5kDTYnVeAuIKg,qqpMdHsQEmUZwFtEdp63AA,3hZ1Y-U4BCIEv4VouWlzGg,1.0,2011-03-03 01:44:42,"Stay away. One of the worst, dirtiest, most unorganized Ross's I've ever been to. I immediately left and went straight to TJ Maxx....much better.",2,0,0
1yMKl3PFLQsH9QUtz0d1BQ,pYYNjwSs_pZbMaiBzZJU-Q,1Lk13l1zogls3NopMBKe4g,3.0,2021-02-28 23:52:56,"MAJOR SIGH: we visited on Saturday evening around 7:30pm. The store wasn't too unorganized as it usually is but also they had a lot less merchandise (clothing, purses, shoes) on their shelves and racks. For today's haul I bought some workout leggings and 2 Frozen nightgowns for my nieces. The major sigh comes from the experience during our checkout. All the cashiers were distracted from the checkout line so one of the other associates (maybe the front end sup) had to ask the group of cashiers to help us with checkout. She had an entitled attitude. She didn't want things handed to her on her left side but rather her right side and I thought that was PETTY because what does it matter if I hand you my things to the left or right. You still have to scan the items and remove the hardtags. Anywho, I know I'll be back but customer service is lagging. If you hate working there so much, Burlington is right next door. Take it from a former Ross employee.",0,0,0
H7cXT7zAW_VDTeBuu-Um0Q,c4Ga5mqXZzzQOXYylbSMkA,sWyvXJ8NYCD-tFPV6ILsHg,1.0,2020-08-08 19:47:06,Ross is violating state law by not providing assistance or carts to take heavy merchandise from store to cart. I slip my hip open carrying a heavy item and they could give zero cares,0,2,0
1iZyo5kRgvgEw9RIag6SNQ,HYnVng9EYOckm4cp_2QPjQ,Fb2nZkZEy5zJRyZ5R6CliA,2.0,2013-01-15 15:13:40,"Ok, I know that Ross has a huge following in Atlanta because family and friends down their talk about it all the time.  Maybe those stores are better but this one seemed... empty.  It is located in a store that used to be a World Market, I think.  When you walk in, it feels like a store that wasn't made to fit its own four walls. The walls are mostly blank and everything feels like its smaller than it should be.  For example, the home goods dept only had like 2-3 quarter aisles.  Product wise I would rather run to the other side of 44 and go to TJ Maxx.  To add to the emptiness was the fact that there were only 3 associates and none of them was friendly or really cared about the customers.  They were just... there... sort of.... maybe?  So, I just don't know why I would want to go back... so I probably won't.",0,0,1
R73zPVGPOtXKRF-8BmHAMQ,8t33UzQWLhDdOKQG9MBt9Q,iWCN4F-qC6Mrk-KjzsuQ5Q,1.0,2016-11-04 17:50:21,"Why is it every time I go into this store I end up waiting in line for at least a half an hour and putting my items down and walking out. That store is the worst run store I ever went to, I guess Ross management doesn't care how many people they piss off or walk out without buy anything. The workers are absolutely miserable.   Read the comments people everyone is complaining about the wait times but nothing is ever done about it. Go somewhere else. Trust me.",0,0,0
Bsq9TLlDhwBBlFh_tGKo6g,c4Ga5mqXZzzQOXYylbSMkA,doCYWDIXW69FN433T9nJGw,3.0,2021-06-05 17:43:55,What happened to the dress code for Ross employees? It was bizzare seeing one of their male employees with bright pink hair wearing what looked like a pair of dirty pajama type pants and sandals. Creeped me out because he seemed dirty. Not a good direction to head in having people who look like this.,0,0,0
1FGm73SUYmYpXl-4ALbKgw,c4Ga5mqXZzzQOXYylbSMkA,1oDbLckkcDHdhWWN8Qolag,1.0,2019-12-05 18:37:53,"Very outdated items in this store.  The worst thing about this location though, is the customer service.  Today, the girl at the register straight up WALKED AWAY IN THE MIDDLE OF OUR TRANSACTION.  Then, looks back at me and says"" Oh, and by the way, that's your receipt"".  I was appalled.  Who the hell just walks away from the register WHILE ringing someone up with no explanation, and then tells you to grab your own receipt from the cash register??  Didn't catch her name (in her 20s, maybe Hispanic?) but man... she was horrible.",4,2,2
F1WGMTj0yq2mR9_s7odM2A,GCjEGpVWgtJtRRSBuidRJA,HWSSXWJG_7y6D_uns2vH2g,4.0,2020-02-07 23:07:39,"Always a few great finds but takes a lot of browsing a couple times a month to find the deals. Shelves are often far less stocked than the others, awkwardly empty isles that seem to just fill in the few things missing and/or over priced at TJ Maxx and Marshalls. There is plenty of options to browse, great decorations, kitchen items, and shoes. The most predictable pickings are the excellent prices on decent selection of shoes here (very helpful for ya larger footed fellows) in very odd sizes for those needing a 20! Great to have a store like this catering to the more casual and unique needs.",1,0,0
DhkKlbTY15qOYpxIzDe5KA,q92IcfNdr392c_XlxASh1A,ewjyi395faeIo22EfYq9xA,1.0,2020-01-26 02:20:20,"I can't believe how crowded and gross this Ross is.  I've been here multiple times in hopes that maybe it will get its act together, but oh my goodness.   The amount of people in this building I swear is a fire hazard. There is empty fast food cups on shelves and things out of place everywhere. To keep up with the amount of people at this location I think they seriously need to hire more people.    On the other side of things. This Ross is stocked full of items, I mean too many items for their shelves.   I hope things change and this becomes more of a location I can venture to more often.",1,0,0
BMaXMBYqItAce-9xPdtbtQ,q92IcfNdr392c_XlxASh1A,1Lk13l1zogls3NopMBKe4g,3.0,2020-10-05 03:16:09,"I will forever love ross but I wish corporate would rearrange their entire system. Ross should never forget their philosophy of ""finding your treasure"" while shopping here but there should be more staff available for recovery, register/check out and go backs. It is a major turn off and bummer to continuously see the store in complete disorder.   Thankfully they now sell hand sanitizer, sanitizing wipes and both disposable & reusable face masks amidst this coronavirus pandemic. Face masks are required to shop here but they are no longer enforcing the number of people entering the building. Social distancing is non-existant here. The fitting rooms are still closed which means A LOT of returns. I will continue to stop by and search for deals in shoes, bathroom/bedroom/kitchen accessories, workout/lounge clothes, baby clothes, kids toys, and the occasional jewelry/perfume.",0,0,0
kLZgD5CKO0Qgvc2Z398HKw,pYYNjwSs_pZbMaiBzZJU-Q,R0AHocS-wVf8rOwfCh5oQw,1.0,2019-07-09 08:39:28,"I went to Ross last year on Tuesday, it was past 12 midnight, so I asked the cashier for the senior citizen discount, she said because it was past midnight, it was technically Wednesday, no longer Tuesday. I talked to the manager the following day and so I said that I was shopping on Tuesday but they close past 12 midnight. She asked her supervisor and I was told that TECNICALLY it was Wednesday. So why am I bringing this up now? I went to Ross tonight Monday and so it was past midnight, so TECHNICALLY it was Tuesday, it's no longer Monday. I asked for the Senior discount, the clerk said it was still Monday, I explained what happened to me last year, so she called her manager and he/she said no to the Senior discount because it was still Monday. NO CUSTOMER FRIENDLY SERVICE. They should all be on the same page when it comes to THE TECHNICALLY TUESDAY DISCOUNT!!! HATE THE CUSTOMER SERVICE THEIR, THEY NEED BETTER MANAGERS!!!",1,1,0
C08DIrI950A91PW4zOH-hw,q92IcfNdr392c_XlxASh1A,TBUk--BjeXPESdZM5PXx8g,1.0,2019-12-24 02:18:36,Busiest day of the year and only 4 registers open. Come on people. Not worth the wait. The line is through the store. Ugh so frustrating.,0,0,0
Lp8fISxbOcjCMEpGsYbZUA,hpphItQ51PZrmtFVLkCNCA,cUB2WhICFuSe7DwXAIoo0g,2.0,2021-01-10 01:40:35,"Ross stores are always hit or miss. Stores look nice and neat because the shelves are completely empty OR the stores are a complete mess and you still cannot find what you need. They are always severely understaffed with one cashier, everyone else on break and 978978779 people in line waiting. I would think that withe pandemic, stores would staff up a bit better and get people in and out as quick as possible.  But hey, what do I know? I'm just a former retail ops manager and critical of all stores lol.",1,1,0
nPDRxpxoG0Dhvt7RTBFYiQ,qqpMdHsQEmUZwFtEdp63AA,OQaneFUkS1rJJvqfUzjb6g,1.0,2021-10-11 22:16:39,Horrible selection at the Ross for a long time now. Over 10 years ago it used to be the place to shop. Now I feel like the selection is left overs from other locations. I come here now out of desperation and it continues to let me down.,0,0,0
QvT3HNtgBKzEjaL6rmJH9g,2jY1cZxE9_RFAJQXQZ62cg,w1um69hdsJidny-jiR8Cug,1.0,2020-07-30 20:45:45,"I am at this location right now and they have one person at the register and the other person just walked away from her OPEN REGISTER and starts re-organizing the shoes when there's an entire line of people out the other end of the queue. Who does that? Help the customers first then do the organization when we're gone. Get a clue!  Sick of being treated like this at Ross stores!   I have seen people put stuff back and walk out, I guess they really don't want our money that badly!  The thing is, we are in the middle of a pandemic and no one wants to be in there any longer than we need to. Get the customers out of the store as quickly as possible and then worry about doing all that other tidying up crap when we're not there!",1,0,0
q6cLs-xuMK7YbfKIulh2Ag,pYYNjwSs_pZbMaiBzZJU-Q,1Lk13l1zogls3NopMBKe4g,5.0,2020-11-08 03:22:21,"I love this Ross location. 9 times out of 10 I will find & buy something here. As you all hard-core ross shoppers know, Tuesdays are the best day to shop because that's when the staff does the mark downs. Look for pink reduced price stickers but beware of ""AS IS"" items. They are damaged or missing some parts but still useful.   A couple cons: dusty merchandise. It seems Ross products go directly from the box to the rack or shelves. They do not spend the time to sanitize and wipe down their items. If you are shopping in the store for a while you will notice your hands get dirty real fast. Also, the mess. Most Ross locations are in fact short staffed hence the long lines, messy isles and disheveled clothing racks.   Regardless, I can literally spend hours ""searching for my treasure."" I like to visit each department: shoes, makeup, handbags, dog supplies, arts and crafts, kids, kitchen, home, mens, womens, luggage, perfume, etc. I truly love this store and will continue shopping here.   11/6/20 haul: 3.99 fleece lined leggings, 6.99 cozy blanket, 3.49 lindor chocolates, 3.49 3 piece pretty hair clips, 2.99 20 pack multi colored hair ties, 1.99 glitter sticks for arts and crafts.",0,0,1
yZowAYIS80Tbm2AcGWwIRQ,c4Ga5mqXZzzQOXYylbSMkA,4bpsuNGWT7xpzdiQptnytQ,1.0,2017-09-24 04:04:40,"This ross store loves to racial profile. It happens every time I'm in the store. Please management stop making it obvious that your like anxious to see what's in my bag. I  come here every weekend and your always sending one of your undercover LP to follow me and my family and you just sent one into the dressing room after me. have some respect or I will file a lawsuit and use your own cameras against you. Ross executives, is this how you train your employees? There should be some repercussions to your management that trains staff this way. Train your damn workers to have some respect. The last time I checked, we live in the 21st century and not in 1965.",6,3,0
J5T1xR_2I2jGo2_THlQNwA,JzrwB91Q3QQXsA31qFILhg,cUB2WhICFuSe7DwXAIoo0g,4.0,2015-03-03 02:21:59,This is probably one of the best looking Ross Stores I've ever been to. Employees are very friendly and helpful. The store itself is extremely clean bathrooms could use a little sprucing up but nothing to be upset about.,2,0,1
cY4hLovr2Wrgnrm0XhxdOg,qqpMdHsQEmUZwFtEdp63AA,gGIm_OywNSONPv28BHqOtA,5.0,2021-10-12 01:37:28,This is my store. The thing with shopping here is you have to come often  and dig around and be willing to get a few duds. Also great return policy. The cashiers are hit or miss. There is one with dreadlocks who works evenings and looks like she can't be bothered but even she does an okay job. The day crew seems more upbeat. The security people always greet you on arrival so you are aware they are there lol.,0,0,0
JqzM8Jhdt-d465rCoWtz6A,pYYNjwSs_pZbMaiBzZJU-Q,K6zH14Qx96KfYhlocyyYHw,1.0,2019-12-13 19:09:34,"Busiest time of year, 3 checkouts open, at least 40 people in line to checkout. Cashiers are very slow. Seriously, businesses wonder why they are hurting. Every register should be open at this time. The Manager should be reprimanded or fired for this kind of customer service. Not acceptable! Last time to visit this store. It's very sad Customer Service has gone to the wayside. We have been in line for 15 minutes and still have a long wait. Recommend avoiding this store.",0,0,0
Pe2dsc9VDJgxsTjw_ZU3yQ,c4Ga5mqXZzzQOXYylbSMkA,rBS5VtrccUEIgOJDdx79NQ,3.0,2019-02-27 19:58:50,"Ross Dress for Less lives up to it's name. If you are looking for stylish clothing, I wouldn't recommend Ross, although once in a while you can find a hidden treasure. However, Ross is a fantastic place if you're looking for affordable kitchenware, dog beds/toys, wallets, decorative pillows, and a great assortment of throws, typically for around $19.99. If you're living on a budget, Ross is a good option. At this particular location in five points, there is a loss prevention staff member named Steffany, who has helped me on more than one occasion with questions and is extremely friendly and helpful, and is a great individual to be greeted by and see as you are leaving. Unfortunately, a majority of the other staff could use some customer service training. I also believe additional cashiers during busy hours would improve the shopping experience greatly as lines can get frustratingly long. The furniture section is not large but has some good finds that look pretty standard and hold up well for a reasonable, perhaps slightly below average, cost. I rate this establishment at this location 3 stars because it provides what is advertised (lower costs), has a decent variety of options, but the quality of clothing is a bit cheap and the staff are generally pretty unapproachable (will not offer help unless asked, even if you accentuate the classic ""very lost"" look, and are often chatting with other staff ignoring the customer's needs)",3,0,0
NjZ8Vn9EhfAPCcqviyZckQ,OOpYM-E9jwpMP5pF3MVqgQ,GBOOSbEqcvRqp5X5ZCEfEw,3.0,2016-12-02 23:26:06,"This specific location is one of the better Ross locations, but that's not saying much.   Like most Ross locations, a ""loss prevention"" crew greets you. Most places usually have a pretty decent security surveillance system but Ross decided to go with boots on the ground.   This store is on the cleaner side and is usually full of product. They have so much product sometimes it's hard just to slide things over on the rack. The selection is usually good as they have some pretty good golf shirts at very reasonable prices.   Checking out here is always a mess, as it is at most Ross locations. They never have enough cashiers and for some reason it always takes a long time to complete a transaction.   Not sure why but every time I go into a Ross someone is always returning a large amount of items, which always holds up the lines.",1,0,0
OpDcRlYP5ErYr7CELJ5ZhA,c4Ga5mqXZzzQOXYylbSMkA,KOhBT9tRH6Q_9mAKjqfHzw,1.0,2019-11-08 22:13:02,"I took 14 items to the changing rooms, parked my cart, and took the eight and you're allowed to take in one trip. When I came out, I went directly to the only employee  working in that section, showed her which items I was taking, and which items I was keeping, gave her my returns, put the items I was keeping back in my car and grabbed the rest of my clothing to try on.  When I came back out of the changing room, my cart was empty! I had spent almost 2 hours picking out those items and I wanted them. I asked the girl working in that department where my cloths may have gone. She repeatedly said she did not know, offering no assistance or interest in my concern. When I asked her who may have came to take clothing away she said nobody, then finally pointed to some racks of clothing returns and allowed me to look. I found one of my items there but not the other.   The items still missing was my favorite and I was becoming upset. It was obvious the girl working that department took the items out of my shopping cart and tried to return them to the stores floor, since nobody else was working in the department and she said no other employees had by come while I was in the changing room. She repeatedly denied it. I started looking at the other return racks she had in the area and she tried to stop me from doing so, telling me that I was not allowed. I finally found my pants in those racks, and went to the front to check out.   When checking out I  asked to talk to the manager about this situation. A woman named Parisa was brought to me. I told her the entire story and her response was to tell me ""I had to side with my employee.  Maybe she was was busy"" ( there was only one other customer entering the changing room while I was interacting with this employee)  I told this manager that her response was not appropriate, and since I was increasingly upset by the treatment I was receiving I asked for some kind of compensation. She said no, but reluctantly told me she would talk to the employee who had caused me the problem.    Unbelievable!",2,1,0
SVbjSO4jTy8tyiKbAQgGaw,EI94VsRztUbpgHsb7LqX2w,B5RcWUztezeNkW-_ujqViQ,3.0,2008-09-10 21:08:09,"I'm a fan of Ross stores in general. It is kind of like a treasure hunt though. Some days you may find something good, other days you spend an hour and find nothing worthwhile. I think this one in particular has an older crowd as regulars leaving the more of the younger clothes for people my age. Usually the clothes are in disarray and in general the place is a bit of a mess. The employees just can't keep up and many of the customers are just plain slobs.  I've never seen the employees on the floor, they are usually behind the counter or at the dressing rooms. I hate the fact that you can only take 8 items to try on, and that a 2 piece bathing suit counts as 2. What a pain!  I do like being able to find name brand clothes and shoes at discount prices. I love a deal and if you have the time and patience you can usually find something at Ross.",2,0,0
2H-1llWgRPMt6nyzb_6jcQ,HYnVng9EYOckm4cp_2QPjQ,bYENop4BuQepBjM1-BI3fA,2.0,2016-04-05 00:58:15,"Major disappointment. I have shopped and found some incredible bargains at the Ross Dress for Less in Maplewood and was hoping for the same at this location, but no such luck. At least not in the fashion area, my only good find was gardening tools.  As others have commented, the store has a lot of dead space and the racks & shelves are not as full as you typically see at other Ross stores. It almost gave me the feeling that they were in the process of closing the location. However, it was a Monday and there were many store associates bringing out new merchandise and restocking the floor.   I was shopping with a friend who was searching for a special dress and we had no such luck. The selection in her size was minimal. However, I will say we saw some of the same dresses that we saw earlier at Nordstrom's Rack at a much lower price. I quickly shopped the men's department, but nothing caught my eye.   This store isn't totally off my list for bargain shopping, but for now it has to be on my Terrible Two's list until I have a better experience.   When: April 4, 2016 Why: Shopping for Derby attire.",1,0,3
tBbo-mnOP9ErrobhWPWGYA,GCjEGpVWgtJtRRSBuidRJA,r2uXAVpSl_EYyOe_ZNFAuw,4.0,2020-02-26 17:13:17,"Like just about everyone else, I love a good bargain!! Every-time I go to these stores I find something great!! They are never jam packed with goods so it's very easy to shop. I've learned that if you see something you like you better get then bc it's unlikely that it'll be there long & you won't find it at a different Ross store. Prices are so reasonable!",0,0,0
5p7w_uzh4PdlkHp1XoqRtA,GCjEGpVWgtJtRRSBuidRJA,Bno3o6i37E_LzXNeOmUpjA,1.0,2020-03-05 18:12:29,The. Worst. Customer. Service. There's five people in line. There's two clerks standing around (when they're not on their phone) watching the one cashier check someone with a huge order out.  Ugh. I'm here to return something or else I'd leave.,1,0,0
H6WJZWRcYOGljw5vtUjMsw,dqJ1121ixqjegjE3B5rMnA,MhtddEg58eEtGnOD1IIccw,4.0,2017-04-20 23:59:10,This is a new location for Ross. It has plenty of parking. It's full of great finds like all the other Ross locations. The store is clean and the employees are friendly. It's not to busy yet as it just opened.,0,0,0
M9o7LC6cLwygZOzc-_7O9w,pYYNjwSs_pZbMaiBzZJU-Q,JLW2uULP_Q1KXHhToNljcQ,2.0,2014-11-16 23:56:54,"This store is a disaster a madhouse to say the least, first off the parking is extremely congested since there's a Walmart and shoe Carnival a Burlington not only do they have that but there's several restaurants in the parking lot also, you would think that tomorrow is Christmas with the amount of people that are here shopping, what their carts full of items like if they were giving them away for free.  Another thing the store is extremely disorganized with Clothing, shoes and toys thrown all about and with unruly parents who don't know watch their children that makes it  even that much harder to shop I like a bargain but I think next time I'm going to have to pass at this Ross store I'll stick to the one on the east side or at foothills mall",3,0,0
qBB4qqluXGWuHJqjk_q9Tw,yrSInKbQE6muPNpBNU0USw,t3GdQhAtOP3GYI7JF_49vg,5.0,2010-08-21 01:15:13,"This Ross is amazing! The discount stores in New York City where I live do not compare. Every time I come visit family, we always up here and I always end up toting my numerous purchases back to the city. I find great home things-- shower curtains, rugs, sheets, even luggage-- as well as cute exercise clothing and good quality sport bras.  I love this store!",1,1,1
SkFaePoS5ItIxIE1sK3Puw,c4Ga5mqXZzzQOXYylbSMkA,TQVh4_oXm9c6820TjmQU8A,1.0,2019-11-03 05:18:28,"Shopping in Santa Barbara is challenging since shops for men are minimal.  So Ross it is, the customer service at this Ross appalling.  Jorge, at the customer service register behaved in such a wholly unprofessional manner, I'm better off at Marshall's, Wendy Foster's anywhere but here.  The prices aren't worth the time lost.  You get what you pay for guys.  This is why yr stock shares will falter, lackluster employees.",0,0,0
NE8AXbpkGOVvx9M4nmBXSw,OOpYM-E9jwpMP5pF3MVqgQ,DdrP5ng377vmc8vEePLcDw,1.0,2020-03-09 11:03:57,What the is going on at the store?? This is what I see the second I walk in! There are more shoes on the floor than on the shelves. There are shoes scattered way over in the beauty department. Shoes banged up from being kicked and thrown around. The whole store looks like this! Everything is just a mess. The employees walk right past it and don't do anything.,0,0,0
n0ChBMIySgWpb3jCVwrSUQ,c4Ga5mqXZzzQOXYylbSMkA,OLikC5JUvhKfWko92kzrbQ,1.0,2021-02-14 22:03:21,"They have a good selection of merchandise for sale. Unfortunately the staffing is lackluster. I was there on a three day weekend and there was a huge line at checkout, out of twelve possible registers only THREE were open. And beware you must cary out whatever you purchase on your own, no carts  leave the store and no employees will assist you.",0,0,0
xhOJBpNgLD5Axzfxs-ICLA,OOpYM-E9jwpMP5pF3MVqgQ,14atJCcP992ghFoOcn-4nw,3.0,2013-07-07 02:04:34,"This particular location is much harder to find good household items in.  The selection pales compared to other stores but once in a while you find a good item.  The clothing is usually ""disposable"" so I normally go for household goods.",1,0,0
WY6nca0K-FtHk-ySJhOvdw,c4Ga5mqXZzzQOXYylbSMkA,5E9eHfqZ7NZZM9ts3VEpvw,3.0,2020-01-29 09:57:51,Clean location. Long lines with only 2 people consistently cashiering. Lots of clearance stuff.,0,0,0
_6_M1FC1S93LG0vQT_x8yQ,EI94VsRztUbpgHsb7LqX2w,DyWEgRm8FwMAbE0Uhgl7yQ,1.0,2020-12-24 00:51:59,"On 12/22/2020 I made a purchase at Ross in Zephrinhill Fl. (store 1612) I had a pleasant experience as usual. I needed to return one of my items I was concerned about and remembered the cashier told me I can go to any Ross to make a return. The following day on 12/23/2020 I went to the Ross in Port Richey, FL. (store 0445) to return one of my purchases. I had a young kid (around age 13) in front of me making a return as well. The cashier (Rayna) summoned him over to do his return. I heard her ask him, ""Are you returning everything in this bag?"" He said yes. She then asked, ""everything""? (in a very nasty tone if she was upset that she had to do the return). He looked embarrassed and repeated, yes. The cashier standing right beside her called me over for my return. When I got to the register the young guy walked off. The cashier (Rayna) turned to the cashier helping me and asked, ""why would someone buy these things then return them 5 minutes later?"" My cashier didn't say anything. Then she (Rayna) asked ""does that make any sense to you? Tapped my cashier and showed her the things the young kid returned. I finally asked, when I leave out the store am I going to be talked about also. My cashier said ""no"",  Rayna said ""I wasn't talking about no one"", I said yes you were. She said, ""No I wasn't"" (in an argumentative tone) I said yes you were. Before I can get the were out, she cut me off saying, ""Whatever"" while waving her hand. I walked away and said you are very nasty. I feel customers should be treated better then that. Her behavior was very unprofessional. I frequent Ross and for years I have never seen someone behaving like she did and I sincerely did not appreciate it.",0,0,0
WRtojq9dNN0VdjDTfatKhg,c4Ga5mqXZzzQOXYylbSMkA,nmdkHL2JKFx55T3nq5VziA,4.0,2020-02-16 15:35:30,"This is a good location. Service was nice, the lines and check out a long but that happens at every Ross location. You really just can't beat the prices here. I found nice clothing for my kids as well as my husband and plenty of home Decore items as well. Worth checking out.",7,4,9
Wg2ovgDzKn9McBYyuMOyvg,8t33UzQWLhDdOKQG9MBt9Q,Hgg87Lm6QHCH6IPdeImicA,1.0,2021-07-25 17:23:25,If I could leave a lower start review for this place and the company as a whole. Whoever is hiring these employees with piss poor attitudes. The feeling like I am  bothering them by merely breathing is a terrible feeling to have to walk out of the store with is unacceptable and nothing short of the WORST service I have ever had I was returning one thing and the lady behind the counter just shook her head the whole time and was disgusted by my return when I was purchasing 4 other items. I can say without a doubt it will be the last time I step foot in any Ross or Ross affiliated store. Thanks for the service (hopefully the person that reads this understands my sarcasm),0,0,0
auWNqTdFe1mxXc5LhS2GRQ,q92IcfNdr392c_XlxASh1A,1Lk13l1zogls3NopMBKe4g,4.0,2017-11-12 07:02:40,"All the bad ratings have some truth to them. Long lines, messy MESSY isles, and can't take carts out of the store etc...BUT it's the people who make it such a horrible mess it is. Parents let their children roam free and add to the mess. It's not the employee's faults for denying a customer a certain something. They are instructed to FOLLOW STORE POLICY. There is an HR number you can call if you have a serious problem that took place. (Sorry I don't have the # but any Ross employee can give you the #)  The MAIN two reasons I give this Ross 4 stars is because of the great employees who work incredibly hard at picking up our mess for minimum wage AND the variety of items at this Ross does surmount the other Tucson rosses. If you have the time to look beyond the mess, you can find some great ""treasures"" at this ross. Best time to go is right when they open in the AM. Also, they're extending their hours in observance of the holidays.",1,0,0
uUPMixvbdOmRpkFoYu_PQQ,q92IcfNdr392c_XlxASh1A,jHZxE7-3FfQiCRcmboEqpA,5.0,2020-06-04 22:05:37,"They mention the mess in the store a lot but the customers don't help at all, they are very dirty, realize the work that it takes to put everything in its place and pick up the mess that you do is unfair, you can't have a lot of people on the floor or in cashiers, oh do we clean oh do we serve them? impossible, if you have worked in a store you will understand the frustration",1,0,0
-z1A848rdax4YwX64Z4J8Q,wudNbKux2vdP4y8LHTawAw,le7mvnu33gmXgwy4-L3zdA,1.0,2019-03-20 20:41:37,"Sorry ass customer service, there were 4 cashiers and the line wasn't even moving, probably cause im brown",0,0,0
-AX3t6Yqz_7DH8nI_aGCBg,wudNbKux2vdP4y8LHTawAw,Bymm4_lbYxkHkQXmKsHCIw,1.0,2021-01-17 04:46:40,"I go into this Ross all the time. I've always loved it but tonight I walk in an hour before close and look through clothes and one of the workers started yelling about how I messed up what she had just worked on. And to add to it I didn't even touch what she was mad about. I understand the frustration because I work at marshals, but I have never once lost my mind on a customer coming in an hour before on top of that never lost my mind on a customer coming in 5 minutes before close. She was horrible and made a big scene and it's my worst experience here ever and I am so mad. Horrible attitude. One person can ruin your whole look on a store. Very sad and disappointed in this Ross.",0,0,0
qjOrs8YesSi69IAXgi0NoQ,yrSInKbQE6muPNpBNU0USw,IMVZIi7x3d3NIQH1T5MN-Q,4.0,2016-07-11 01:13:50,2/22/14 was the first time I came to this store. That was the same day I bought my car at Toyota of Turnersville. Inside of the store is big but looks almost vacant. They have things here but it's one of those store where you gotta look around carefully.,4,3,4
ars-YEf5VDkF77IgWPTo6w,qqpMdHsQEmUZwFtEdp63AA,I9Qscn-UTiYF0fjnsUw4kQ,1.0,2019-06-29 15:35:20,"30+ people in line, Maria Jesus, the manager, stepped up to a register. She took two customers, one being my friend who I was with. Two other registers were busy with people who had full baskets. She looked at me anticipating coming to her register next since the other registers going to be busy for at least 10 minutes, and said ""next register, I'm closing"".  She then went outside with another front end employee to smoke a cigarette in front of the store.  Yes, she blew off waiting customers to go smoke. And yes, I've written corporate.",0,1,0
ihd4yZ0zV--4CHxX_KT4VQ,GCjEGpVWgtJtRRSBuidRJA,40ynIvGD_RYpB8pkqOICOQ,5.0,2020-03-08 23:07:44,"I love Ross. A friend told me to check the store out one time and honestly it's where I go for almost everything now. I love that I can get great clothing, children's items, housewares for a decent price. So far, I haven't had any issues with anything purchased from here. The employees are always so nice and helpful.",0,0,0
l9oMvL62AE-j0YEJVfMnmg,dqJ1121ixqjegjE3B5rMnA,7YFk9YF0xwKIRovHJC_beg,1.0,2019-11-12 02:07:24,Horrible I was about to purchase some Nike shoes for work...then I saw gum on them!!! I asked for 50 percent and the manage insisted only 30 percent. They were really rude. I didnt mind the 30 but the way they said it was rude..I didn't purchase them. Then they forgot to scan my belt and made me so embarrassed when the alarm went off and the cashier giggled. I will never ever go here again. I also bought the belt but felt horrible. They should send the shoes back to the seller or bargained half off I feel so embarrassed and put down.,1,2,0
HiRF64NoSMBs7JWAdhgktg,8t33UzQWLhDdOKQG9MBt9Q,PrC0pjEsIdINPuxR8QlIqA,1.0,2017-10-14 00:57:54,"If I could give this location less than zero I would. No matter what time of day, or day of the week, they absolutely NEVER have enough cashiers. I have walked out without buying my cart load of items again. I will no longer shop at this store. Even when everyone in line was complaining the other staff just let walking around pushing empty carts and not helping. Do yourself a favor and skip this location of Ross! It's not worth the aggravation!",0,0,0
k1DxD1NihJCZNGUuiMu0jw,c4Ga5mqXZzzQOXYylbSMkA,8WbIWVtsNDL0MKLSdHwKVw,1.0,2021-05-21 23:21:13,I asked 3 times to get someone to clean Poop in the bathroom.  45 minutes later after talking to the acting manager twice couldn't get anyone to clean the bathroom.  So here we are Sharing their cleanliness practices at ROSS & I won't forget to Share the Thanks to MODESTO the acting manager  I'm pretty disgusted.   Dang it I forgot to take a photo before they locked the bathroom.,0,0,0
FmwD1wz4G6ucMFTfiArIug,OOpYM-E9jwpMP5pF3MVqgQ,MOLgSNgnkYktFbXrwchbdg,4.0,2013-12-23 09:47:34,"My go to Ross, super friend staff and the store is always clean which make shopping easy.",1,0,0
UgSwRuThPqmBqGyXu7-IIA,2jY1cZxE9_RFAJQXQZ62cg,VFi49jfNoR5YJyOLDF3pcA,1.0,2020-06-24 16:21:35,Writing this from line where I've waited for the last 15 min. Only one person is on checkout and she is also taking phone calls and processing returns. She can not multitask while on the phone either.I was second in line since I got in line & haven't moved! It is 10 people deep now. I see at least two other employees wandering around oblivious to the situation. I have one item and am on a lunch break! This should've taken 10 mins top. Not how I wanted to spend my time.,1,0,0
neYqsimuwGA32VSbDiqGnA,c4Ga5mqXZzzQOXYylbSMkA,NOvbwDPu0FaS1SpkXvHdAQ,4.0,2018-06-27 11:52:23,"Look okay I've been to PLENTY horrible Ross locations in LA, and you uppity people here in the 805 don't know how good you've got it compared to the mess out there in the world with the other locations.  You need to look around you and be thankful for this location.    Learn to appreciate shit.  Cause this Ross location is better than most.  Yes you could improve the candle section, and bedding (comforter sets) could be a little better, but your SHOE SECTION, your spices, and your home decor and gardening sections are more than anyone could ask for, Ross!  Now the skin care section is below average, but I don't come to Ross for skin care.  Skin care is reserved for Marshall's and TJ Maxx ONLY.  But I've found nice tables, home decor, wonderful spices, neat little pots & pans and ABSOLUTELY AMAZING SHOES here.    Check out my Himalayan salt lamp pics.  I got it from here.  Only $10!!!! while everyone else online is being crazy with what they're charging.  I won.",3,2,5
61Y3rYkoH4JzVLbQC7KUfg,GCjEGpVWgtJtRRSBuidRJA,WpCkKVOxrlxcT7X0c7qkTw,1.0,2018-03-17 18:02:47,I only gave a single star because I can't put ZERO I went in looking for some cute jeans and the ones I found were over priced and pitiful. Out of the TWO people working there only ONE was working at the register while this huge 20-30 people long line was almost to the back of the store. I waited 1hr just to pay for some half assed thrown together pants. But hey at least the people working were nice.,0,0,0
Dci4GVzt4ZS48EBmZO1niw,c4Ga5mqXZzzQOXYylbSMkA,IEkcbojDwyc4RxtIDtf8mQ,1.0,2021-12-31 05:27:11,The bald blond lady followed me and My friends around the hole store thinking we were stealing and we looked at the rugs and she yelled at us telling us to put them back and not leave them on the floor when we were just looking at the sizes. She talked to us in a rude tone. Such a horrible experience,0,0,0
7mbTHBmLJJDp7SWxJ2SlUg,GCjEGpVWgtJtRRSBuidRJA,v4vb7goDlQM1mMpc83tzGg,3.0,2020-02-15 03:59:21,"I was ""out and about"" with a friend today and she wanted to stop in at Ross. I had not been to this store before. I've been to ""A"" Ross before but it's been many years. I've always favored TJ Maxx & Marshalls. After today's first visit to this location; I still favor TJ Maxx & Marshalls by far! However I was able to find a couple of things moor my stepdaughter. The prices were excellent and they clothing pieces I was actually looking for! My friend was very happy to find 3 great clothing items at really great prices. I may go back again, time allowing, however TJ Maxx is the best in my opinion!",1,0,0
8F1L332DKJeY7_90g7Q2Hg,2jY1cZxE9_RFAJQXQZ62cg,OsBxg_iRAf663w7g8fqQpg,1.0,2021-12-04 13:00:16,"""If you can be that careless with your purse, you must be able to get that money right back"" is what was said to me when I confronted a manager for money that was stolen out of my purse while shopping at the Ross on 38 in Cherry Hill(Not this One). They took my purse to the back and took my children's Christmas money and my down payment for a home. Cameras show my purse was open when taken to the back, but giving to me with zipper closed but everyone who was around the purse swears they didn't touch it. Doesn't take a detective to know that someone is lying! Keep your personal items close at this store or they will rob you.",0,0,0
GT7lTQjfQI3aTmpLO1m0Sw,GCjEGpVWgtJtRRSBuidRJA,28WeIyuTwciKWj90nBTHuw,5.0,2021-10-08 19:15:03,A great addition to the Glendale area. Easy  access to items. Picked up a nice bottle of cologne at a great price.,0,0,1
QCACLTJUgFiGUehkik1ZhA,hpphItQ51PZrmtFVLkCNCA,q-gbZrtxbSb7r-EJIqAXFA,2.0,2020-12-03 19:08:52,"My wife comes here once in a while though I'm not really sure why. If you've been to 1 Ross you've been to all of them. They're all boring and depressing stores that have not much of anything except clothes that I don't find interesting. The one good thing I can say is the store seemed cleaned and orderly. Didn't have any engagement with staff so I can't really comment there. I dunno, just seems like Ross has an identity crisis to me and doesn't know if they want to sell clothes, kitchen items, or furnishings.",1,1,0
K2D-JVZ1-pTFyZVbcTZy4w,wudNbKux2vdP4y8LHTawAw,obYOl9fLdlvU_0nRmGY1Bg,4.0,2014-09-28 06:34:43,Hit and miss goodies!  Sometimes you can find gold and other times is a ghost town.  Usually the place is very organized and staff is helpful.,3,0,0
0Ebjy8RvNoUStogtzlLI7Q,pYYNjwSs_pZbMaiBzZJU-Q,d6zIVWiJyPB6PZuAxVexwg,3.0,2018-12-21 08:51:36,"I came here during the Christmas season, a few times, and every time I came in, there were scores of people in the store. It's a pretty typical Ross location. It has a lot of mid to low priced clothing on sale here, with some gifts and housewares peppered in.   Most Ross locations tend to be pretty unorganized and messy, which happens often because they tend to be short staffed. This location is no different. However, the price is right here, and the customer service is excellent, so I suggest coming here anyway.",2,0,1
fipNsO8-UtVf9DmAqJpLrA,OOpYM-E9jwpMP5pF3MVqgQ,MOLgSNgnkYktFbXrwchbdg,1.0,2019-03-10 01:41:57,"Of all the Ross Stores I've ever been in, this is the most disorganized and inefficient store I've ever walked into. When I first walked in immediately to my right is the ladies shoe in a complete mess. I usually like to glance at what is available in the women shoe section in case I see something goodbye but as I walk through the isle of a river of shoes mess on the floor I almost fell at least three times tripping over shoes. When I ask a worker to clean up he said it's the customers fault and that he was not cleaning up after customers. That was a total shock. Unfortunately this is my neighborhood Ross so I come here from time to time and still gets disappointed with the mess, sometimes I just walk out cause I can't take. I really love Ross and the the manger and team here would do a better job to keep it up as it would be a pleasure to shop here.",2,0,0
DxSUj0V0IvVRvrBvLbhocg,C_bDLrkd2MF4Ej69mMMhxQ,L-m9HmnHqV0R022ja5SB5A,1.0,2017-06-17 22:25:28,"Yes.  The older cashier has a serious problem. She loves to be able to send you to the back of another line because she has to handle a return.  She's miserable but that aint rubbing off on me!  Last time I was there, I just walked out and went next door and found 2 better bathing suits.  I wanted to walk in and tell her thanks for being such a *Bad Word*, as I found better outfits at TJ Maxx.  Seriously, I was happy!",0,0,0
ONK5MBZpMIhMkoBZSz1cvA,e_WaBgDx12oVOFbVcVa_cQ,-KwlUyLnmwqcD34KzfVfUg,1.0,2015-11-21 02:09:30,"Very bad service. The store itself was clean, and had a good enough selection. However when it came time to pay there was one cashier, and 3 other people hanging around. I waited for 10 minutes when I was the person next in line. The person in front of me was returning a large amount of clothing which is understandable why it was taking so long but the other employees were just standing around not using any of the other registers. The line behind me kept getting longer and longer finally after seeing that no one was coming to ring us up I left the place and didn't purchase anything. What a waste of time.",1,0,0
aeDNmvAy9uRXJ4h7HO9hCQ,NeGwytssfYPOhqvlPRQKLQ,3zY8hV3i0VL1cz8Vn6QgCg,2.0,2014-11-30 23:14:33,Seriously? Only one register open on a Sunday evening?! I think I spent more time standing in line than I did shopping. Workers seem to be very scarce here.,1,0,0
85Euyq_mqwcoxudU8OKBkg,C_bDLrkd2MF4Ej69mMMhxQ,PlpLrfiJ3i6GABEP6snJeQ,1.0,2015-05-28 19:28:21,"My daughters  had to go alone into the dressing rooms while I sat outside on the big blue bench, really? Was i going to steal something? Half of the fun of shopping is seeing the good, the bad, the ugly.  This is the worst shopping experience ever, not coming back.",1,1,0
6IH21mgKzxl9qnkT7Hu-oQ,lUiCt0zE4Mx-XztDd4mKOQ,74gd7lnM25ooF1IFXnoI0A,3.0,2016-05-21 12:28:31,The thing about Ross is that you can get good deals that his clothing at a cheaper price if you have the time to look around. I do think the store needs to be set up differently and a lot cleaner it doesn't have to look like a discount store. One serious problem is that there is never enough cashiers and they seem unhappy so plan on waiting in line for a long time if you do find a deal that you want. You're also going to find a lot of clothes in the wrong spots and a lot of merchandise sitting on top of other merchandise. It doesn't seem like they have enough staff to clean the place up and like make it look like a nicer place instead of the discount place,0,0,0
f3vd4gRE5OTkwXQ80wss9w,C_bDLrkd2MF4Ej69mMMhxQ,_I5yBAm4IAayT3kqX1qURg,3.0,2017-10-26 15:20:35,"Products: Lots of super cute decor for your home...at super low prices. Will be going here for kitchen items rather than Target or Marshall's from now on because it's the same stuff but more than half the price. Clothes were alright. Not my style but they had lots of lounge clothes and some formal dresses (more so for the moms out there *hehe*). Pretty good selection of shoes, ranging from booties to sneakers. The store doesn't look as nice as it could look, but if you look past that superficial-ness you can find some cute things!   Employees/Service: I received a warm 'hello' when I walked in and the lady that checked me out was really sweet too. They only had 1 lady checking people out and the other lady was just doing returns. The line built up behind me, so they should definitely hire more clerks. The man by the dressing rooms was beyond lazy and unprofessional. He didn't acknowledge me when I was clearly waiting for him to give me a number token, didn't acknowledge another lady either. He was just on his phone texting and I did his job for him by returning the token and hanging up the clothes I didn't want. He didn't count them or ask how they fit. They could do without him. Anyways, besides that employee, I had a good first time experience here and recommend it to those who need home decorations!",0,0,0
AUyqZQeLnNNh0xwdhtnRcA,p0zM0sQ-hvfAzecBYUrL6g,ShAOVNAF6QDFABSrcvhcLg,2.0,2018-01-13 23:57:34,Found what I needed right away however... Ridiculously long line because they decided to have 2 registers open !! Friends went next door to TJ max and they finished before me!,0,0,0
yc9x4K9GS4TzlydJ7BLeCw,e_WaBgDx12oVOFbVcVa_cQ,Xw7ZjaGfr0WNVt6s_5KZfA,2.0,2016-03-20 02:53:44,"What is going on in this strip mall? All of the stores here are terrible. Get it together, Algiers.  Okay, so this Ross is a mess. This Ross has the same issue that the Ross on Manhattan had before they got their stuff together. Nothing is organized, everything is thrown around and the shoe section looks like a bomb went off.  All I wanted was some cute flats at a low price. Did Ross have them? Maybe. Who's to say, considering nothing is organized by size and there are shoes missing their mate? It's sad, because I came in ready to spend money, but I was left frustrated that I couldn't figure out what was what.  I won't be back and I'll just stick to the more organized Ross in Harvey.",6,5,3
Sk8I1GG82hrRTZT2cBT7VA,NeGwytssfYPOhqvlPRQKLQ,9XkpizE6dAqTmnyQ_eKLfA,3.0,2012-07-22 18:41:04,It's Ross :) I'm addicted. Love wandering through these stores!,0,0,0
c3DfKGtr7gEPltNHtMV12A,p0zM0sQ-hvfAzecBYUrL6g,ZdODEy4O0-nPdPKwkdQkdw,4.0,2015-03-09 19:37:59,"Yay! Finally a Ross on the Eastbank! Now if they could just open one in Metairie...lol..  I have been needing some new sunglasses, so I popped in here for their grand opening. Being that it had only been open for one day, they had a good amount of inventory out.  It's like any other typical Ross. They carry brand name clothes, shoes, jewelry, luggage and home goods all for less than the regular retail price.   It was very crowded when I stopped in, but I expected that. They will need to get their kinks worked out for the checkout lines.  The parking lot doesn't seem like it will be adequate for the volume of cars that you would expect from all of the big name stores that are opening here. Hopefully it will all work out.",7,5,5
jA9ippkVBXZUftaV7JgKng,p0zM0sQ-hvfAzecBYUrL6g,XsnL3gdNiPRnj9svFvz-EA,4.0,2015-10-12 00:27:16,"I finally managed to visit this Ross. I drive by it almost every day and hadn't checked it out yet, but I needed a dress at the last minute and I thought I'd give this store a try.  It's not a huge Ross, so inventory is limited. Having said that, I was able to find what I needed and only for 9.99!   The employees I interacted with were friendly.  The only thing I had an issue with was approaching the entrance from Claiborne; I didn't realize that you couldn't turn into the lot from Claiborne. But now I know.  I'll probably be back on another day.",1,1,2
DxEi49e9CTwChUPFajS4HA,C_bDLrkd2MF4Ej69mMMhxQ,TjXHdW8E-9Jk74mSwZOvjw,4.0,2013-07-22 15:30:40,Nice clean store with a good selection of merchandise. Just go in with an open mind and chances are good that you will find something you like at a price you like even better...,0,1,0
ekwsphVCbVCQ39rxXNokAg,p0zM0sQ-hvfAzecBYUrL6g,RlXfOTtpgTfcisRmukrGbw,4.0,2016-05-10 06:51:33,"This is the tidiest, cleanest Ross with the most cute stuff I have ever visited!  I have terrible taste in clothing and needed something better than what I brought with me on this trip for my dinner at Arnaud's with friends.  I couldn't decide so picked what I thought was the worst, most garish and awful thing on the rack in my size -- and six people at Ross said ""That looks REALLY good"" and my friends were even impressed.  I guess that's my new strategy - pick out something I think is terrible and other people will like it.  I guess we can't always wear free tshirts and cords!    It took a little long to check out but I was there right at closing time.  The store was really tidy and the dressing room attendant was totally on top of things - the dressing room area was very clean!",1,0,1
ACL9dFTY7SIpk9xlG8Yewg,C_bDLrkd2MF4Ej69mMMhxQ,1JAr8W1kSdDsVCIE7B6GKw,1.0,2018-06-01 20:57:40,Waiting in long lines while watching employees talk on phone and deal with hangers is very frustrating,0,0,0
llZ1LumXpyXTFfyeibTtuA,C_bDLrkd2MF4Ej69mMMhxQ,UHmMIHvbZwiM_63x_v4_Tw,5.0,2013-02-27 15:22:38,I love the place only for the great shoe deals that I come across once and again. I am a bargain shopper and I refuse to pay full price for shoes that may last months at best. I sometimes find great articles of clothing shoved in between all the stuff that I never seem to buy. Great place for bed linens and home wares and items for your electronic devices.,0,1,1
eCg0zPEt6WXLEMqhmwmPZw,p0zM0sQ-hvfAzecBYUrL6g,mkwAj8OCZfIOnqnBYTOEcQ,3.0,2016-04-27 00:43:24,"It's a good store. I've been here a number a times, but at other locations. There are things here for my wife as far as furnishings and other stuff, but not much for me.  Although, every now and then I find a gem for me lol.",0,0,0
youIK7t7SA4VpdnlCYMuyA,e_WaBgDx12oVOFbVcVa_cQ,CsTxh6khEHzUQkRBOIQy9w,5.0,2017-06-20 03:16:42,"Ross is one of my favorite stores. The products are of good quality and the prices are excellent. (Not pricey at all) Shopped their for clothes,  never a hassle. In the past I've shopped for decorative items for the home, gifts, shoes, you name.  NEVER A BAD SHOPPING EXPERIENCE..",0,0,0
46XxOw_ddEvOzmf7db3l-w,lUiCt0zE4Mx-XztDd4mKOQ,zsqBQ5if_DzSU5OmEVdhbw,5.0,2015-02-08 06:51:29,"Love this store very nice prices, and every chance I get I go and always find something I need or want! One of my favorite stores!!!",0,0,0
W7VlFa3y-bEunNqmD_ZVJg,C_bDLrkd2MF4Ej69mMMhxQ,5QIKSsA37FTkAae9hJeCTg,3.0,2015-10-02 21:46:36,"Ross can be really, really good, or a total waste of time.  Unfortunately for me, I experienced the later.  The racks were empty and some items I did see, were more expensive than I've seen at other stores.",0,0,0
kcDcVUVDovcXU0kSKxagVg,e_WaBgDx12oVOFbVcVa_cQ,_xrlZRaGPfgDpVydY5D1IQ,5.0,2014-07-11 04:59:50,"Lots of clothes at a great price, highly recommended ! They also have specialty foodstuff, jewelry, shoes, and a lil bit of everything in between",2,0,0
82QkwLzcHS27qSsceYdEiw,C_bDLrkd2MF4Ej69mMMhxQ,OJrzGmk0p9op9-XdsIC9-w,1.0,2015-06-20 20:41:19,Terrible cashiers with horrible customer service. Line was 20 people long to check out...,0,0,0
xaTW_MVhDz6tFmC7ZjywIA,lUiCt0zE4Mx-XztDd4mKOQ,x_dJJs3_0xd6KRcK1vf1_Q,1.0,2018-12-24 13:40:54,"Couple of things: Worse customer service by the manager Suzanne. Found an item which apparently had a piece of bush attached to it. Went to the register to pay for it along with the other $128 items I was buying. She refused to sell us what we found on display and understood as a complete item and said we needed to buy the rest of the tree, which mind you was broke. She proceeded to have an employee look for it. Then tell me she will take the broken tree out of stock and get paid for it regardless of whether I buy it or not. What is customer service to her??   Plus talking with employees out loud about lunch breaks and who needed to take what in front of customers. The store is a disaster! Nothing in place. Planogram looks like a hurricane just came through. I'm sure her district manager would be proud.",0,0,0
fP4BMGuTLGDdFBgD1Hg8YA,C_bDLrkd2MF4Ej69mMMhxQ,6mI07eXTv-hvlouleUcuZA,2.0,2018-03-31 22:15:08,OMG this place is a war zone. You can't even enjoy a normal Ross shopping experience. The shoe section was like something out of a horror movie. This mess didn't happen all at once. This happens over hours and hours of neglect.  The only reason I didn't give it a 1 rating was because the lady in the dressing room and cashiers were nice.  But the management needs to be replaced immediately.,0,0,0
Fhbfrr1rnguVCdetYXudFw,C_bDLrkd2MF4Ej69mMMhxQ,AyZS9RFS8jaVED9NJoiHqg,5.0,2019-03-31 16:44:16,"Geniales Shopping Erlebnis  Für jeden der gerne ein wenig ""wühlen"" mag   Sonnenbrillen für 5$  Michael kors Tuniken 25$ Uvm  Ein absolutes Must Go",0,0,0
WqQvEQo5KOkvc_MsTCIAHQ,lUiCt0zE4Mx-XztDd4mKOQ,GW7dHOuL6KpLwtewAuECiQ,4.0,2019-04-03 16:02:02,Stopped in Ross while visiting  Needed a rain coat was able to get a Columbia rain jacket for 25 dollars were other stores wanted 65 to70 dollars  You do need to take a few minutes to look but can find great deals Team members were helpful and friendly,0,0,0
GdA_qa6QxmgA4YnHtc_-Xw,lUiCt0zE4Mx-XztDd4mKOQ,aQKtunGhBIALaUOLEL-cXQ,1.0,2019-04-09 22:08:45,"Today I had the most AWFUL phone experience with a so called fitting room attendant . I worked in retail for more than 3 years , I know the ins and outs of a fitting room and any area of a store . I am understanding when I call and maybe I am on hold for awhile , anything like that because I tok was an associate. But this fitting room lady today about an hour ago was disgusting . Rushing me through my question because she apparently could not be on the phone . Now I am fully aware of that , that's why people on the FLOOR answer phones , not fitting room attendants. If I have something on hold , and a question that needs attention, I need an employee. If you can't answer my question , you could simply suggest to change me over to someone who can help, and I'll gladly wait . However , she rushed me, told me she already described the dress and that's it. I'm like excuse me? I know you can't be on the phone but my question is NOT answered transfer me over to somebody who can help. Never call this Ross they don't know what they are doing , and are awful at customer service .",0,0,0
Cv_ZcSbsnZ05ZgksqxdK2w,PDJCK2RNMNVjNEdHie7_5w,YmVZbM0rlC1FdBOWYWBDyQ,1.0,2019-05-26 00:20:56,". The bathrooms were trashed, no toilet paper in the dispenser. No soap. There was that funny unwashed smell. Sale floor was disorganized. Staff was friendly though.",0,0,0
t7-pH_SggPDUUW-623Lsdw,ySWl63QyaEWJ0lSMFM6Pmg,XDjg88R2N7EIompj_QuAhg,2.0,2017-07-21 16:11:18,"I have gone to Ross several times before and although it is very sparse I have been able to find a few things like an IPad case with a shoulder strap and North Face shoes for a bargain price.  (I did not even know North Face made shoes!).  The last time I went I really did an about face.  I asked where the rest rooms were and they said an employee was using it and some one would have to open it!  I was in complete shock!  I walked back to where it was and there was a code lock on the door.   I waited a few minutes but no one came out and I even knocked on the door which I really don't like to do anyway as I get nervous when some one does it to me.   Also if someone came out maybe I could go right in.  Other than that I saw no one that would be available to let me in as the first employee I asked was the only cashier other than the unseen one in the bathroom.     Needless to say I left, went to Marshall's and even made a purchase!   If that is Ross's policy there should be signage as I would not want to go in with young children or a weak bladder!  That should discourage customers!",1,1,0
P1-QPxgeK5Crj8SVn2bL1Q,ySWl63QyaEWJ0lSMFM6Pmg,bYENop4BuQepBjM1-BI3fA,3.0,2013-12-15 02:17:00,"Ross is a weird version of TJ Max, Marshall's and Stein Mart. It actually reminded me of Marshall's in the old days. Their racks of clothes really had no organization, except for the fact that they were separated by size. The sales associate who assisted us informed us they get trucks daily, so since they didn't have what we wanted today to check back because the inventory and offering change daily. Wow, rocket science in the world of retail.   I didn't find anything to add to my closet, but they had some great offering on gadgets and gizmo's for my tool box. The housewares department was rather small, but offered some good bargains. They also had some great gift baskets with sweet and salty treats for the holiday gift exchange. Some of them were even labeled gluten free.  The employees were friendly, but the check out system moved rather slow.  Even though I found the store to be disorganized, I think I'll return. After all, they get trucks everyday which means it will be a new shopping experience.",3,0,1
nGGxXJ1o5OfXFGb6iWXBPQ,p0zM0sQ-hvfAzecBYUrL6g,qcf3A5mtPntTmmSfADo6tg,3.0,2017-12-04 14:10:39,"This location is new-ish (within the last 5 years, this entire shopping center was built), and surprisingly neat and clean. There is plenty of parking in front. This is near the middle of the strip mall. I am sure near the holiday season, parking will get tighter, as well the cleanliness of the store will deteriorate. I am rarely asked if I need help when I am at this location, though it is easy enough to find what I am looking for here. Customer service at check out is efficient enough, but nothing outstanding. Don't expect the cashier to make much of any conversation or to be quick.   Go to the location in Metairie. It may be a bit of a drive, but there are more employees for assistance and parking isn't as restrictive even during peak shopping times.",26,19,22
LiDfVUT_8VGGwsIBhZY5lw,lUiCt0zE4Mx-XztDd4mKOQ,Um5bfs5DH6eizgjH3xZsvg,3.0,2017-07-25 20:26:43,"I love Ross stores. It is a challenge for me to find them where ever I go, to see the variety of merchandise everywhere. 85% of it is the same but regionally things are different   This store isn't the most organized, but it did have some things that the others in my local area did not. Including a few high low tees that I like.  Over all, I'd come back here on a day.",2,2,2
PTd1SdSzmY69CYN3Ygs2hg,NeGwytssfYPOhqvlPRQKLQ,roWLTAvo0z1QjngXcVRYyw,3.0,2019-09-17 03:06:09,"Tienes que buscar muy bien, no había tantos shorts o faldas para mi edad, pero si encuentras buenas marcas, en especial de zapatos. Los vestidores estaban cerrados",0,0,0
0GSQwm40UTqkWrsuy9GdGw,NeGwytssfYPOhqvlPRQKLQ,Iu9S67sZjmt2ba258UEmGQ,1.0,2019-07-14 00:41:08,When the manager see there is a ling line and 1 cashier and walks away...its time for a new manager...no wonder this place has such horrible reviews,3,1,1
1bpVJzrdKxhDcei_iwLrPg,NeGwytssfYPOhqvlPRQKLQ,GAxTZ5gwUWe35yi2x_ReLw,2.0,2020-01-06 20:15:38,This is not one of the better locations they literally are paying for twice the amount of square footage for no reason.  Shelves are always half empty I don't like this location I wouldn't come here unless I had to.  Not to mention service is slow there's just one person on the register and she looks like she's half-asleep.  This store is definitely a thumbs down,1,0,0
VUPmTUZHJdrk5-qIvMvSIg,ySWl63QyaEWJ0lSMFM6Pmg,JzupCYb6JmSOY1uau40ZXw,2.0,2017-04-02 18:09:50,Literally one person checking out. Line was 10 deep. I felt sorry for the person they put in this situation. She was very polite despite feeling overwhelmed I'm sure. Ross should do better than this .,1,0,1
fpUjOB3qys_13GmDQkn9vQ,C_bDLrkd2MF4Ej69mMMhxQ,k4WGkccAoWiaAHOKKoFpqw,1.0,2018-05-11 19:57:53,"5 employees standing around the front counters. Customers standing in line and only one register open. What are they all doing? Chatting! I need to do a return and they sent me to another line. Again, their were five people standing there. Is that customer service? I will never be back.",0,0,0
eTAUDHaQSGco5MhbbglSQw,p0zM0sQ-hvfAzecBYUrL6g,Xjw5z65P_06Qju87PRl-4w,1.0,2016-05-22 22:51:36,It's ridiculous that you can't take your cart outside the store. I have a baby and could barely carry him and the stuff I've bought. Not shopping here again.,0,0,0
1IqQUgRPRqrDlLH3KSr01g,e_WaBgDx12oVOFbVcVa_cQ,-doYBxcOjqWkUcPjc29otg,3.0,2019-08-03 22:06:51,I came looking for bedsheets and I will have to go look some place else   They didn't have what I was looking for   Perfume selections looked nice   Their inventory today looked very low throughout the entire store   I still like the thrifty inexpensive prices  And I liked when I walked through the door I got the welcome,1,1,1
l__tU51KX-pHQl73mDsBBA,ySWl63QyaEWJ0lSMFM6Pmg,fmbySdwv00cdHgg6aONmgg,3.0,2019-09-30 23:49:35,"This Ross is usually well stocked and clean.  I didn't have much time to peruse all the aisles and sections of the store (like I typically do!). I was on the hunt for kitchen decor. This store was a little disappointing in that arena.  The clothing, purse and shoe sections were well organized and items easy to locate. Although there were customers waiting for checkout, cashiers were moving them through quickly.",0,0,0
FviSx06MyiwbbbAHDrvoVw,e_WaBgDx12oVOFbVcVa_cQ,C0m8JV9YjQ6i1cCUojLLLg,3.0,2019-10-06 21:42:59,"Since there isn't a Ross near me in Michigan, I have to shop at one in whatever city I visit that has one. I needed a pair of gym shoes since I left mine by the door as I rushed to the airport for my trip to Nola. There was no way I was traipsing around the French Quarter in open toe sandals or flip flops. I also purchased several cute dresses at this location. The beauty section and snack selections are great also. The prices are unbeatable at Ross.",4,0,3
XTfYfQ_10gRt1OPhdRNyMw,lUiCt0zE4Mx-XztDd4mKOQ,YGPNoELE92EflJIRXxt4Uw,5.0,2017-04-28 12:47:23,"Wow! There are so many negative reviews that are unnecessary. Ross is a great place for good deals! Period. It's not going to be the most ""organized"" someone wrote a review of a large pair of shorts being in the ""small"" session. Get over yourselves smh. Staff is always very nice and helpful here!! Love going in for gift ideas and affordable clothing. Keep up the good work guys!!",0,0,0
m_qDq1ZTKWu1jPSiUGUyjg,ySWl63QyaEWJ0lSMFM6Pmg,Y-Pdftla2MJOWFmNFJBaMg,5.0,2013-12-09 18:18:41,Best Ross store I've been to!  Clean and bright store with attentive but not pushy staff.,1,0,1
MLIzxUhd8YpaD7ANTAM5Yg,C_bDLrkd2MF4Ej69mMMhxQ,LcBq3wwJiK4yyjnPJzVm8Q,5.0,2016-05-09 03:10:13,You have to understand people do call out.When jobs are short of people we have to make it work. I'm sorry some of you had bad experiences. I work their and we are trying oir best. Come back and you will see!!,0,0,0
UZSSGMOh1WwV-4XuVpFO2g,ySWl63QyaEWJ0lSMFM6Pmg,IQmGwqXgnyPubU7T_lF0fQ,3.0,2019-05-27 01:30:20,Came here 30 minutes before they closed and the employees just all wanted to get home. We found some good quality stuff there but there was no time to try them on. I think maybe management and pay were the issue but all the customers in line felt like they were being ushered out the door.,1,0,0
9QlILVfAm0VFd91HvqeZUg,C_bDLrkd2MF4Ej69mMMhxQ,6uNH0CIK0uNGpCTg_O9HMw,5.0,2019-04-18 18:30:46,"The staff here really know how to represent the brand. I arrived early at 8:45 am a little before they opened. The store clerk saw me waiting and opened early at 8:50am. This was impressive to me as most associates would wait to exactly 9am and open at 9:01am. To me it's better when an establishment opens early rather than late. Glad to see that they prioritize promptness and customer service. After walking in the store I was immediately welcomed and went to the area with the items I was looking for. The store is well organized and the handbag section is color coordinated. In most ROSS stores, it's difficult to find what you need as you shuffle through the piles of inventory without any idea of what you'll find. The store was bright and clean and impressively the store clerk checked me out immediately after I approached the cashier area. Love this location and the selection they offer, will definitely be back again when I'm in the area.",0,0,0
W_DfR4GTU7MxIoNht0C_0w,ySWl63QyaEWJ0lSMFM6Pmg,T6UJmxdfaGMCfXsnV9q6Qg,5.0,2013-11-24 19:33:14,I have bought three shoes from this store. They have the best selection in comparison to Marshall's. I love Ross!,2,0,1
eNsFOcn4pjZLulhM2omDIA,NeGwytssfYPOhqvlPRQKLQ,ivW0Vad81qJ8SIgqJ8p1Mw,4.0,2014-03-11 00:31:31,Very large but almost empty  They have the all the aisles so far apart because there is very little merchandise  but it is clean...a lot cleaner than most of the Ross' I have been too.  I would shop here again!!! Found two Bali Sports Bras for only $3.99 for the pair,1,0,0
XpkcqFh5PZA4uXDlQH7DrA,ySWl63QyaEWJ0lSMFM6Pmg,bYENop4BuQepBjM1-BI3fA,4.0,2014-07-28 23:28:05,"We were at Deer Creek shopping at GFS and thought we should walk around to check out the other stores as well. We are so glad that we did, because we found some good bargains. Here at Ross Dress For Less, we found a pair of Nautica khaki shorts for $4.99. That is an insanely low price! That is yard sale or Goodwill pricing. You have to be patient and flip throughout the racks, but you can dress for less at Ross.",6,2,2
wTB46nsyNJw6kxYmZOQXNQ,PDJCK2RNMNVjNEdHie7_5w,R038NZpsomVm-EdVqVFuMw,1.0,2019-04-20 11:04:07,"I watched this stores management FIRE a young man we working security for escorting a scared woman to her car. As someone who works a security job I have to say the management is out of their minds. At a store with this bad of a consumer rating, in this bad of am area they fired a man for going above and beyond in the course of his job. Despite this store being closer and more affordable than pretty much anything else I will no longer do business with them. In my experience the absolute best way to judge a buisness is on how it treats its employees. I wouldnt have given this Ross a 1 star or even bothered opening yelp about the staff shortage, long wait lines, measly merchandise option, infrequent stock updates or even the lack of cleanliness, lack of professionalism. I shopped at Ross in Florrisant, none of this would have phased, surprised or insulted me in the least.  But ever since this happened a few weeks ago its been eating at me since that I did not speak up to give this ""management team"" a piece of my mind. Instead I noted that it was fucked up, finished checking out and left. Shame on me for not calling these ""leaders"" on their actions and shame on you ROSS management for teaching that young man that hard work in his job is just a risk to himself. Please avoid this store if it is in your budget to do so. Vote with your wallet and if you happen to see these managers treating their employees poorly PLEASE speak up for them. Your word as a customer carries a lot more weight to ROSS payroll than the poor employees who have to deal with these inconsiderate, untrained individuals day in and day out.",1,0,1
OB-CbvMpym0pk_P9UOrAog,NeGwytssfYPOhqvlPRQKLQ,F0y12PxoMDbaxBK4iuxaqg,1.0,2017-11-04 03:00:40,This is the worst Ross I have ever been to.  It feels like the store is going out of business.  I have been 3 different times and it is always the same.,1,0,0
CF0YmT3DbuLJYGbMwXR7ZQ,NeGwytssfYPOhqvlPRQKLQ,n0B9w-c4ZVPVjJNBEbrbsQ,1.0,2020-02-19 18:19:38,"Dressing room was closed, with instruction to try on clothes in the two makeshift, port-a-potty style fitting rooms at the front of the store. On a Saturday night, these were full, with lines of shoppers patiently waiting, and with no attendant monitoring the rooms. The employees at the register shrugged, when I remarked that it's unusual to have to wait so long for a fitting room on a Sunday night, and said, ""It's that way EVERY Sunday night!"" After about ten minutes of waiting, and no movement in the line, I gave up, bought the clothes, and went home to try them on. Most of them were duds. When I went to return them on a Wednesday afternoon at 2pm, I noticed the same problem with the fitting rooms. When I asked an employee if there's ever a time when a shopper can access the fitting rooms more efficiently, or if the proper dressing room was ever open, she wasn't much help. Going forward, I'll happily shop at the Old Navy next door instead of returning to Ross.",0,0,0
0PU05Lyp95apDB1Hbw0yIQ,NeGwytssfYPOhqvlPRQKLQ,AEowRtLGb_AdqFAZ8e6C9A,4.0,2021-01-26 04:12:52,"Friendly staff, clean store, easy parking and decent regular prices with amazing sales (clearance tags). Inventory is very limited right now with many empty shelves but at least they are open- with COVID19 the surplus/ liquidation supply  chain is very limited so happy to have at least some bargains.",1,0,0
NVLJZBLl8TLRWpp_DYc8cg,NeGwytssfYPOhqvlPRQKLQ,mAG8Yzzq_JY0OeBYmlhQCg,1.0,2019-08-07 00:21:37,"What on earth is happening to this store??  Looks like a dumpy thrift store.  I was so disappointed, Brought my mom in from out of state.  We walked around a few minutes and left.  Are y'all closing?  Or do you have new management??  I have never seen the store look like this. At least I know that I shouldn't waste my time.  I wouldn't be surprised if this place closes, Doesn't fit In this area.",2,2,1
Co7yLj3cz1xgYGYzzsgv2A,NeGwytssfYPOhqvlPRQKLQ,xywXoLnG7qWIayFu8oZQgQ,2.0,2015-05-20 19:28:05,"This has to be the most unorganized Ross I have ever been into, along with attitude. The cashier wouldn't let me get two hangers for my shirts...I have ALWAYS been able to get two hangers. I dont want them wrinkled.  Not much product in here. Hardly any jewelry.  Will not be back at this location.",4,1,1
i7VtqgnXZR6uLlhBOXy0FQ,C_bDLrkd2MF4Ej69mMMhxQ,l1fnfNL5vh6DYEXAHt8QtQ,1.0,2019-10-10 22:27:49,I have been in mag Ross stores. This is by far the dirtiest. The dressing room were so dirty I decided not to try the clothes on I had selected. Do not shop here!,0,1,0
QkjkRwTcuBompg6MYn9Pbw,lUiCt0zE4Mx-XztDd4mKOQ,YAK9HlH2g6-4XhZqdpw1PA,2.0,2015-10-16 21:23:12,I don't like how they got rid of their clearance aisle in the home decor section. And there selection on men's size 36 shorts was so small. And they were all ugly.,1,0,0
xQVMHSNLMR3CwAcyixHTcQ,C_bDLrkd2MF4Ej69mMMhxQ,xywXoLnG7qWIayFu8oZQgQ,5.0,2016-06-23 23:25:27,"I love Ross stores and this is a good one!! Lots of items. Fully stocked.  Came in for beach towels, they had good ones. Polo Ralph Lauren and other major brands  Nice Ross-",6,3,6
D_EgXqhAETXLhh1rqcYXiA,lUiCt0zE4Mx-XztDd4mKOQ,uQY03sjjoHSBGb0bIUR9Vw,1.0,2017-03-09 00:47:53,"Nope, nah, no thanks.  We looked around and there was zero here that we wanted or needed.",1,0,0
vSlRbpzB02IW2MfmowfOFg,p0zM0sQ-hvfAzecBYUrL6g,uBlRBYV2KETO2KvxEWJEHg,5.0,2021-07-22 17:04:13,"I mean I just love Ross! No you don't find something every time you visit, but you never know what you may find unless you drop in every time you pass one.",1,0,1
u1ygA6cnVtokFfvXMoUejg,ySWl63QyaEWJ0lSMFM6Pmg,mCxnEeVvxiJcSfH8iUxnCA,1.0,2020-08-21 16:28:27,Ross is my favorite store to shop at. I'm visiting from California and just left this store. There is no where posted in the store a customer can not try on clothing. I was trying on a jacket in the isle and was rudely told by store greeting security lady we are not allow to try on clothes. We can buy them take them try them on at home and return if needed. I think not being able to trying on clothing should be posted at the store entrance and well as on the clothing racks.,0,0,0
byoA1RLD-CB0ISg93k41VA,ySWl63QyaEWJ0lSMFM6Pmg,Hc7w6iWhfbyaEiqWAH3YVg,2.0,2017-05-21 23:37:51,Customer service skill and general training seems to be lacking. I stepped on a security tag tack and it stabbed into the bottom of my foot. I didn't really expect anyone to care but I spent 30 minutes waiting to fill out an incident report. It's important that these things get officially put on the record though I feel anyway owners will know about it and can do something to Proof failing stores.,3,0,0
_EdoCpNLqIv-MBnx-JEW6g,lUiCt0zE4Mx-XztDd4mKOQ,pxk0U0oWdZuOXPlJ3y-r9A,4.0,2021-02-12 18:20:20,"I love this store! Yes, the customer service is very bad, but I don't go there to meet a friend. I go there because I love the home decor, and clothing selection. I have my entire kitchen decorated with things from this store, and my favorite cardigan sweater came from this store. I don't pay full price for anything anymore thanks to this store, and a couple others! You're greeted here by security, and you can put on some hand sanitizer, and grab a mask when you enter. The fitting rooms are still closed (major darn), but overall I love this store. If they got some happy people in here, it would make it 100% better. They run people off when the people are grumpy and sour.",3,0,2
4uFjo66JIarGqe-SzUZQHw,p0zM0sQ-hvfAzecBYUrL6g,kQX4IZc95PkbkMcS9UbYOQ,3.0,2016-05-27 22:02:04,"I love Ross. I have been shopping at various locations for years, before they were in the New Orleans area even, when I lived in central Texas for a hot minute in the 1990s. I LOVE ROSS.   This location though...kinda weak. Weak selection with lots of half empty racks. I have only encountered nice folks working there, but I don't often find that they stock this location as well as the suburban locales.  I'll keep trying though. I'd prefer to keep my tax dollars in my parish,  Help me out ROSS! I want to buy things at your store!",7,3,2
iqH1F4vZuLsbtPqDGbS0Ng,NeGwytssfYPOhqvlPRQKLQ,B5rXIlW1sNDngB9CnnEnwQ,2.0,2021-06-19 20:47:41,Store was not well stocked. Waited 35 minutes in line one cashier. Asked cashier who was very kind if this was the normal or if they were shorthanded she said shorthanded but looks from reviews it's the norm. Will not be back to this store,0,0,0
IhR1I5078w1_iDqzmja9Vg,ySWl63QyaEWJ0lSMFM6Pmg,hFkYfslPCS5nlRbf2TWQOg,1.0,2018-01-27 21:24:34,"Absolutely the worst customer service I have ever received. The manager is so rude and their luggage is cheap. Do not ever buy luggage here. And you will never be able to return it because even just by rolling the wheels outside to bring it to your car and bring it back to the store, they'll call it used.",4,0,0
FuWSltfaL0xFszAUqiLmkA,PDJCK2RNMNVjNEdHie7_5w,Ys_FCNyZPsOyDMp8TdUrDA,1.0,2019-07-09 20:51:18,"Any location except this one. Maybe they have high theft or something so they give us trash here, but it is trash.  Go to Alton, Edwardsville, Manchester, Maplewood, anywhere but here.",3,0,0
K6LIfDvrBkHxEsDEXtpgbQ,NeGwytssfYPOhqvlPRQKLQ,dgsJxr_8LslWKNAstz459Q,1.0,2019-05-20 22:03:36,Want to try on something? Be prepared to stand in line for 15 + minutes and you'll Find yourself squeezing into a little box with clothes Thrown all over no place for you to hang yours. Just terrible.,3,1,1
eGiidVvgLmfQxDM3jaDwpw,PDJCK2RNMNVjNEdHie7_5w,86FVF_ZqDFoyv-eFeWwHRQ,5.0,2020-09-13 21:11:53,"A year ago this Ross looked like a upside down mess! But over the last year I have noticed a vast improvement, even with Covid it has gotten much more organized and has more stock than most of they other Ross stores I've shopped at. SoI thought I would talk to the manager a week ago and saw why this store even in a rough and economically challenged area is nice regardless. Everyone of the staff is wearing masks are courteous  and you always get a Welcome at his Ross  door! What more can you ask for. Great service has a lot to do with management so kudos! to Store Manager Michael always professional and dose his best to help with a situation you may have all within reason. But none the less Thank You Mr. Michael !  and all the ladies working to make it a nice experience",0,0,0
hwczKKqeWBAYGJ4sDyV9ug,p0zM0sQ-hvfAzecBYUrL6g,2jCrH48LDG4c3ja4CLh0qg,4.0,2020-02-05 03:13:35,"True Life: I'm addicted to Ross.  I've been lost in the dark tunnel of youtube and have come across a few channels that outline the crazy markdowns a few stores do throughout the year.  Ross happened to be one and holy crud they weren't joking. Being able to snag tons of items for .49 for holiday decor and then picking up Calphalon pans for $1.99 in another sale. It's insane what you can pick up here.  They don't promote these markdowns publicly so it's a matter of luck. Even outside of these crazy sales, I always find some awesome markdowns to snag and take home.",11,8,12
jreOJ3K2wzX_EsyddigC8g,p0zM0sQ-hvfAzecBYUrL6g,dYUNwoy7-l-cGQv9xjJiUQ,1.0,2016-04-26 18:47:24,30 min wait in line. One cashier with 6 other employees talking to each other. This place got ghetto quick. Fire all the lazy people and start over. From the manager down.,2,0,0
Rez-21xpxPcLyEVhspNVfQ,PDJCK2RNMNVjNEdHie7_5w,Yq5in9LWs84lUP2CkNSrKg,1.0,2016-10-28 22:17:27,"2 checkers, too many customers. Its like this all the time. My second and last time here. Ridiculous!  Also, the clothing supply/choices are mediocre at best.",1,0,0
722PMLV-pgwtoDDCTfL-WQ,e_WaBgDx12oVOFbVcVa_cQ,ES4QA9zxqPsX5MKCJPzHHA,4.0,2021-11-12 07:31:33,"This is one busy Ross store, even in the middle of the week during an afternoon! Came by to quickly buy a kitchen mat and there were lots of female shoppers! Very clean and staff and customers mostly wore masks. Everything was well organized and they had displayed all the holiday decorations and candy confections in a pleasing arrangement.",0,0,0
uMvmgCkc_yt59FrrHr87Dg,p0zM0sQ-hvfAzecBYUrL6g,bcIDWppcWLYEBNFyShWA-w,1.0,2021-10-15 04:34:47,Stay away from the cashier Monet. She will clock out in any second and lacks professionalism. She priced an item incorrectly and refused to change it and argued it down even after being told by her colleagues it was the wrong price. I have been patronizing this Ross for years and never encountered such rude behavior from an employee. The manager and the security guards are always nice. Hopefully she gets the help she needs. It's evident that's there an emotional irregularity present in her.,0,0,0
kItTynE4cT79m60En_ErYw,ySWl63QyaEWJ0lSMFM6Pmg,5Ak4Tk-Y1UzSS8epeMI5gA,1.0,2019-09-24 17:43:01,"I bought a bag from here before I went out of town for 2 weeks. By the second day of using it, it began tearing by the handles. I then tried to be very careful and not overuse it but because I was out of town and it was the only bag I had, I still had use it and wait to return when I got back.  When trying to return today, they rejected it saying that they don't know if it just ripped from me using it or putting too much weight in it. I explained that it ripped the second day I used it and had nothing to do with weight as I had barely anything in it.   Manager says that if I would've returned it within the first week of getting it then they might have accepted it, but again I made very clear to them that I was out of town for two weeks and couldn't return it until now. They didn't even offer store credit or any other options, just rejected the return.   Very unhappy with the customer service here, they spoke down to me and wouldn't even let me finish my sentences when trying to explain that the bag ripping was from weak handles, not from me over using it.",2,2,0
7hFTXpvw5np4py3uCZsnAw,NeGwytssfYPOhqvlPRQKLQ,FjePDIdjRVP4aZoD5zjK0Q,1.0,2020-12-02 18:35:59,"I found a rug that had been opened by a previous customer, laying on the ground, I asked for an employee to help me find the price bc it wasn't on it and there wasn't another one around. One of the employees said I'm going to look for a price of a rug that is the same size. She finds a 5x7 rug for $49.99. I said well are you sure that's the right price bc -another rug that's 5x7 is $29.99. The employee is like the lowest I can do is give it to you for $44.99. I'm like fine. I go to the cashier. The employee tells the cashier $44.99. The store manager is discussing with other employee scheduling bc an employee is leaving. So she's clearly upset about that. Then the cashier is like it's $49.99 and I said the other employee said it was $44.99 and the store manager said I override her and was being rude about it. Like seriously, your employee tells me a price and you want to dispute $6 dollars. Let me guess it's Ross dress for less not rug for less. Smdh",0,0,0
ogInBb0D48gjErUndApNTw,p0zM0sQ-hvfAzecBYUrL6g,bNuPHSFr3UYE0MBozGDjXw,1.0,2020-05-25 22:11:23,"This used to a place for great finds but it has gone downhill recently. The inventory is low and options are far to come by. It's also disorganized. Hopefully, when it re-opens it'll be better.",0,0,1
ZxaQGE9cg-v1KYwuun1o4A,p0zM0sQ-hvfAzecBYUrL6g,7_PFKDFXMOBxh9UW7kB6vA,1.0,2021-11-21 19:18:00,This store in New Orleans was overcrowded the fire dept should have been called the line stretched from the front all the way to the back wall shameful,0,0,0
66V8HqlEi328DaXQot9xYA,_8A-0knz2yjMX5XlevSRow,j6TbuhrCNw9M4uv0QNVcxA,4.0,2018-08-14 16:37:21,I like this Ross compared to others I've been to. Everyone working is usually friendly and helpful. It's still Ross so I guess you can't expect stellar service. The girls arent exactly enthusiastic but the low prices and good selection make up for it.,0,0,0
h3JoxGXWMdiQNIDLDuZwcw,brMNsgCN-DQAMUI3wFRL-A,Um5bfs5DH6eizgjH3xZsvg,4.0,2013-12-10 05:19:26,"Far better selection than they had when they first opened! I'm glad I gave them a 2nd shot. One of the cleaner Ross' in the area too.. fairly well organised.   I went with a friend to take a look at the offerings and see if they had any options for a Christmas party, and lo and behold, I found exactly what I was looking for!    I ended up buying far more than I intended, but I'm certainly not upset that I did! I got basically a whole holiday wardrobe for less than $100.00.",0,0,0
XTfktUQ7L1b-x6BzI6o2YQ,JhpRvhqHzs2727zo8gVTqQ,n_q3wfqMEtJKnp78gIfxLA,5.0,2017-05-01 05:16:31,I like this place and I found my new luggage to use when I go back home. My wife loves this place and bought to many things to me carry.,0,0,0
8AYxLj9Z6zRQOQRHfgjZnQ,q_m6uTVdXS-OuD39e53r5g,iCE8eMcxTCs4WpPy675w7A,1.0,2012-05-01 16:40:43,"Very empty store. Staff non-existent. Products are jumbled together and is basically a mess. I realize this is a discount store, but I've been to other Ross stores that are clean, neat and merchandised nicely.  One cash register open, Friday morning, and there were 15 people in line. What little staff walked by, took one look at the line and took off. The cashier soldiered on, but looked pretty irritated.   Not worth the stop.",2,0,0
V4z08lZUMckxT0mpoekJHQ,q_m6uTVdXS-OuD39e53r5g,M6FZmZyVIx6QtL-iZIVpfg,4.0,2015-01-04 03:44:37,"It did feel a little empty when I walked in today.  But after my horrible experience at Kohl's, I felt down right pampered here. I find everything I wanted and then some.  The only reason for four stars rather than five is that there wasn't a lot of inventory.",0,0,0
wldkmyznRbwBEiEYBRPSSw,q_m6uTVdXS-OuD39e53r5g,vea4E2-m_gshhYy_1W-lxQ,4.0,2014-06-29 21:17:08,"I really like getting sheets, kitchen, and bathroom stuff here. They also have some great decorating things that are great, especially if you are on a budget like me. The clothes are cute and trendy but there aren't many choices in the larger sizes. Overall pretty great!",1,0,0
o3SIQ5lyWGIZMhsOB-iGRQ,JhpRvhqHzs2727zo8gVTqQ,v0OkZhLrYNHxoFgXIosW4Q,4.0,2016-08-27 05:06:30,Always a little something for everyone. Great clearance prices and popular brands my kids love.,0,0,0
QSjdnXCjQMhLOBih-oZOYg,ZIv2YOgo4oIjSMq-EGifGw,WSptrgW8NLFBNvw1FOpifw,3.0,2012-04-02 16:51:11,The selection here was okay. I don't know what it is about the Ross stores in town; they're all pretty ghetto and have poor to okay selections. Sigh.. but I can't help to go back in hopes of scoring a good deal. There's seriously something wrong with me.. like masochism. lol,0,2,0
LfQrhRPcF0ZqaiXznAgVyA,ZIv2YOgo4oIjSMq-EGifGw,ivW0Vad81qJ8SIgqJ8p1Mw,5.0,2013-12-10 09:31:19,One of my favorite shopping locations..I love Ross and this location is very large and clean..tons of great selections..I enjoy this location the best...I usually spend well over a $100 every visit...but definitely worth it..great bargains,2,0,0
9NMCxO2sx7HKReYWVlNhhg,ZIv2YOgo4oIjSMq-EGifGw,GQ32mErzTq7OGThhXHJtnw,4.0,2014-09-11 19:40:15,"Nice place to shop for decent clothing. I even find stuff i can wear to work for less than 10 dollars a piece. But, you will need to have the time, energy and patience of going through all those clothes because most times they are not so organized. It is not unusual that you will find an XS or XL in the medium section.",1,0,0
JjEbvFcGR6mCihhg0_QAWA,JhpRvhqHzs2727zo8gVTqQ,4qXTMirb3noPUosWj_Pfvw,3.0,2015-01-24 20:48:06,"Beware upon entry to the parking lot, this is one of the lots that has HUGE speed bumps! They are as tall as the sidewalk curbs.  Now onto the store. I was kindly greeted by security upon entry. The store was clean and there weren't a bunch of kids running around unsupervised which was nice. I was surprised by all of the empty spaces on the shelves though. They could have easily fit thousands of dollars more worth of merchandise and still not been cluttered feeling. Everything I stopped to look at just seemed to be lacking in selection with plenty of room to expand in many different areas. I guess management likes the minimalist style in this store.",0,0,0
Hd-cLn3JBzFYZ2DIPrvgyA,_8A-0knz2yjMX5XlevSRow,1F5wbSbtUBzxS8IsM7fWsA,2.0,2017-11-10 17:03:46,"Picked up some super cute gift bags here. The interior is lackluster and drab but it's exactly what you might expect from a thrift retailer. You'll find your regular stock of affordable clothing and home goods as well as trendy snacks.  I'm really disappointed with customer service here. The cashier couldn't find the price tag on my item so she called her manager for help. I volunteered to grab another similar item with a price tag but she declined. Instead they decided to charge some arbitrary price. I went back and grabbed the other item anyway to prove they were wrong so we had to go through the 10 minute hassle of the cashier refunding and recapturing my purchases. All of this could have been avoided if she would just let me walk two minutes to get a price tag.  Honestly, I'd recommend you just go to TJ Maxx next door. It's much cheerier and well laid out in there. You'll get the same types of clothes and even more selection of home goods.",4,2,3
--soOfk41dFF28IazQFLqQ,nm1R94P2eXyWjgo-YK34VA,7unU7S_HDYKUjR253rsA2Q,1.0,2016-06-26 20:53:31,"I don't even know why this Ross has a men's department. I have been to several Ross locations and they had a decent selection. This Ross has nothing, at least that I like. The women's selection is large, my wife always walks out with a cart full but the men's section. NOT!!!!",1,0,0
P61N5m-Bp83z9bIXQHfNig,brMNsgCN-DQAMUI3wFRL-A,MffUZOdQBTUXbA5J0fqzcg,4.0,2018-06-21 02:02:26,Definitely need more cashiers. But when I go to any Ross store I kinda expect to wait in line.  I know that going in.  Seems to be like that in all there stores. But the prices are great so I will wait. I always seem to find some great finds at this location verses other locations.  I always stop  in when I'm in the area .,1,0,0
cLpG5IGAZMTvoxmcACHETQ,brMNsgCN-DQAMUI3wFRL-A,c_Jpjy4O1bVB3P1ru5G7Bw,4.0,2014-01-23 16:54:18,"Ross is fantastic if you need to look glamorous on a budget. This store especially has a huge selection of dresses, and not just the kind your grandma wears (forgive me if she's a snazzy dresser).   Yesterday I found at least 5 dresses that I wanted to try on. Their dressing rooms are huge, so it's not difficult to find a stall. The most expensive dress I tried on in there was less than thirty dollars. I think that speaks for how affordable this place is.  I agree with Dianna about the organization being up to par. I am a shopper on a mission and usually know exactly what I want, so I'm very thankful for the way that Ross has their departments split up. ""Supermarket Sweep"" types would appreciate this place.  To sum it up, Ross has the prices of a flea market with out all of the dust and questionable history.",3,2,3
HS4fZrZYdoL1drEyOakxmw,nm1R94P2eXyWjgo-YK34VA,ykBMq1kmsczC6x901H-IFw,4.0,2017-07-11 14:53:03,"When I go here I always find a good deal especially in home decor and clothing.  This store is well kept for the most part. The employees are friendly except one woman at the dressing room who argued back and forth with a customer for trying to cut the line.   The area is safe and the store is in a good well lit location.   There is plenty of parking as there is a strip mall nearby located in a huge shopping complex called Cedarbrook Plaza with a Walmart, Dollar tree, Jomar, Modells, CLC bookstore, and grocery store! You can find pretty much anything you need near this Ross.  This is definitely the place to go for a good deal and other shopping needs.",0,0,0
mdyvAFlghX-xC_Jx-ur3BA,brMNsgCN-DQAMUI3wFRL-A,ng5jltFcaDA7ZiprOgjB5Q,2.0,2014-02-08 04:03:16,Fui una vez y definitivamente necesita más inventario. Sólo lleva un año abierto...le daré tempo,0,0,0
pYHpjbAc_P9b8uhKh0my9w,JhpRvhqHzs2727zo8gVTqQ,TLpnu9BZNLTuB1ngxjnIpA,3.0,2013-03-04 23:59:44,This Ross is just odd.  Very organized and clean.  But it has so little in merchandise or variety that keeping things in line would be easy.  The folks here are friendly and seem to stay busy lining things up on those shelves.,2,0,0
N7l3G6Ok-7mNBiTExD7qCQ,ZIv2YOgo4oIjSMq-EGifGw,IBmh-oAruojCYsKeRacfyA,1.0,2017-05-24 19:00:54,"Ross has amazing stuff and unbeatable prices. But I would skip this location and drive to another. The upper management doesn't seem to have a grip on their employees. How do I know? From the employees loudly chatting about how they hate their job, hate customers and would rather have any other job than their current one. Not only do they speak these things loudly but will gladly do it while you are checking out. Another reason- complete laziness. The place is dirty and out of order. The cashiers shout for all customers in line to remove their own hangers and place them on a rack. I have never been to a place that would allow this?! Like you can't remove a hanger from an item for a customer? Say thank you? Nothing?! And asking for help is like pulling teeth, either you will hear cussing under heir breath while attempting to help or will get zero help. They literally throw your items (glass or not) in a bag, roll their eyes and yell in your face ""NEXT CUSTOMER!!!""",0,0,0
vEdixZjD7rlczLxVAuXNuw,JhpRvhqHzs2727zo8gVTqQ,_Dchbd4VJwjharlUg10mxw,1.0,2017-11-28 00:23:47,"So mad right now! I purchased an outfit for my baby girl, the clerk did not remove the security tag, and I didn't notice until I went to put it on my daughter. Tried to get the clerk to take off the tag and they refused because I have no receipt! It was their fault this happened in the first place!",0,0,0
gxW2IspYLGFN_ZbNaWptSQ,JhpRvhqHzs2727zo8gVTqQ,mW-kokySHvsDhfNY60bi4Q,1.0,2016-07-30 19:18:33,"Ross on Kietzke lane in Reno, Nv has the worst customer service ever...Specifically an employee named Lupe... She has the rudest attitude and acts like your bothering her when she helps you... She should not be working with the public... She is loosing business for Ross.. I will never go there again...",1,0,0
mn93nR8r81_JudXHuKLZKg,u-TXTJexhAeGCwYcS5EE5A,sSSdkQJvpX22iP7UgAFRVA,2.0,2015-01-08 04:43:17,Love Ross but this Ross would be way better if they employees that work there would be nicer and more courteous. Most of them rarely smile or acknowledge you. Also the lines are almost always very long there unless you go right when they open. On the plus side...this is one of the cleaner Rosses...,0,0,0
CqReBWWkk9ADQE9wULZ5wQ,ZIv2YOgo4oIjSMq-EGifGw,7s-K8rTuoM03bB9IJqQ_0A,1.0,2015-12-03 04:24:47,"Maybe I'm spoiled by the Ross in Smyrna . It's clean.. Organized & fully stocked with low price items ! This location is exactly the opposite. I walked in & though it was spacious , it lacked product . I couldn't find an associate to assist me . I walked aisle from aisle ... I walked towards the front for help . I didn't find help... Just more ehhh mess .. All over the store .   I'm in the process of moving so I enjoy places like Ross or Tj Maxx for small decor . Upon coming to this location I figured it's an high volume area which means better product . I was sadly mistaken . I'll stick to the Smyrna location & more miles on my car ... Well worth it .",2,0,0
cL3gf_lFLE1BCicJgp-UlA,u-TXTJexhAeGCwYcS5EE5A,J7qboaD38ra2I0EMb3dqHA,2.0,2015-05-18 20:09:25,"This location used to be very good, however it seams that the last few times i have went there the attendants at the dressing rooms have been rude in their mannerisms. This is becoming a big let down. It is a clean location and i agree the lines do get long and the other employees do not go to the other cash registers to help out. If you have been standing in line for 5-10 min then maybe they will go on. Just annoying.",1,0,0
n1Emekgtp0vEMAVUVQ19Bg,JhpRvhqHzs2727zo8gVTqQ,INWXvayDha89jqkqtFUYjg,2.0,2017-11-01 10:26:46,Lots of empty shelves and clothing racks here...I prefer the Ross in Spanish Springs because it has so much stuff! I wish they had more stuff at this location.,0,0,0
MIdwnVLBeGw-JaPexWQoHg,ZIv2YOgo4oIjSMq-EGifGw,tLHTBiEShMDd-nHkwegP-w,5.0,2014-04-13 16:29:17,One of my favorite stores. Great prices on name brand clothing. Always come out with a purchase. Nice home deccorations.,1,0,0
UkiFA6MxEDpJtvEtXq_zuQ,JhpRvhqHzs2727zo8gVTqQ,m7lTPZhqOAhadzsR6eAusQ,1.0,2016-03-26 23:17:24,"I love going to Ross for their clothes and great finds on housewares.  I have to say though that this Ross store in Sparks, NV has consistently had the rudest employees of any retail store I have ever been to. I can do without it.",1,0,0
HDR5YJLBPckCMd-_zH-dbQ,u-TXTJexhAeGCwYcS5EE5A,KHOEeBORWu62w5z3yZqGPA,3.0,2017-11-29 17:00:00,Pretty decent considering it's Ross. Aisles weren't very crowded and there was space to move around. Best time to go is during the week mid morning--weekends will have you wanting to pull your hair out. It's centrally locates to where if you get hungry you can pop into a FF place or get yummy treats at checkout. Either way it's a win win,1,0,0
nOIuSc0pb2Nf-5f3F6Rkgg,ZIv2YOgo4oIjSMq-EGifGw,TYwQtORbORzcX22xdYBx1g,3.0,2011-06-28 05:14:25,"I'm always intrigued to see a Ross next to a TJMaxx or a Marshall's.  Ross is definitely the two's less attractive little sister.  The store is not as well stocked as the Marshall's next door, but you can still find some great bargains.    For me, today's visit was all about t-shirts and underwear.  I grabbed some AMAZING Jockey t-shirts retailing for $24 each for $5.99.  They feel like linen and love on my back.    It's a great little location and there's tons of parking.  Check the stock often, as it changes all the time.",1,0,1
Mts-LxjlkCCevZXsL4b_9A,q_m6uTVdXS-OuD39e53r5g,FlXJ-dz6s3jj3aJw0enqKg,3.0,2016-03-26 17:20:52,They closed early on a wednesday night and not one person would even give us eye contact. I did call in and emailed them to let them know what the deal was.  We were not the only ones who saw this three to four others as well.  I did get a call back saying they would look into it. This is not the only Ross who has issues in Texas which is where I am from we have problems there too with employees just not caring.  The reason for my review is in hope they will get better management.  I think the store is a good idea but just not neat really and sorry management =(,0,1,1
3Kk0-hKNeBBSlLRZavVwSQ,ZIv2YOgo4oIjSMq-EGifGw,rC5qUOgaA_w4ritXU5gc8Q,4.0,2016-08-18 01:38:32,"Ross is the place where my son has scored some great shoe deals...Jordans!  He's happy so I'm happy!  I don't particularly care for Ross, I'm a TJMaxx chick!  Jewelry selection just doesn't compare!  Nor does the home section.  I always head for the kitchen, linens and towels area.  Few times have I purchased anything for myself or home from this location!  Staff greet you as you enter and I like that!  Store isn't cluttered, actually it's quite sparse.  I'm a neat freak BUT I love my overly stocked shelves at the Maxx!  I love choices and selections!  I've rarely seen any new items week to week here...is business that bad?  I know everyone has opinions and preferences and I am completely biased for the Maxx!  No slight to this store, though.  Staff are friendly and accommodating as they should be!  Check it out!",1,0,0
t3I3F2CSDMo-pooLryGGYw,nm1R94P2eXyWjgo-YK34VA,-l5HFCjV6nKqp6PAcqObpA,1.0,2016-07-23 23:33:28,Horrible ! Shoes are everywhere in here . When you do find nice shoes they're beat up and look as if ppl wore them outside already .,0,0,0
6hqYF-tLEhhMJ5Z0GVSQ0Q,nm1R94P2eXyWjgo-YK34VA,I4Vg_nSW_7fImZ3kcckWgw,1.0,2019-08-10 11:42:00,"Even for a Ross, and I usually like Ross, this store is an unpleasant mess.  Despite finding a small number of items in the tiny Men's section that might have been good buys, we left without making a purchase because of the extremely unfriendly dressing room staff. I got yelled at for crossing some kind of invisible line in the dressing area to show my wife an item we'd picked out. Then my wife got yelled at for entering the dressing area to see the fit on me.   ""I don't make the rules, I don't make the rules"" barks the attendant. Well, we'll take our business somewhere the staff don't treat customers like prisoners.",0,0,0
f6P6YUBSg3rdrVwY_UqUwg,brMNsgCN-DQAMUI3wFRL-A,ui6IG2j8UiONd3mnZzprbg,3.0,2014-06-27 02:19:57,Live Ross as a store.  This Ross is my least of my favorites that I go to.  Not friendly staff and don't find as much at this location.  The Ross in Palm Harbor is much better.,0,0,0
AK2FX1WIC6gjH3sYKoWsGw,_8A-0knz2yjMX5XlevSRow,t1WDs3rPQGtY2k3wf6KMkQ,1.0,2019-10-10 01:49:17,Rediculous they have only 2 fitting rooms located at the front of store in these small made up rooms. Took 20 mins just to wait for a fitting room,0,0,0
pkIz9flgDJzwvG33Bh5XdQ,brMNsgCN-DQAMUI3wFRL-A,nNshzzJFa0Wh--haLZQVIg,1.0,2018-06-10 17:44:56,"Please hire more staff. You are losing customers as they don't want to wait in line 10 plus people while only 2 cashiers are working on a Sunday afternoon. Might want to train the Loss Prevention Associate on how to run a register. And the Associate Dorothy at this store, needs to be a bit more in tune to her surroundings. I truly thought she was a customer waiting for someone who was in the long line up by the entrance to the store. As I was FINALLY checking out, she decided to hop on a register.",1,0,0
UFkklRT1g14rdJWZ6C6HQw,q_m6uTVdXS-OuD39e53r5g,H1a_G6_8xLBH_lrEnYgtGg,4.0,2016-09-16 17:47:43,Definitely one the cleanest locations in the Reno area! The staff is very friendly and helpful. I find myself visiting this location quite frequently to look for some great deals!,1,0,0
aCbHvLKNVQnGiAJ7xrIejA,u-TXTJexhAeGCwYcS5EE5A,hBEYo4aJRsUOGGoOScvJzw,2.0,2014-01-08 20:56:23,"This is a very bare-bones Ross. I hardly find anything I really want here and the shoe selection for men here is offensively small (and it's not much better for women either). This seems like the Ross that attempts to sell all of the crap that the other Ross locations have failed to rid themselves of.  Customer service is scanty and the place is disorganized and often filthy. Clothes are out of order and thrown all over the place (same goes with shoes)  and while it's very possible to unearth something you want to purchase, good luck taking less than 20 minutes to locate it.   Ross isn't somewhere you go to shop fro a wedding or take your kid to find a dress for winter formal or homecoming but a patron should still be allowed to set moderate expectations even for a discount store. I have shopped at several Ross stores in numerous cities over the years and this location is, by far, the worst one I have ever been to.   I like how they have a ""Loss Prevention"" unit, which could be the biggest waste of funds a company of Ross' stature. The guys who actually work security seem to stroll around as if they detest their job (can't blame them) or, on the flip-side, with a God complex because they have been given the opportunity to be a quasi security guard.   I mean, if I was a Loss Prevention agent and someone was running out of Ross with cheap, inexpensive clothing, do you really think I would chase them? Not a chance and I don't expect them too. I applaud Ross for giving these folks employment, but maybe if they paid better attention to the disorganization and filth in the store, I wouldn't have such an issue with shelling money out for door security at a store that should not require it in any way.   If want to go to Ross in the future, this would be a last resort location for me.",1,3,0
42ERTzeZZc4VAFFVFxYgRA,nm1R94P2eXyWjgo-YK34VA,MnrpYPKStFZ6a3yyfGBCYw,2.0,2017-10-31 11:03:14,"I love Ross but this location is horrible. The store is always a mess and there is never enough cashiers. I was there last Thursday. There was about 10+ people in line with one cashier. A customer was so angry and yelled to the cashier ""is there anyone else who can help!"" The innocent cashier answered. My manager is on break... I was in line for at least 20 minutes. Unbelievable!",1,0,0
F3Nhfes5rD1pbcESw60Prw,nm1R94P2eXyWjgo-YK34VA,BmRgnDrHFAQGcClwJbldrg,4.0,2016-06-11 03:49:11,"I love me some Ross! Nice items for less! They have a great selection of home decor/household items!! The wall art selection is fantastic! They normally have fashionable clothes and shoes for women. Also, you will find nice travel bags. You can certainly find unique items for gifts. The fitting rooms are spacious and usually in good condition. The bargains are also pretty good. Sometimes they seem to have periods were they aren't as stocked or filled with merchandise. Not sure why that is. The purses/handbags selection is hit or miss when it comes to style, price, and quality. However, I have seen some great brands. I also really like that this store's closing hour is later around 10:30ish! Overall, glad it's a neighborhood store!",2,0,0
4RtBiwGL2eD_SX2KhxdqRg,q_m6uTVdXS-OuD39e53r5g,V2__oIIoNuhoPQZcbeoO9Q,4.0,2015-05-25 21:54:37,"This is a decent Ross. It's clean and the staff seem friendly. I usually go in for clothing and toys.   They have other items like shoes, pictures, kitchen utensils, and more. The Ross is in a convent location near shopping areas.   The changing rooms are large and roomy. There is enough to where you don't have to wait for someone to be done before going in.   The only down fall is when there is to many people checking out their line seems long.",0,0,0
WdNul8TMgB9wwY0qJyLGJQ,q_m6uTVdXS-OuD39e53r5g,Pj7oG3izwwQrTQi07PBkyw,5.0,2013-06-23 21:06:09,"Love this store, got a few summer dresses.    Nice staff and clean store.",0,0,0
4_3jdSzmGCakGoXRfIN1bw,JhpRvhqHzs2727zo8gVTqQ,v23TUA0o89BztD2iYO9DpA,4.0,2017-04-06 07:56:39,"Ross is hands down one of my favorite places to go. You have to understand when you go to Ross they may not have everything you need. This location is usually well stocked and clean and everyone is friendly. It's one of my favorite locations. As always, the prices are amazing compared to department store.",1,0,2
CrIFdtp8kOcB_y1nlAGuWw,JhpRvhqHzs2727zo8gVTqQ,NXGOYEjESMIDmZ-ge9HDZA,4.0,2016-04-10 05:46:04,Great place to get s really good deal. I always find really nice name brand clothes at Ross. The people here are ok. There friend enough but the prices are always right which is mainly why I go.,0,0,0
NY3ckq32kpuZCgr5frhYYg,ZIv2YOgo4oIjSMq-EGifGw,1gtmcZDv2TqHsCdZogQiNw,3.0,2019-04-03 20:17:07,"Ross is a hit or miss kind of discount store, so you can't really be too disappointed when you don't find anything worth buying when you visit.  That said, I couldn't rate this place any higher than three stars because I strongly dislike the way the store is set up.  When you walk in, there's so much obvious security that really kills any kind of casual shopping vibe you might otherwise get.  It feels more like visiting a three time felon doing time in Leavenworth than a retail shopping experience.  Add to that the fact that this is one of the messier Ross stores I've been to, and it's decidedly not my first choice shopping venue.  I really do like discount retailers; I just wish this one had a better vibe and more organization.",0,0,0
mjEK3JW-1MYS1GvANiv02w,u-TXTJexhAeGCwYcS5EE5A,ZnzpvxOa7eiLESrebeufJQ,3.0,2017-01-24 23:07:28,So I guess we came on a day where they were waiting for their truck from what the manager told us. My daughter wanted a few pair of jeans sadly today the selection was lacking. The cashier was really friendly and of course I'll be back because we'll it's Ross and I can't seem to stay away from deals.,0,0,0
_BBA2m2AvTf7fnsW8VUvnw,u-TXTJexhAeGCwYcS5EE5A,E-XqMyhgNXTyQWWyI1nOvA,1.0,2020-12-01 17:47:50,Staff was very rude laughed at me because my mask wasn't up to their standards and as I was leaving called me a dumb Trumper and yet I never even voted for Trump . They also told me that people like me should die I would avoid this place at all cost they are not professional and extremely rude.,0,0,0
Ctp7Tp4aguzr43bfsw5A6g,brMNsgCN-DQAMUI3wFRL-A,h0eX5-hY2fxt4-0UP9B1uA,5.0,2019-12-24 20:11:17,"Alright, I'm impressed. Not only do they apparently have a decent selection of men's clothes, but also the store is fairly well kept. Unlike other locations, there weren't items all over the floor blocking the aisles. The prices were decent, and I appreciate the late hours. Nicely done, Ross.",0,0,0
1cUwfMHRtdsQ5waRDtNXmw,_8A-0knz2yjMX5XlevSRow,7FeuElNKyHzsuIJab-6eHg,1.0,2020-09-19 21:21:42,"The management at this place really has me perplexed today I went there and bought three items at around 10 came three hours later to return two of them they said one was on the receipt and one was not and then made a big ordeal out of it to where everybody in the store was staring mind you it was over $10 Yes you heard that right over $10 I spent hundreds of dollars at this place each week I will never step foot in this store again if this is how they treat you over $10 forget about it nothing's worth it they could have calmly said we'll go ahead and give you store credit if they could not put it back on my debit card but no they went in and reviewed the tapes to see if I was even there, which they did see that I was there and it even said it on the receipt why I would try to lie over $10 like (they got me)...... I have no idea, this whole team needs to go to some management classes obviously the ones they have aren't working for this group of people",0,0,0
FTjoGH02V3nkFprpmOND4Q,ZIv2YOgo4oIjSMq-EGifGw,m8Kzs2mXRe4S4DO6xLWQ6A,2.0,2019-05-20 17:52:32,"OMG the lady working dressing rooms is bad. She ignores you until you call her several times. Then she mishandles your clothing , drops it on the floor etc.  . She needs some very basic customer training. I watched customers give up and leave waiting for her to let them into dressing rooms.",0,0,0
-7iNAk-JNYTu6oWmpmLM1g,q_m6uTVdXS-OuD39e53r5g,oNk4xC_a5Yjd1aINcy1DSA,5.0,2016-03-03 21:21:21,"It's Ross, what more could you say! Well this place you could say alot as they offer alot of selections on everything. I found a (Houston Texans Hat there for $9.99) when the original price on it is $35.99 so it does offer alot of savings as i will come here to a Ross location before i head over to the mall or any other department stores. I enjoy the warming atmosphere of Ross, The Staff is helpful, and very nice to all customers. I really have never had a bad experience at any of the locations in the Reno/Sparks area.",1,0,0
3ypEYl5E4zbIOPH_P9eW3A,nm1R94P2eXyWjgo-YK34VA,n3Gg5mIokBirc8s_unINnQ,3.0,2012-10-03 02:33:46,"It never fails..everytime I go in to return something I walk out with something else...lol. They have a moderately okay selection, just depends on the day of the week.",1,3,1
zqvCilVqQiITfgntLAAa9A,u-TXTJexhAeGCwYcS5EE5A,0ivXb02LrWVv4m8T12FfKw,1.0,2021-07-14 23:50:03,"Rude employees. And since when does Ross make customers remove their own hangers? So, be rude, make customers do most of their job and they're demanding $15/hr?! Pfft",0,0,0
0rXqk3R64Qp8RSKNveQpcw,ZIv2YOgo4oIjSMq-EGifGw,uWhC9eof98zPkvsalgaqJw,4.0,2016-12-12 01:11:31,"IT ONLY TAKES ONE!  It only takes one good purchase from Ross to keep you coming back.  That is why despite poor reviews, customers continue to return.  I can always find something unexpected at Ross.    Last week it was a pair of leather gloves.  Now there are leather gloves and there are LEATHER gloves!  These were LEATHER gloves and they were beautiful.  I has been several years since I've owned a pair of leather gloves because I kept losing them and it was just difficult to get the perfect fit.  These gloves fit like they were custom designed for me and they did not interfere with my ability to wear my rings.  I was shocked because never in my life would I even think of looking at Ross for leather gloves.  At the time, I was looking at the hats.    I love the Polo thermal tees because they are undeniable quality and actually keep you warm.  I purchase them for my son and myself.    Tonight, I found the king of muffin pans.  A regular pan makes 12 standard muffins and this one makes 24.  It is the perfect pan for a muffin maven and will save me loads of time.  I also scored a really nice pair of Columbia socks which are extremely comfortable and well cushioned.    This store was a bit messy from the holiday rush but not near as bad as a different location I visited a couple of days ago.  The registers were well staffed and our wait was minimal.   Tonight was a good night!",5,2,2
C-vrKyTYC0JSAVeekrgS4Q,u-TXTJexhAeGCwYcS5EE5A,48Sm517m90QeiuEnFno0sA,4.0,2019-04-25 05:58:36,"Friendly staff.  Clean store.   Finding stuff is hit or miss - like any store in this genre.  Good location/easy to access from main road.  Ample parking.  Lots of other stores nearby for other shopping needs.  They take Apple Pay at the registers, which is really convenient.  Make sure you save your receipt if you need to make a return, and don't take the tags off the clothes!",1,1,1
kz9teCRV2Ey28NMNDZtAjA,_8A-0knz2yjMX5XlevSRow,kAteWNTP9xrnpapmV5JRhQ,1.0,2021-08-21 21:51:30,"I am very upset with my shopping experience today. I grabbed five pairs of the clothing because that is a limit for the dressing room . I go inside the dressing room and I find a bunch of price tags all over the floor I gather them and gave them to a store associate and told her ""I think someone is stealing I found these in the dressing room"".  she looks at me and smirks as if I was the one doing it like seriously dummy why would I tell on myself if I was stealing but anyways that's besides the point I go inside the dressing room and I try on my five pairs of clothing mind you I cannot try on five pairs of clothes in under one minute, so of course it took me a few minutes.  just keep that in mind, anyways the clothes didn't fit right so I open the door and there is a manager standing right there in front of the door!!! and I'm looking at her like what's going on and she looks at me and then walks away and pretends like she's looking at the shoes. I'm definitely going to say I was racially profiled. can you guess what my race was !! (Black) I definitely will not be coming back to the store and I am highly disappointed in my experience. Ross is my favorite store and for the manager to do something like that was very degrading. This happened today on August 21, 2021 2:40pm",0,0,0
KNPQ0mtvcupV0s6kEzYANg,brMNsgCN-DQAMUI3wFRL-A,0q3XlN4s-QuOm1ZBywQdCw,1.0,2020-09-05 17:49:30,"I was purchasing and she threw all of my items in the bag she didn't want to fold them, when I asked politely to fold them for me she said I'm not going to you can do it yourself. then I asked to speak to the manager and the manager looked at me and didn't want to come forward to talk to me because you can see the girl is on the microphone explaining her side of the story and I guess the employee gets it from her manager . how rude!!? employees are nasty they're very unpolite.",1,0,0
tXUa8sZrf4RKzvXQh7-5-g,brMNsgCN-DQAMUI3wFRL-A,D-bqLpijiXykkuY1RMs-9g,4.0,2019-01-15 01:33:46,"Usually Ross is a big mess. I like the deals but I can't stand to look through the mess.   THIS Ross, in comparison to the others, is soooo much better. Things appear to actually be on hangers and organized. Their selection of clothes and shoes is pretty extensive as well, and I sometimes luck up and come across some seriously good finds without having to search for a needle in a hay stack. Their home section isn't too bad either, I've seen some great art and bathroom sets too.   Overall, if you're going to go to a Ross, this is the only one I'd suggest.",1,0,1
jqZiD5Yx04VKcsoosKlw9g,brMNsgCN-DQAMUI3wFRL-A,l8L5oZKgvQSfC6tQYSX0AQ,1.0,2020-11-29 21:57:35,I went in Shiraz today my mother purchased something for me and it did not fit I went to go return it and they said because I did not have the receipt from a gift that was given to me that they could not return it I then told them they could keep it all I wanted was store credit for $2.99 I proceeded to purchase two items my total debit with $6.40 as I was selecting my items I heard the manager say we'll just put it in the returned merchandise where they're going to get the store credit so they basically stole and this was the Clearwater Florida Ross 33759 the manager was a twit he was very unprofessional I live in Clearwater I have spent thousands and thousands of dollars at Ross I will be looking for somewhere else to go shopping I know I'm only one person but this location is very unprofessional I'd be careful they don't stick to the return policy,0,0,0
HGjmMfhmMP3Db5Q1T8hOGQ,u-TXTJexhAeGCwYcS5EE5A,rpHUz-yJx9_aFwdK-q-14g,1.0,2017-01-18 02:15:14,"Why even bother writing review for this store, because everyone should be warned of bad experience, and horrible management. This location has the worst customer service, the manager needs to learn to smile. Either she has resting bit@# face or she is one. Over heard her talking unprofessional about employees, the place wasn't that clean, and the bathrooms were gross. There was barely any product, and it seems they don't get much for what I have been told. They should just close it, and open up a store that people can enjoy. Just another waste of space...",0,0,0
T3DNyEh_6v7HY7U3tAjEuQ,ZIv2YOgo4oIjSMq-EGifGw,yK4njGSBfFpZhDuTxNpnLg,1.0,2021-12-20 14:54:07,Fix your hours.   So frustrating to come all the way out only to see the hours are wrong in Google Business profile.,0,0,0
k4dTVi5RYoYHFpsZv7eKkg,ZIv2YOgo4oIjSMq-EGifGw,CmYLbKdKk6A3qN0RbMdClQ,1.0,2019-10-18 04:09:07,"I used to shop here a lot but never again after the other day. I walked into the area where the bathrooms are which already seemed gross and sketchy but I had to go and decided to venture on.. then I opened the women's bathroom and had to immediately leave the store I was so disgusted. The bathroom reeked.. I held my breath and peeked in the stalls. One was clogged, the other had no seat covers and looked too filthy for comfort. I got grossed out and turned to leave when I saw it... human feces in several spots all over the floor by the sinks... I tried not to vomit and ran out thankful that I didn't step in it coming in. I felt so filthy afterwards that we left the store. I can deal with the disorganization and the employees who act like they'd rather be anywhere else. But I cannot and will not bring myself to step foot in this location ever again after this.",2,0,1
ys6fRoAiKFqSBr1Mfzgeow,JhpRvhqHzs2727zo8gVTqQ,HgFDMurejiNuHUEcsZnukg,1.0,2019-08-18 02:36:06,"Waiting in line for over 15 mins, seventeen people ahead of me and one cashier and one doing returns. Way to go Ross about to drop my 50.00 worth of merchandise. I wonder how much more they have lost because of this. I use to really like this store.",0,0,0
bIfYAxxbPuKOSS59qhi63Q,ZIv2YOgo4oIjSMq-EGifGw,07fpYyLKy5-90mi2lTrdJw,2.0,2021-06-01 11:57:58,"Sometimes I can find really awesome stuff here but this particular location doesn't have good inventory. I've been here numerous times and almost every time, we don't find anything good. There are a bunch of other stores worth going to in this shopping plaza so that's why I'm hopeful and keep coming back but I've been to better Ross' that carry stuff worth buying.",0,0,0
0oBOeKjbEPXg3idyb6hiIQ,q_m6uTVdXS-OuD39e53r5g,CCPOLGO90iPXFKzP5QNddg,1.0,2017-12-17 19:43:40,"If I could do a zero star review for this establishment I would. My parents are visiting me from the islands and we were shopping, the manager Ian sees us opening a box that we purchased, and spoke to us in a rude and condescending tone. He could have approached the situation in a professional and nice manner, but he spoke to us very rudely. After that encounter, he followed us throughout the store almost as if he thought we were stealing. Very uncomfortable shopping experience! Apparently Ian is one of the managers, and maybe he should quit his job since he does not have managerial nor employee level customer service. The cashier girl that rung us up was very nice, but that would the only positive about our shopping experience!",2,0,0
QTKYhu3UrDt2R3y79zMGmA,brMNsgCN-DQAMUI3wFRL-A,oU2SSOmsp_A8JYI7Z2JJ5w,3.0,2019-03-01 13:08:19,"Messy and unorganized, it felt like i was at a clearance sale at the thrift store but with way higher prices.   Everything is spread out but there is not a lot of variety.  The sizes weren't organized, like clothes were just hung anywhere.  They didn't have any skirts at all!  It used to be fun to find bargains here but it felt cheap and dirty this time",1,0,0
